M,N,K,L,a_major,b_major,c_major,cta_m,cta_n,cta_k,stages,atom_m,atom_n,atom_k,avg_us,gflops
128,4096,8192,1,m,n,n,16,128,16,3,1,1,1,341.1763381958008,25177.404263804026
128,4096,8192,1,m,n,n,16,128,16,4,1,1,1,347.1769714355469,24742.236089223778
128,4096,8192,1,m,n,n,16,128,16,5,1,1,1,344.4940948486328,24934.92550510722
128,4096,8192,1,m,n,n,16,128,16,6,1,1,1,507.88352966308594,16913.197791033497
128,4096,8192,1,m,n,n,16,128,32,3,1,1,1,602.6649475097656,14253.25071168306
128,4096,8192,1,m,n,n,16,128,32,4,1,1,1,593.0348968505859,14484.703408885936
128,4096,8192,1,m,n,n,16,128,32,5,1,1,1,575.5904006958008,14923.6932749679
128,4096,8192,1,m,n,n,16,128,32,6,1,1,1,960.8396911621094,8940.028884121875
128,4096,8192,1,m,n,n,16,128,64,3,1,1,1,901.3247680664062,9530.343441496469
128,4096,8192,1,m,n,n,16,128,64,4,1,1,1,880.1894378662109,9759.18844564194
128,4096,8192,1,m,n,n,16,128,64,5,1,1,1,883.8758087158203,9718.485908648503
128,4096,8192,1,m,n,n,32,128,16,3,1,1,1,403.41503143310547,21293.045431363378
128,4096,8192,1,m,n,n,32,128,16,4,1,1,1,400.8095932006836,21431.459570128245
128,4096,8192,1,m,n,n,32,128,16,5,1,1,1,402.22721099853516,21355.926096286123
128,4096,8192,1,m,n,n,32,128,16,6,1,1,1,406.7737579345703,21117.22898649154
128,4096,8192,1,m,n,n,32,128,32,3,1,1,1,392.06912994384766,21909.234713863483
128,4096,8192,1,m,n,n,32,128,32,3,2,2,1,196.6489601135254,43681.56631512841
128,4096,8192,1,m,n,n,32,128,32,4,1,1,1,392.2751998901367,21897.72535813061
128,4096,8192,1,m,n,n,32,128,32,4,2,2,1,196.5875244140625,43695.2172707941
128,4096,8192,1,m,n,n,32,128,32,5,1,1,1,768.0204772949219,11184.512452395775
128,4096,8192,1,m,n,n,32,128,32,5,2,2,1,272.75264739990234,31493.496667717685
128,4096,8192,1,m,n,n,32,128,32,6,1,1,1,788.1311798095703,10899.117827156027
128,4096,8192,1,m,n,n,32,128,32,6,2,2,1,264.47872161865234,32478.73605645179
128,4096,8192,1,m,n,n,32,128,64,3,1,1,1,753.3773040771484,11401.902533448712
128,4096,8192,1,m,n,n,32,128,64,3,2,2,1,250.22464752197266,34328.890767028475
128,4096,8192,1,m,n,n,32,128,64,4,1,1,1,744.1613006591797,11543.108442203347
128,4096,8192,1,m,n,n,32,128,64,4,2,2,1,250.14272689819333,34340.13332514783
128,4096,8192,1,m,n,n,32,256,32,3,2,2,1,226.14015579223633,37985.00342368166
128,4096,8192,1,m,n,n,32,256,32,4,2,2,1,226.6111946105957,37906.04699278329
128,4096,8192,1,m,n,n,32,256,32,5,2,2,1,227.2051239013672,37806.95806723534
128,4096,8192,1,m,n,n,64,128,16,3,1,1,1,1149.3170928955078,7473.946611512694
128,4096,8192,1,m,n,n,64,128,16,3,2,2,1,248.8934326171875,34512.49999517592
128,4096,8192,1,m,n,n,64,128,16,4,1,1,1,1161.5475463867188,7395.250085733572
128,4096,8192,1,m,n,n,64,128,16,4,2,2,1,250.44992446899417,34298.01230809889
128,4096,8192,1,m,n,n,64,128,16,5,1,1,1,1160.0466918945312,7404.81797156918
128,4096,8192,1,m,n,n,64,128,16,5,2,2,1,252.27264404296872,34050.20240933023
128,4096,8192,1,m,n,n,64,128,16,6,1,1,1,1160.6835174560547,7400.755212607065
128,4096,8192,1,m,n,n,64,128,16,6,2,2,1,255.4470443725586,33627.06588795738
128,4096,8192,1,m,n,n,64,128,32,3,1,1,1,1513.4719848632812,5675.648229971015
128,4096,8192,1,m,n,n,64,128,32,3,2,2,1,187.12575912475586,45904.607853978734
128,4096,8192,1,m,n,n,64,128,32,4,1,1,1,1521.95068359375,5644.02952381924
128,4096,8192,1,m,n,n,64,128,32,4,2,2,1,210.9440040588379,40721.397274719595
128,4096,8192,1,m,n,n,64,128,32,5,1,1,1,1114.7058868408203,7706.009893196733
128,4096,8192,1,m,n,n,64,128,32,5,2,2,1,207.19615936279297,41457.98174260236
128,4096,8192,1,m,n,n,64,128,32,6,1,1,1,1528.2585144042969,5620.7339995408365
128,4096,8192,1,m,n,n,64,128,32,6,2,2,1,198.18496704101562,43343.017990977394
128,4096,8192,1,m,n,n,64,128,64,3,1,1,1,1635.3240966796875,5252.7414042517585
128,4096,8192,1,m,n,n,64,128,64,3,2,2,1,164.33151245117188,52271.986449052754
128,4096,8192,1,m,n,n,64,128,64,4,1,1,1,1617.5923156738281,5310.321091888815
128,4096,8192,1,m,n,n,64,128,64,4,2,2,1,186.4499282836914,46070.99971060355
128,4096,8192,1,m,n,n,64,256,16,3,2,2,1,417.68959045410156,20565.354723495122
128,4096,8192,1,m,n,n,64,256,16,4,2,2,1,425.8816146850586,20169.770884221656
128,4096,8192,1,m,n,n,64,256,16,5,2,2,1,428.8102340698242,20032.018616890753
128,4096,8192,1,m,n,n,64,256,16,6,2,2,1,411.1155319213867,20894.210811871155
128,4096,8192,1,m,n,n,64,256,32,3,2,2,1,378.8800048828125,22671.91322132944
128,4096,8192,1,m,n,n,64,256,32,4,2,2,1,375.64414978027344,22867.212485605152
128,4096,8192,1,m,n,n,128,128,16,3,1,1,1,4789.490051269531,1793.496697988359
128,4096,8192,1,m,n,n,128,128,16,3,2,2,1,345.76385498046875,24843.356146885922
128,4096,8192,1,m,n,n,128,128,16,4,1,1,1,4616.847229003906,1860.562883267267
128,4096,8192,1,m,n,n,128,128,16,4,2,2,1,349.9046325683594,24549.35943244999
128,4096,8192,1,m,n,n,128,128,16,5,1,1,1,4905.45166015625,1751.099631002457
128,4096,8192,1,m,n,n,128,128,16,5,2,2,1,345.9891128540039,24827.181760556356
128,4096,8192,1,m,n,n,128,128,16,6,1,1,1,4887.961730957031,1757.3653528416942
128,4096,8192,1,m,n,n,128,128,16,6,2,2,1,354.4678497314453,24233.324964472726
128,4096,8192,1,m,n,n,128,128,32,3,1,1,1,4577.0751953125,1876.730056958027
128,4096,8192,1,m,n,n,128,128,32,3,2,2,1,312.238712310791,27510.793035329625
128,4096,8192,1,m,n,n,128,128,32,4,1,1,1,4669.173889160156,1839.7118625078817
128,4096,8192,1,m,n,n,128,128,32,4,2,2,1,314.1632080078125,27342.2678819424
128,4096,8192,1,m,n,n,128,128,32,5,1,1,1,4809.256896972656,1786.1251282723563
128,4096,8192,1,m,n,n,128,128,32,5,2,2,1,319.2627143859863,26905.536427955165
128,4096,8192,1,m,n,n,128,128,32,6,1,1,1,4875.10009765625,1762.0016861048027
128,4096,8192,1,m,n,n,128,128,32,6,2,2,1,322.66239166259766,26622.05083070959
128,4096,8192,1,m,n,n,128,128,64,3,1,1,1,4769.2388916015625,1801.1122502432263
128,4096,8192,1,m,n,n,128,128,64,3,2,2,1,306.114559173584,28061.176231506943
128,4096,8192,1,m,n,n,128,256,16,3,2,2,1,2707.4151611328125,3172.7437724792367
128,4096,8192,1,m,n,n,128,256,16,4,2,2,1,2747.8219604492188,3126.0884859496873
128,4096,8192,1,m,n,n,128,256,16,5,2,2,1,2765.0662231445312,3106.592717418255
128,4096,8192,1,m,n,n,128,256,16,6,2,2,1,2682.2042846679688,3202.5653829209928
128,4096,8192,1,m,n,n,128,256,32,3,2,2,1,2351.9027709960938,3652.334058164289
128,4096,8192,1,m,n,n,128,256,32,4,2,2,1,2429.4400024414062,3535.7673304826444
128,8192,4096,1,m,n,n,16,128,16,3,1,1,1,366.4691162109375,23439.723054467933
128,8192,4096,1,m,n,n,16,128,16,4,1,1,1,346.2963104248047,24805.15770284313
128,8192,4096,1,m,n,n,16,128,16,5,1,1,1,346.4396667480469,24794.893358003235
128,8192,4096,1,m,n,n,16,128,16,6,1,1,1,393.6870574951172,21819.194785458596
128,8192,4096,1,m,n,n,16,128,32,3,1,1,1,459.9193572998047,18677.04512902364
128,8192,4096,1,m,n,n,16,128,32,4,1,1,1,564.4492721557617,15218.25789444827
128,8192,4096,1,m,n,n,16,128,32,5,1,1,1,564.1830444335938,15225.439113690103
128,8192,4096,1,m,n,n,16,128,32,6,1,1,1,852.6643371582031,10074.227591866817
128,8192,4096,1,m,n,n,16,128,64,3,1,1,1,798.6994934082031,10754.901765800689
128,8192,4096,1,m,n,n,16,128,64,4,1,1,1,783.1346893310547,10968.65546760217
128,8192,4096,1,m,n,n,16,128,64,5,1,1,1,789.525146484375,10879.874605957213
128,8192,4096,1,m,n,n,32,128,16,3,1,1,1,206.4409637451172,41609.64198271029
128,8192,4096,1,m,n,n,32,128,16,4,1,1,1,205.29151916503906,41842.617887660206
128,8192,4096,1,m,n,n,32,128,16,5,1,1,1,402.5958251953125,21336.37274512904
128,8192,4096,1,m,n,n,32,128,16,6,1,1,1,409.41566467285156,20980.96221810147
128,8192,4096,1,m,n,n,32,128,32,3,1,1,1,386.9900894165039,22196.78184769986
128,8192,4096,1,m,n,n,32,128,32,3,2,2,1,200.5196762084961,42838.36257080512
128,8192,4096,1,m,n,n,32,128,32,4,1,1,1,391.18846893310547,21958.55776482233
128,8192,4096,1,m,n,n,32,128,32,4,2,2,1,196.3827133178711,43740.78780598202
128,8192,4096,1,m,n,n,32,128,32,5,1,1,1,771.1743927001953,11138.770521053148
128,8192,4096,1,m,n,n,32,128,32,5,2,2,1,269.5372772216797,31869.1895998313
128,8192,4096,1,m,n,n,32,128,32,6,1,1,1,792.4531555175781,10839.674916039197
128,8192,4096,1,m,n,n,32,128,32,6,2,2,1,266.34239196777344,32251.47348319735
128,8192,4096,1,m,n,n,32,128,64,3,1,1,1,758.2720184326172,11328.302222935494
128,8192,4096,1,m,n,n,32,128,64,3,2,2,1,251.4758491516113,34158.089617668404
128,8192,4096,1,m,n,n,32,128,64,4,1,1,1,749.9775695800781,11453.588667737908
128,8192,4096,1,m,n,n,32,128,64,4,2,2,1,251.76063537597653,34119.45072021242
128,8192,4096,1,m,n,n,32,256,32,3,2,2,1,228.14720153808594,37650.84355227576
128,8192,4096,1,m,n,n,32,256,32,4,2,2,1,229.1302490234375,37489.30849859699
128,8192,4096,1,m,n,n,32,256,32,5,2,2,1,230.23616790771484,37309.23195109419
128,8192,4096,1,m,n,n,64,128,16,3,1,1,1,998.8505554199219,8599.819608038111
128,8192,4096,1,m,n,n,64,128,16,3,2,2,1,171.06943130493164,50213.147530071714
128,8192,4096,1,m,n,n,64,128,16,4,1,1,1,1017.4054718017578,8442.980532420172
128,8192,4096,1,m,n,n,64,128,16,4,2,2,1,171.02848052978516,50225.17048266728
128,8192,4096,1,m,n,n,64,128,16,5,1,1,1,1008.9676666259766,8513.587576820022
128,8192,4096,1,m,n,n,64,128,16,5,2,2,1,171.17183685302734,50183.10692883167
128,8192,4096,1,m,n,n,64,128,16,6,1,1,1,999.6697235107422,8592.772582761627
128,8192,4096,1,m,n,n,64,128,16,6,2,2,1,169.9839973449707,50533.78392183191
128,8192,4096,1,m,n,n,64,128,32,3,1,1,1,1008.8038635253906,8514.96995856202
128,8192,4096,1,m,n,n,64,128,32,3,2,2,1,179.71200942993164,47798.33367423979
128,8192,4096,1,m,n,n,64,128,32,4,1,1,1,995.2460479736328,8630.965789303566
128,8192,4096,1,m,n,n,64,128,32,4,2,2,1,181.71903610229492,47270.416882271355
128,8192,4096,1,m,n,n,64,128,32,5,1,1,1,1116.2214660644531,7695.546854412491
128,8192,4096,1,m,n,n,64,128,32,5,2,2,1,209.18272018432617,41064.26469849317
128,8192,4096,1,m,n,n,64,128,32,6,1,1,1,1490.9234619140625,5761.48595915994
128,8192,4096,1,m,n,n,64,128,32,6,2,2,1,191.9424057006836,44752.66713805394
128,8192,4096,1,m,n,n,64,128,64,3,1,1,1,1551.1141967773438,5537.912430849249
128,8192,4096,1,m,n,n,64,128,64,3,2,2,1,189.00991439819336,45447.00535604341
128,8192,4096,1,m,n,n,64,128,64,4,1,1,1,1546.1170959472656,5555.811144263411
128,8192,4096,1,m,n,n,64,128,64,4,2,2,1,190.3206443786621,45134.0138114994
128,8192,4096,1,m,n,n,64,256,16,3,2,2,1,211.98848724365234,40520.75989450796
128,8192,4096,1,m,n,n,64,256,16,4,2,2,1,215.69536209106445,39824.38244719149
128,8192,4096,1,m,n,n,64,256,16,5,2,2,1,217.27231979370117,39535.337958172
128,8192,4096,1,m,n,n,64,256,16,6,2,2,1,208.67071151733398,41165.02277458543
128,8192,4096,1,m,n,n,64,256,32,3,2,2,1,192.81919479370117,44549.16742697967
128,8192,4096,1,m,n,n,64,256,32,4,2,2,1,191.44704818725586,44868.461923727955
128,8192,4096,1,m,n,n,128,128,16,3,1,1,1,2957.41455078125,2904.5419384072575
128,8192,4096,1,m,n,n,128,128,16,3,2,2,1,175.86175918579102,48844.812151145794
128,8192,4096,1,m,n,n,128,128,16,4,1,1,1,2746.7572021484375,3127.300288966637
128,8192,4096,1,m,n,n,128,128,16,4,2,2,1,177.45407104492188,48406.52311563756
128,8192,4096,1,m,n,n,128,128,16,5,1,1,1,2926.8582153320312,2934.8652924157905
128,8192,4096,1,m,n,n,128,128,16,5,2,2,1,177.54112243652344,48382.78858505681
128,8192,4096,1,m,n,n,128,128,16,6,1,1,1,2853.2940673828125,3010.532524563487
128,8192,4096,1,m,n,n,128,128,16,6,2,2,1,179.8963165283203,47749.363398709305
128,8192,4096,1,m,n,n,128,128,32,3,1,1,1,2727.034912109375,3149.9173530402823
128,8192,4096,1,m,n,n,128,128,32,3,2,2,1,159.0272045135498,54015.50394019597
128,8192,4096,1,m,n,n,128,128,32,4,1,1,1,2759.8617553710938,3112.451040448941
128,8192,4096,1,m,n,n,128,128,32,4,2,2,1,170.0044822692871,50527.694783914834
128,8192,4096,1,m,n,n,128,128,32,5,1,1,1,2910.0442504882812,2951.8226709297223
128,8192,4096,1,m,n,n,128,128,32,5,2,2,1,163.47135543823242,52547.03228570038
128,8192,4096,1,m,n,n,128,128,32,6,1,1,1,2882.8671264648438,2979.6498468986074
128,8192,4096,1,m,n,n,128,128,32,6,2,2,1,164.59775924682617,52187.43336061323
128,8192,4096,1,m,n,n,128,128,64,3,1,1,1,2735.8578491210938,3139.7591050863825
128,8192,4096,1,m,n,n,128,128,64,3,2,2,1,176.1484718322754,48765.30862089535
128,8192,4096,1,m,n,n,128,256,16,3,2,2,1,1388.0320739746094,6188.570677191089
128,8192,4096,1,m,n,n,128,256,16,4,2,2,1,1386.3935852050781,6195.884547986681
128,8192,4096,1,m,n,n,128,256,16,5,2,2,1,1395.2000427246094,6156.776325225155
128,8192,4096,1,m,n,n,128,256,16,6,2,2,1,1428.3161926269531,6014.028711808854
128,8192,4096,1,m,n,n,128,256,32,3,2,2,1,1228.3289337158203,6993.18753814141
128,8192,4096,1,m,n,n,128,256,32,4,2,2,1,1231.3190460205078,6976.20541139338
256,2048,8192,1,m,n,n,16,128,16,3,1,1,1,343.18336486816406,25030.160174867087
256,2048,8192,1,m,n,n,16,128,16,4,1,1,1,347.1769714355469,24742.236089223778
256,2048,8192,1,m,n,n,16,128,16,5,1,1,1,345.21087646484375,24883.151654912584
256,2048,8192,1,m,n,n,16,128,16,6,1,1,1,508.3545684814453,16897.526105961468
256,2048,8192,1,m,n,n,16,128,32,3,1,1,1,597.0739364624023,14386.71840692699
256,2048,8192,1,m,n,n,16,128,32,4,1,1,1,594.6982574462891,14444.189947497553
256,2048,8192,1,m,n,n,16,128,32,5,1,1,1,575.5084609985352,14925.818079365934
256,2048,8192,1,m,n,n,16,128,32,6,1,1,1,961.5814208984375,8933.132863542785
256,2048,8192,1,m,n,n,16,128,64,3,1,1,1,901.3657379150391,9529.910258037422
256,2048,8192,1,m,n,n,16,128,64,4,1,1,1,880.0870513916016,9760.323797989664
256,2048,8192,1,m,n,n,16,128,64,5,1,1,1,883.7529754638672,9719.836685688428
256,2048,8192,1,m,n,n,32,128,16,3,1,1,1,403.8451385498047,21270.367702942243
256,2048,8192,1,m,n,n,32,128,16,4,1,1,1,400.7526397705078,21434.505327074206
256,2048,8192,1,m,n,n,32,128,16,5,1,1,1,402.35008239746094,21349.404331709433
256,2048,8192,1,m,n,n,32,128,16,6,1,1,1,407.0604705810547,21102.355086796757
256,2048,8192,1,m,n,n,32,128,32,3,1,1,1,396.00128173828125,21691.683810450697
256,2048,8192,1,m,n,n,32,128,32,3,2,2,1,196.4441680908203,43727.104120640994
256,2048,8192,1,m,n,n,32,128,32,4,1,1,1,391.84383392333984,21921.83173075152
256,2048,8192,1,m,n,n,32,128,32,4,2,2,1,196.4998435974121,43714.714651880415
256,2048,8192,1,m,n,n,32,128,32,5,1,1,1,767.7728271484375,11188.12009003187
256,2048,8192,1,m,n,n,32,128,32,5,2,2,1,272.26112365722656,31550.35311914243
256,2048,8192,1,m,n,n,32,128,32,6,1,1,1,787.8630065917969,10902.827674520538
256,2048,8192,1,m,n,n,32,128,32,6,2,2,1,265.4003143310547,32365.954854465996
256,2048,8192,1,m,n,n,32,128,64,3,1,1,1,753.1929779052734,11404.692879492468
256,2048,8192,1,m,n,n,32,128,64,3,2,2,1,250.28608322143552,34320.464332010946
256,2048,8192,1,m,n,n,32,128,64,4,1,1,1,744.2227172851562,11542.15585266619
256,2048,8192,1,m,n,n,32,128,64,4,2,2,1,249.87648010253906,34376.72320530145
256,2048,8192,1,m,n,n,32,256,32,3,2,2,1,226.07872009277344,37995.32564796476
256,2048,8192,1,m,n,n,32,256,32,4,2,2,1,226.40640258789062,37940.33425651644
256,2048,8192,1,m,n,n,32,256,32,5,2,2,1,227.08223342895508,37827.41812202339
256,2048,8192,1,m,n,n,64,128,16,3,1,1,1,1149.112319946289,7475.278476173247
256,2048,8192,1,m,n,n,64,128,16,3,2,2,1,248.52479934692383,34563.691891403694
256,2048,8192,1,m,n,n,64,128,16,4,1,1,1,1161.4796447753906,7395.682421676137
256,2048,8192,1,m,n,n,64,128,16,4,2,2,1,250.327033996582,34314.84987800914
256,2048,8192,1,m,n,n,64,128,16,5,1,1,1,1160.0281524658203,7404.936314468539
256,2048,8192,1,m,n,n,64,128,16,5,2,2,1,251.90399169921872,34100.03364399502
256,2048,8192,1,m,n,n,64,128,16,6,1,1,1,1160.2738952636719,7403.367969463745
256,2048,8192,1,m,n,n,64,128,16,6,2,2,1,255.098876953125,33672.96122428018
256,2048,8192,1,m,n,n,64,128,32,3,1,1,1,1503.8668823242188,5711.898235782877
256,2048,8192,1,m,n,n,64,128,32,3,2,2,1,208.05631637573242,41286.584044328134
256,2048,8192,1,m,n,n,64,128,32,4,1,1,1,1515.3765869140625,5668.514787794553
256,2048,8192,1,m,n,n,64,128,32,4,2,2,1,194.94911193847656,44062.44535605206
256,2048,8192,1,m,n,n,64,128,32,5,1,1,1,1114.5011138916016,7707.4257575264055
256,2048,8192,1,m,n,n,64,128,32,5,2,2,1,207.03231811523438,41490.790762526434
256,2048,8192,1,m,n,n,64,128,32,6,1,1,1,1512.5299072265625,5679.183301407151
256,2048,8192,1,m,n,n,64,128,32,6,2,2,1,184.07424926757812,46665.59622640811
256,2048,8192,1,m,n,n,64,128,64,3,1,1,1,1628.6131286621094,5274.386188361721
256,2048,8192,1,m,n,n,64,128,64,3,2,2,1,185.75359344482422,46243.706152320185
256,2048,8192,1,m,n,n,64,128,64,4,1,1,1,1613.8444519042969,5322.653358484511
256,2048,8192,1,m,n,n,64,128,64,4,2,2,1,164.2905616760254,52285.01567204462
256,2048,8192,1,m,n,n,64,256,16,3,2,2,1,417.628173828125,20568.37907572584
256,2048,8192,1,m,n,n,64,256,16,4,2,2,1,425.8201599121094,20172.68180485628
256,2048,8192,1,m,n,n,64,256,16,5,2,2,1,428.74881744384766,20034.888126834325
256,2048,8192,1,m,n,n,64,256,16,6,2,2,1,411.0335922241211,20898.37608045484
256,2048,8192,1,m,n,n,64,256,32,3,2,2,1,378.5523223876953,22691.538484877125
256,2048,8192,1,m,n,n,64,256,32,4,2,2,1,375.50079345703125,22875.94258567912
256,2048,8192,1,m,n,n,128,128,16,3,1,1,1,4669.6417236328125,1839.5275484469807
256,2048,8192,1,m,n,n,128,128,16,3,2,2,1,347.7503967285156,24701.437217068233
256,2048,8192,1,m,n,n,128,128,16,4,1,1,1,4476.1907958984375,1919.0278037010874
256,2048,8192,1,m,n,n,128,128,16,4,2,2,1,350.3104019165039,24520.92357236769
256,2048,8192,1,m,n,n,128,128,16,5,1,1,1,4754.985046386719,1806.5113787323965
256,2048,8192,1,m,n,n,128,128,16,5,2,2,1,349.2454528808594,24595.694864867277
256,2048,8192,1,m,n,n,128,128,16,6,1,1,1,4632.965087890625,1854.0900760188918
256,2048,8192,1,m,n,n,128,128,16,6,2,2,1,353.23902130126953,24317.626519166017
256,2048,8192,1,m,n,n,128,128,32,3,1,1,1,4352.511901855469,1973.5579788623038
256,2048,8192,1,m,n,n,128,128,32,3,2,2,1,312.4633598327637,27491.01397551859
256,2048,8192,1,m,n,n,128,128,32,4,1,1,1,4638.126220703125,1852.026914157113
256,2048,8192,1,m,n,n,128,128,32,4,2,2,1,314.019832611084,27354.751833903116
256,2048,8192,1,m,n,n,128,128,32,5,1,1,1,4836.884460449219,1775.9230476227299
256,2048,8192,1,m,n,n,128,128,32,5,2,2,1,319.4265556335449,26891.735957778707
256,2048,8192,1,m,n,n,128,128,32,6,1,1,1,4480.942077636719,1916.9929990548762
256,2048,8192,1,m,n,n,128,128,32,6,2,2,1,323.0924987792969,26586.611030755466
256,2048,8192,1,m,n,n,128,128,64,3,1,1,1,4408.9752197265625,1948.2837085513795
256,2048,8192,1,m,n,n,128,128,64,3,2,2,1,306.1759948730469,28055.545620295085
256,2048,8192,1,m,n,n,128,256,16,3,2,2,1,2584.1253662109375,3324.1168189124223
256,2048,8192,1,m,n,n,128,256,16,4,2,2,1,2583.900146484375,3324.4065579265384
256,2048,8192,1,m,n,n,128,256,16,5,2,2,1,2637.6602172851562,3256.6494106057735
256,2048,8192,1,m,n,n,128,256,16,6,2,2,1,2717.4053955078125,3161.0795379298806
256,2048,8192,1,m,n,n,128,256,32,3,2,2,1,2374.8403930664062,3617.057641885833
256,2048,8192,1,m,n,n,128,256,32,4,2,2,1,2396.7129516601562,3584.0481381176332
256,3072,8192,1,m,n,n,16,128,16,3,1,1,1,492.4415969848633,26165.340147729352
256,3072,8192,1,m,n,n,16,128,16,4,1,1,1,498.4012985229492,25852.46452243484
256,3072,8192,1,m,n,n,16,128,16,5,1,1,1,678.0255889892578,19003.56284075901
256,3072,8192,1,m,n,n,16,128,16,6,1,1,1,553.5948944091797,23274.965174220626
256,3072,8192,1,m,n,n,16,128,32,3,1,1,1,699.0847778320312,18431.1006283931
256,3072,8192,1,m,n,n,16,128,32,4,1,1,1,870.8505249023438,14795.767493445443
256,3072,8192,1,m,n,n,16,128,32,5,1,1,1,836.2393951416016,15408.149822716952
256,3072,8192,1,m,n,n,16,128,32,6,1,1,1,1218.6617279052734,10572.992974964045
256,3072,8192,1,m,n,n,16,128,64,3,1,1,1,1132.3187255859375,11379.218233216525
256,3072,8192,1,m,n,n,16,128,64,4,1,1,1,1104.382095336914,11667.068800195642
256,3072,8192,1,m,n,n,16,128,64,5,1,1,1,1109.2582702636719,11615.78167448528
256,3072,8192,1,m,n,n,32,128,16,3,1,1,1,405.1353454589844,31803.94411996437
256,3072,8192,1,m,n,n,32,128,16,4,1,1,1,402.88257598876953,31981.77994264803
256,3072,8192,1,m,n,n,32,128,16,5,1,1,1,404.60289001464844,31845.79795644443
256,3072,8192,1,m,n,n,32,128,16,6,1,1,1,408.28929901123047,31558.2649831966
256,3072,8192,1,m,n,n,32,128,32,3,1,1,1,401.2236785888672,32114.01164885666
256,3072,8192,1,m,n,n,32,128,32,3,2,2,1,286.55616760253906,44964.66433021152
256,3072,8192,1,m,n,n,32,128,32,4,1,1,1,772.4237060546875,16681.132113114807
256,3072,8192,1,m,n,n,32,128,32,4,2,2,1,324.3008041381836,39731.32882676968
256,3072,8192,1,m,n,n,32,128,32,5,1,1,1,1149.9110412597656,11205.129288857132
256,3072,8192,1,m,n,n,32,128,32,5,2,2,1,401.16222381591797,32118.93125289015
256,3072,8192,1,m,n,n,32,128,32,6,1,1,1,1182.1260833740234,10899.769550151472
256,3072,8192,1,m,n,n,32,128,32,6,2,2,1,396.6348648071289,32485.550392211546
256,3072,8192,1,m,n,n,32,128,64,3,1,1,1,1130.598373413086,11396.533190740982
256,3072,8192,1,m,n,n,32,128,64,3,2,2,1,373.26847076416016,34519.12737666233
256,3072,8192,1,m,n,n,32,128,64,4,1,1,1,1117.306900024414,11532.106252739026
256,3072,8192,1,m,n,n,32,128,64,4,2,2,1,373.0022430419922,34543.76516054739
256,3072,8192,1,m,n,n,32,256,32,3,2,2,1,449.86366271972656,28641.792960343042
256,3072,8192,1,m,n,n,32,256,32,4,2,2,1,449.6793746948242,28653.530966912513
256,3072,8192,1,m,n,n,32,256,32,5,2,2,1,451.2153625488281,28555.991124095788
256,3072,8192,1,m,n,n,64,128,16,3,1,1,1,1986.7237854003906,6485.502404856579
256,3072,8192,1,m,n,n,64,128,16,3,2,2,1,296.89855575561523,43398.33130951937
256,3072,8192,1,m,n,n,64,128,16,4,1,1,1,1981.4399719238281,6502.796991366706
256,3072,8192,1,m,n,n,64,128,16,4,2,2,1,295.546875,43596.813155273594
256,3072,8192,1,m,n,n,64,128,16,5,1,1,1,1967.9437255859375,6547.3934648022705
256,3072,8192,1,m,n,n,64,128,16,5,2,2,1,295.3830337524414,43620.9951679173
256,3072,8192,1,m,n,n,64,128,16,6,1,1,1,2020.5158996582031,6377.0356324242
256,3072,8192,1,m,n,n,64,128,16,6,2,2,1,293.2326316833496,43940.88684479666
256,3072,8192,1,m,n,n,64,128,32,3,1,1,1,1944.4551086425781,6626.484628382568
256,3072,8192,1,m,n,n,64,128,32,3,2,2,1,311.13216400146484,41412.95365380269
256,3072,8192,1,m,n,n,64,128,32,4,1,1,1,1911.5213012695312,6740.653049193085
256,3072,8192,1,m,n,n,64,128,32,4,2,2,1,314.3065643310547,40994.695466902536
256,3072,8192,1,m,n,n,64,128,32,5,1,1,1,2219.806671142578,5804.515346089976
256,3072,8192,1,m,n,n,64,128,32,5,2,2,1,361.4924621582031,35643.62534995562
256,3072,8192,1,m,n,n,64,128,32,6,1,1,1,2921.820068359375,4409.888900254892
256,3072,8192,1,m,n,n,64,128,32,6,2,2,1,363.13087463378906,35482.804652714236
256,3072,8192,1,m,n,n,64,128,64,3,1,1,1,3018.157958984375,4269.127747156028
256,3072,8192,1,m,n,n,64,128,64,3,2,2,1,324.1779327392578,39746.38797627092
256,3072,8192,1,m,n,n,64,128,64,4,1,1,1,3007.2012329101562,4284.68229760963
256,3072,8192,1,m,n,n,64,128,64,4,2,2,1,325.7344055175781,39556.46584991978
256,3072,8192,1,m,n,n,64,256,16,3,2,2,1,418.4415817260742,30792.594356540038
256,3072,8192,1,m,n,n,64,256,16,4,2,2,1,426.43455505371094,30215.426342213523
256,3072,8192,1,m,n,n,64,256,16,5,2,2,1,429.66529846191406,29988.230220416855
256,3072,8192,1,m,n,n,64,256,16,6,2,2,1,412.36480712890625,31246.36648241456
256,3072,8192,1,m,n,n,64,256,32,3,2,2,1,378.5318374633789,34039.14971682283
256,3072,8192,1,m,n,n,64,256,32,4,2,2,1,376.1356735229492,34255.99536283775
256,3072,8192,1,m,n,n,128,128,16,3,1,1,1,4600.729675292969,2800.621379081462
256,3072,8192,1,m,n,n,128,128,16,3,2,2,1,348.3647918701172,36986.80862331217
256,3072,8192,1,m,n,n,128,128,16,4,1,1,1,4579.798889160156,2813.420894637326
256,3072,8192,1,m,n,n,128,128,16,4,2,2,1,350.6175994873047,36749.158932241626
256,3072,8192,1,m,n,n,128,128,16,5,1,1,1,4634.705810546875,2780.0905633921216
256,3072,8192,1,m,n,n,128,128,16,5,2,2,1,349.8195266723633,36832.99789056042
256,3072,8192,1,m,n,n,128,128,16,6,1,1,1,4854.763488769531,2654.074069273714
256,3072,8192,1,m,n,n,128,128,16,6,2,2,1,353.7715148925781,36421.535781117
256,3072,8192,1,m,n,n,128,128,32,3,1,1,1,5021.634521484375,2565.8780687590292
256,3072,8192,1,m,n,n,128,128,32,3,2,2,1,313.07775497436523,41155.596918902826
256,3072,8192,1,m,n,n,128,128,32,4,1,1,1,4836.6387939453125,2664.0198776327493
256,3072,8192,1,m,n,n,128,128,32,4,2,2,1,314.5318412780762,40965.3338614087
256,3072,8192,1,m,n,n,128,128,32,5,1,1,1,4866.662292480469,2647.584959389641
256,3072,8192,1,m,n,n,128,128,32,5,2,2,1,320.5324935913086,40198.42651094448
256,3072,8192,1,m,n,n,128,128,32,6,1,1,1,4650.537109375,2770.6266147248616
256,3072,8192,1,m,n,n,128,128,32,6,2,2,1,323.4815979003906,39831.94707714915
256,3072,8192,1,m,n,n,128,128,64,3,1,1,1,4695.552062988281,2744.065386807779
256,3072,8192,1,m,n,n,128,128,64,3,2,2,1,307.24096298217773,41937.447933163196
256,3072,8192,1,m,n,n,128,256,16,3,2,2,1,2667.6837158203125,4829.99607921582
256,3072,8192,1,m,n,n,128,256,16,4,2,2,1,2597.2122192382812,4961.050850045256
256,3072,8192,1,m,n,n,128,256,16,5,2,2,1,2563.1130981445312,5027.051633939813
256,3072,8192,1,m,n,n,128,256,16,6,2,2,1,2718.0645751953125,4740.469378684326
256,3072,8192,1,m,n,n,128,256,32,3,2,2,1,2355.548095703125,5470.022841607015
256,3072,8192,1,m,n,n,128,256,32,4,2,2,1,2419.998779296875,5324.342308860039
256,3584,8192,1,m,n,n,16,128,16,3,1,1,1,535.3676986694336,28078.618813500456
256,3584,8192,1,m,n,n,16,128,16,4,1,1,1,741.02783203125,20285.85821775999
256,3584,8192,1,m,n,n,16,128,16,5,1,1,1,791.3676452636719,18995.451262088725
256,3584,8192,1,m,n,n,16,128,16,6,1,1,1,691.3638305664062,21743.089342241958
256,3584,8192,1,m,n,n,16,128,32,3,1,1,1,771.3791656494141,19487.673773693943
256,3584,8192,1,m,n,n,16,128,32,4,1,1,1,926.3922882080078,16226.803404288163
256,3584,8192,1,m,n,n,16,128,32,5,1,1,1,903.5980987548828,16636.14117461507
256,3584,8192,1,m,n,n,16,128,32,6,1,1,1,1458.4806823730469,10306.88011002058
256,3584,8192,1,m,n,n,16,128,64,3,1,1,1,1357.0661926269531,11077.120348050912
256,3584,8192,1,m,n,n,16,128,64,4,1,1,1,1323.2333374023438,11360.34372101769
256,3584,8192,1,m,n,n,16,128,64,5,1,1,1,1328.5580444335938,11314.812776892093
256,3584,8192,1,m,n,n,32,128,16,3,1,1,1,405.8726501464844,37037.19758050864
256,3584,8192,1,m,n,n,32,128,16,4,1,1,1,403.41503143310547,37262.829504885915
256,3584,8192,1,m,n,n,32,128,16,5,1,1,1,405.0124740600586,37115.85814952177
256,3584,8192,1,m,n,n,32,128,16,6,1,1,1,408.73985290527344,36777.391363116716
256,3584,8192,1,m,n,n,32,128,32,3,1,1,1,392.2739028930664,38321.14607965093
256,3584,8192,1,m,n,n,32,128,32,3,2,2,1,287.7235221862793,52245.93881576239
256,3584,8192,1,m,n,n,32,128,32,4,1,1,1,820.3878021240234,18323.51175514852
256,3584,8192,1,m,n,n,32,128,32,4,2,2,1,325.93921661376953,46120.211284096666
256,3584,8192,1,m,n,n,32,128,32,5,1,1,1,1151.7132568359375,13052.19458643548
256,3584,8192,1,m,n,n,32,128,32,5,2,2,1,405.77022552490234,37046.54651916409
256,3584,8192,1,m,n,n,32,128,32,6,1,1,1,1183.8873291015625,12697.479875393119
256,3584,8192,1,m,n,n,32,128,32,6,2,2,1,398.23360443115234,37747.65707548128
256,3584,8192,1,m,n,n,32,128,64,3,1,1,1,1131.436767578125,13286.103091891986
256,3584,8192,1,m,n,n,32,128,64,3,2,2,1,375.82847595214844,39997.99509048901
256,3584,8192,1,m,n,n,32,128,64,4,1,1,1,1117.675552368164,13449.686274472888
256,3584,8192,1,m,n,n,32,128,64,4,2,2,1,376.07425689697266,39971.854654540184
256,3584,8192,1,m,n,n,32,256,32,3,2,2,1,453.0995178222656,33176.785550887864
256,3584,8192,1,m,n,n,32,256,32,4,2,2,1,450.4780960083008,33369.8478776269
256,3584,8192,1,m,n,n,32,256,32,5,2,2,1,452.09598541259766,33250.42915893392
256,3584,8192,1,m,n,n,64,128,16,3,1,1,1,2050.6008911132812,7330.722229345587
256,3584,8192,1,m,n,n,64,128,16,3,2,2,1,336.17919921875,44715.394560204506
256,3584,8192,1,m,n,n,64,128,16,4,1,1,1,2014.3717956542969,7462.567520271135
256,3584,8192,1,m,n,n,64,128,16,4,2,2,1,296.52992248535156,50694.329294011106
256,3584,8192,1,m,n,n,64,128,16,5,1,1,1,2040.3404235839844,7367.58697825272
256,3584,8192,1,m,n,n,64,128,16,5,2,2,1,296.48895263671875,50701.33440829698
256,3584,8192,1,m,n,n,64,128,16,6,1,1,1,1991.331787109375,7548.910549869276
256,3584,8192,1,m,n,n,64,128,16,6,2,2,1,294.46144104003906,51050.43798911515
256,3584,8192,1,m,n,n,64,128,32,3,1,1,1,2021.6217041015625,7435.805376199503
256,3584,8192,1,m,n,n,64,128,32,3,2,2,1,311.5417671203613,48251.589746527876
256,3584,8192,1,m,n,n,64,128,32,4,1,1,1,1945.927734375,7725.048197038086
256,3584,8192,1,m,n,n,64,128,32,4,2,2,1,314.96192932128906,47727.62717193556
256,3584,8192,1,m,n,n,64,128,32,5,1,1,1,2222.018585205078,6765.193430914804
256,3584,8192,1,m,n,n,64,128,32,5,2,2,1,362.1683120727539,41506.62836835994
256,3584,8192,1,m,n,n,64,128,32,6,1,1,1,2951.4138793945312,5093.282796069192
256,3584,8192,1,m,n,n,64,128,32,6,2,2,1,364.1279983520508,41283.245463223626
256,3584,8192,1,m,n,n,64,128,64,3,1,1,1,3053.9572143554688,4922.264616327493
256,3584,8192,1,m,n,n,64,128,64,3,2,2,1,325.46817779541016,46186.95946812159
256,3584,8192,1,m,n,n,64,128,64,4,1,1,1,3053.5885620117188,4922.858869400727
256,3584,8192,1,m,n,n,64,128,64,4,2,2,1,326.7174530029297,46010.35358789114
256,3584,8192,1,m,n,n,64,256,16,3,2,2,1,418.6111831665039,35910.13843034581
256,3584,8192,1,m,n,n,64,256,16,4,2,2,1,426.5779113769531,35239.48412489734
256,3584,8192,1,m,n,n,64,256,16,5,2,2,1,429.5475387573242,34995.86001467616
256,3584,8192,1,m,n,n,64,256,16,6,2,2,1,412.13951110839844,36474.021856269625
256,3584,8192,1,m,n,n,64,256,32,3,2,2,1,378.721923828125,39692.40910072619
256,3584,8192,1,m,n,n,64,256,32,4,2,2,1,376.19712829589844,39958.79927125933
256,3584,8192,1,m,n,n,128,128,16,3,1,1,1,4861.1737060546875,3092.336634108933
256,3584,8192,1,m,n,n,128,128,16,3,2,2,1,348.38462829589844,43148.81976719229
256,3584,8192,1,m,n,n,128,128,16,4,1,1,1,4906.270751953125,3063.912754919976
256,3584,8192,1,m,n,n,128,128,16,4,2,2,1,350.8224105834961,42848.98878323589
256,3584,8192,1,m,n,n,128,128,16,5,1,1,1,4741.4886474609375,3170.3936577070217
256,3584,8192,1,m,n,n,128,128,16,5,2,2,1,349.82398986816406,42971.28262034048
256,3584,8192,1,m,n,n,128,128,16,6,1,1,1,4981.0430908203125,3017.9191912038573
256,3584,8192,1,m,n,n,128,128,16,6,2,2,1,353.0547332763672,42578.05977135228
256,3584,8192,1,m,n,n,128,128,32,3,1,1,1,4798.25927734375,3132.8831284668977
256,3584,8192,1,m,n,n,128,128,32,3,2,2,1,313.15967559814453,48002.30268245005
256,3584,8192,1,m,n,n,128,128,32,4,1,1,1,5006.84814453125,3002.364981334452
256,3584,8192,1,m,n,n,128,128,32,4,2,2,1,315.43296813964844,47656.35508760412
256,3584,8192,1,m,n,n,128,128,32,5,1,1,1,5098.374938964844,2948.466073201773
256,3584,8192,1,m,n,n,128,128,32,5,2,2,1,320.94207763671875,46838.31315199337
256,3584,8192,1,m,n,n,128,128,32,6,1,1,1,4964.700012207031,3027.853747263459
256,3584,8192,1,m,n,n,128,128,32,6,2,2,1,323.8297653198242,46420.64178737108
256,3584,8192,1,m,n,n,128,128,64,3,1,1,1,5224.775390625,2877.1352665175127
256,3584,8192,1,m,n,n,128,128,64,3,2,2,1,308.0806350708008,48793.672255789046
256,3584,8192,1,m,n,n,128,256,16,3,2,2,1,2659.6762084960938,5651.960749199625
256,3584,8192,1,m,n,n,128,256,16,4,2,2,1,2656.5017700195312,5658.71466966479
256,3584,8192,1,m,n,n,128,256,16,5,2,2,1,2709.091796875,5548.865325767184
256,3584,8192,1,m,n,n,128,256,16,6,2,2,1,2838.2821655273438,5296.297076653417
256,3584,8192,1,m,n,n,128,256,32,3,2,2,1,2433.3311462402344,6177.69823857583
256,3584,8192,1,m,n,n,128,256,32,4,2,2,1,2433.290252685547,6177.802060156705
256,4608,8192,1,m,n,n,16,128,16,3,1,1,1,809.2262268066406,23883.744979780728
256,4608,8192,1,m,n,n,16,128,16,4,1,1,1,798.1670379638672,24214.671757561286
256,4608,8192,1,m,n,n,16,128,16,5,1,1,1,804.2291259765625,24032.147316886974
256,4608,8192,1,m,n,n,16,128,16,6,1,1,1,952.0333099365234,20301.13088510385
256,4608,8192,1,m,n,n,16,128,32,3,1,1,1,1068.9945220947266,18079.936269577396
256,4608,8192,1,m,n,n,16,128,32,4,1,1,1,1201.418228149414,16087.11469424814
256,4608,8192,1,m,n,n,16,128,32,5,1,1,1,1187.799072265625,16271.567543098625
256,4608,8192,1,m,n,n,16,128,32,6,1,1,1,1941.5245056152344,9954.730303996605
256,4608,8192,1,m,n,n,16,128,64,3,1,1,1,1795.5839538574219,10763.825768480156
256,4608,8192,1,m,n,n,16,128,64,4,1,1,1,1758.3103942871094,10992.00283112476
256,4608,8192,1,m,n,n,16,128,64,5,1,1,1,1765.4988098144531,10947.247726568125
256,4608,8192,1,m,n,n,32,128,16,3,1,1,1,406.8134307861328,47509.13162982725
256,4608,8192,1,m,n,n,32,128,16,4,1,1,1,404.1932678222656,47817.10723717136
256,4608,8192,1,m,n,n,32,128,16,5,1,1,1,1010.7071685791016,19122.60388849451
256,4608,8192,1,m,n,n,32,128,16,6,1,1,1,982.2207641601562,19677.19838271366
256,4608,8192,1,m,n,n,32,128,32,3,1,1,1,911.646728515625,21200.485042566288
256,4608,8192,1,m,n,n,32,128,32,3,2,2,1,468.5209655761719,41251.84197089633
256,4608,8192,1,m,n,n,32,128,32,4,1,1,1,909.8445129394531,21242.47885999634
256,4608,8192,1,m,n,n,32,128,32,4,2,2,1,389.81632232666016,49580.665880388595
256,4608,8192,1,m,n,n,32,128,32,5,1,1,1,1532.0063781738281,12615.713033152291
256,4608,8192,1,m,n,n,32,128,32,5,2,2,1,472.53185272216797,40901.69312536017
256,4608,8192,1,m,n,n,32,128,32,6,1,1,1,1575.0349426269531,12271.062888144244
256,4608,8192,1,m,n,n,32,128,32,6,2,2,1,528.2611083984375,36586.741906092524
256,4608,8192,1,m,n,n,32,128,64,3,1,1,1,1506.9183349609375,12825.746680228036
256,4608,8192,1,m,n,n,32,128,64,3,2,2,1,497.9302215576172,38815.38415471247
256,4608,8192,1,m,n,n,32,128,64,4,1,1,1,1488.0152893066406,12988.678927489933
256,4608,8192,1,m,n,n,32,128,64,4,2,2,1,461.4553451538086,41883.47374231403
256,4608,8192,1,m,n,n,32,256,32,3,2,2,1,455.7209777832031,42410.49627782214
256,4608,8192,1,m,n,n,32,256,32,4,2,2,1,451.8502426147461,42773.80204591098
256,4608,8192,1,m,n,n,32,256,32,5,2,2,1,453.7958526611328,42590.41310902525
256,4608,8192,1,m,n,n,64,128,16,3,1,1,1,2045.5218505859375,9448.617146995375
256,4608,8192,1,m,n,n,64,128,16,3,2,2,1,297.6153564453125,64940.71093254036
256,4608,8192,1,m,n,n,64,128,16,4,1,1,1,2078.883819580078,9296.985550594169
256,4608,8192,1,m,n,n,64,128,16,4,2,2,1,297.574405670166,64949.64776447408
256,4608,8192,1,m,n,n,64,128,16,5,1,1,1,2096.5785217285156,9218.52085752822
256,4608,8192,1,m,n,n,64,128,16,5,2,2,1,297.6019287109375,64943.641043310476
256,4608,8192,1,m,n,n,64,128,16,6,1,1,1,2036.4697265624998,9490.616324861356
256,4608,8192,1,m,n,n,64,128,16,6,2,2,1,295.8950424194336,65318.271891163764
256,4608,8192,1,m,n,n,64,128,32,3,1,1,1,2028.7487792968748,9526.735409151293
256,4608,8192,1,m,n,n,64,128,32,3,2,2,1,337.8585433959961,57205.45834872337
256,4608,8192,1,m,n,n,64,128,32,4,1,1,1,2003.0668640136716,9648.88051379002
256,4608,8192,1,m,n,n,64,128,32,4,2,2,1,314.94144439697266,61368.08341946432
256,4608,8192,1,m,n,n,64,128,32,5,1,1,1,2224.312286376953,8689.136390772335
256,4608,8192,1,m,n,n,64,128,32,5,2,2,1,362.8441619873047,53266.26374844701
256,4608,8192,1,m,n,n,64,128,32,6,1,1,1,2998.3334350585938,6446.0318542331515
256,4608,8192,1,m,n,n,64,128,32,6,2,2,1,364.8102569580078,52979.192507256485
256,4608,8192,1,m,n,n,64,128,64,3,1,1,1,3089.4522094726562,6255.915781037124
256,4608,8192,1,m,n,n,64,128,64,3,2,2,1,326.5740966796875,59182.1366988478
256,4608,8192,1,m,n,n,64,128,64,4,1,1,1,3137.86376953125,6159.398320497266
256,4608,8192,1,m,n,n,64,128,64,4,2,2,1,328.00769805908203,58923.47327933347
256,4608,8192,1,m,n,n,64,256,16,3,2,2,1,647.8233337402344,29834.295594776966
256,4608,8192,1,m,n,n,64,256,16,4,2,2,1,663.7567901611328,29118.12446740939
256,4608,8192,1,m,n,n,64,256,16,5,2,2,1,429.7932815551758,44968.95056634059
256,4608,8192,1,m,n,n,64,256,16,6,2,2,1,412.54913330078125,46848.608497521236
256,4608,8192,1,m,n,n,64,256,32,3,2,2,1,379.84256744384766,50882.535262078476
256,4608,8192,1,m,n,n,64,256,32,4,2,2,1,376.995849609375,51266.752278642
256,4608,8192,1,m,n,n,128,128,16,3,1,1,1,6150.2093505859375,3142.552022258992
256,4608,8192,1,m,n,n,128,128,16,3,2,2,1,349.0611267089844,55369.53660300708
256,4608,8192,1,m,n,n,128,128,16,4,1,1,1,5861.97021484375,3297.0745540567655
256,4608,8192,1,m,n,n,128,128,16,4,2,2,1,351.39583587646484,55001.65584999886
256,4608,8192,1,m,n,n,128,128,16,5,1,1,1,5893.52783203125,3279.419964211602
256,4608,8192,1,m,n,n,128,128,16,5,2,2,1,349.2659378051758,55337.06766097816
256,4608,8192,1,m,n,n,128,128,16,6,1,1,1,5780.745849609375,3343.401238320487
256,4608,8192,1,m,n,n,128,128,16,6,2,2,1,353.83296966552734,54622.814969079445
256,4608,8192,1,m,n,n,128,128,32,3,1,1,1,6354.9237060546875,3041.319412471587
256,4608,8192,1,m,n,n,128,128,32,3,2,2,1,313.30432891845703,61688.751313200926
256,4608,8192,1,m,n,n,128,128,32,4,1,1,1,6308.5772705078125,3063.66269338637
256,4608,8192,1,m,n,n,128,128,32,4,2,2,1,314.79808807373047,61396.029913222475
256,4608,8192,1,m,n,n,128,128,32,5,1,1,1,6190.244140625,3122.2278787292885
256,4608,8192,1,m,n,n,128,128,32,5,2,2,1,321.54048919677734,60108.613009455206
256,4608,8192,1,m,n,n,128,128,32,6,1,1,1,5969.69482421875,3237.5780339038283
256,4608,8192,1,m,n,n,128,128,32,6,2,2,1,324.29759979248047,59597.582110899566
256,4608,8192,1,m,n,n,128,128,64,3,1,1,1,6190.8172607421875,3121.938835856211
256,4608,8192,1,m,n,n,128,128,64,3,2,2,1,308.2841682434082,62693.30320180418
256,4608,8192,1,m,n,n,128,256,16,3,2,2,1,2746.5728759765625,7036.897874092648
256,4608,8192,1,m,n,n,128,256,16,4,2,2,1,2770.0839233398438,6977.1723048366475
256,4608,8192,1,m,n,n,128,256,16,5,2,2,1,2752.67578125,7021.296501262265
256,4608,8192,1,m,n,n,128,256,16,6,2,2,1,2788.8229370117188,6930.290401551867
256,4608,8192,1,m,n,n,128,256,32,3,2,2,1,2435.0515747070312,7937.14311136319
256,4608,8192,1,m,n,n,128,256,32,4,2,2,1,2478.7557983398438,7797.199242032866
256,8192,2048,1,m,n,n,16,128,16,3,1,1,1,323.6249542236328,26542.86846515595
256,8192,2048,1,m,n,n,16,128,16,4,1,1,1,303.1654357910156,28334.148876791463
256,8192,2048,1,m,n,n,16,128,16,5,1,1,1,353.0137634277344,24333.1435822571
256,8192,2048,1,m,n,n,16,128,16,6,1,1,1,344.7398376464844,24917.151004777705
256,8192,2048,1,m,n,n,16,128,32,3,1,1,1,396.6156768798828,21658.081343571066
256,8192,2048,1,m,n,n,16,128,32,4,1,1,1,514.2937469482422,16702.389719827723
256,8192,2048,1,m,n,n,16,128,32,5,1,1,1,506.3475036621093,16964.504672925472
256,8192,2048,1,m,n,n,16,128,32,6,1,1,1,811.6000366210938,10583.950473637453
256,8192,2048,1,m,n,n,16,128,64,3,1,1,1,759.0297698974609,11316.992999049871
256,8192,2048,1,m,n,n,16,128,64,4,1,1,1,750.2438354492188,11449.523722986221
256,8192,2048,1,m,n,n,16,128,64,5,1,1,1,762.1043395996094,11271.336673549107
256,8192,2048,1,m,n,n,32,128,16,3,1,1,1,214.44608688354492,40056.3830137165
256,8192,2048,1,m,n,n,32,128,16,4,1,1,1,206.92991256713867,41511.32373968884
256,8192,2048,1,m,n,n,32,128,16,5,1,1,1,306.3808059692383,28036.790897607534
256,8192,2048,1,m,n,n,32,128,16,6,1,1,1,311.2550354003906,27597.736952111074
256,8192,2048,1,m,n,n,32,128,32,3,1,1,1,295.3215980529785,29086.713090517107
256,8192,2048,1,m,n,n,32,128,32,3,2,2,1,176.47615432739258,48674.76076152615
256,8192,2048,1,m,n,n,32,128,32,4,1,1,1,394.8953628540039,21752.432163088655
256,8192,2048,1,m,n,n,32,128,32,4,2,2,1,182.68159866333008,47021.345635532096
256,8192,2048,1,m,n,n,32,128,32,5,1,1,1,683.8272094726562,12561.557178492882
256,8192,2048,1,m,n,n,32,128,32,5,2,2,1,242.83136367797852,35374.0738506547
256,8192,2048,1,m,n,n,32,128,32,6,1,1,1,703.9385223388672,12202.677250080817
256,8192,2048,1,m,n,n,32,128,32,6,2,2,1,241.47968292236328,35572.07996981552
256,8192,2048,1,m,n,n,32,128,64,3,1,1,1,673.4438323974609,12755.235371923776
256,8192,2048,1,m,n,n,32,128,64,3,2,2,1,227.45088577270508,37766.10745136445
256,8192,2048,1,m,n,n,32,128,64,4,1,1,1,668.6105346679688,12847.44129295802
256,8192,2048,1,m,n,n,32,128,64,4,2,2,1,230.07232666015625,37335.80094875269
256,8192,2048,1,m,n,n,32,256,32,3,2,2,1,231.976318359375,37029.35994825374
256,8192,2048,1,m,n,n,32,256,32,4,2,2,1,232.7552032470703,36905.44603156201
256,8192,2048,1,m,n,n,32,256,32,5,2,2,1,234.9068832397461,36567.40268114284
256,8192,2048,1,m,n,n,64,128,16,3,1,1,1,717.2505950927734,11976.197232557091
256,8192,2048,1,m,n,n,64,128,16,3,2,2,1,183.43936920166016,46827.104941452555
256,8192,2048,1,m,n,n,64,128,16,4,1,1,1,713.5846710205078,12037.722979272256
256,8192,2048,1,m,n,n,64,128,16,4,2,2,1,179.52768325805664,47847.409581132175
256,8192,2048,1,m,n,n,64,128,16,5,1,1,1,882.4409484863281,9734.288290604056
256,8192,2048,1,m,n,n,64,128,16,5,2,2,1,180.75647354125977,47522.14083242362
256,8192,2048,1,m,n,n,64,128,16,6,1,1,1,906.6905975341797,9473.942506254107
256,8192,2048,1,m,n,n,64,128,16,6,2,2,1,171.1347198486328,50193.99102413423
256,8192,2048,1,m,n,n,64,128,32,3,1,1,1,932.9503631591797,9207.279327179369
256,8192,2048,1,m,n,n,64,128,32,3,2,2,1,178.11456680297852,48227.01896977219
256,8192,2048,1,m,n,n,64,128,32,4,1,1,1,932.6796722412109,9209.951548915562
256,8192,2048,1,m,n,n,64,128,32,4,2,2,1,180.01920700073242,47716.76720009689
256,8192,2048,1,m,n,n,64,128,32,5,1,1,1,1123.430404663086,7646.165313263086
256,8192,2048,1,m,n,n,64,128,32,5,2,2,1,212.6438331604004,40395.87917661588
256,8192,2048,1,m,n,n,64,128,32,6,1,1,1,1461.1045837402344,5879.068950705025
256,8192,2048,1,m,n,n,64,128,32,6,2,2,1,206.561279296875,41585.40565414651
256,8192,2048,1,m,n,n,64,128,64,3,1,1,1,1495.0399780273438,5745.622002251831
256,8192,2048,1,m,n,n,64,128,64,3,2,2,1,192.7769660949707,44558.926131082524
256,8192,2048,1,m,n,n,64,128,64,4,1,1,1,1494.097900390625,5749.244805011908
256,8192,2048,1,m,n,n,64,128,64,4,2,2,1,181.71903610229492,47270.416882271355
256,8192,2048,1,m,n,n,64,256,16,3,2,2,1,167.62880325317383,51243.786421516204
256,8192,2048,1,m,n,n,64,256,16,4,2,2,1,175.9846305847168,48810.709000323266
256,8192,2048,1,m,n,n,64,256,16,5,2,2,1,219.58656311035156,39118.671335473264
256,8192,2048,1,m,n,n,64,256,16,6,2,2,1,211.74272537231445,40567.79082679712
256,8192,2048,1,m,n,n,64,256,32,3,2,2,1,194.72383499145508,44113.421412314245
256,8192,2048,1,m,n,n,64,256,32,4,2,2,1,194.88767623901367,44076.33544496243
256,8192,2048,1,m,n,n,128,128,16,3,1,1,1,3225.0674438476562,2663.489908834839
256,8192,2048,1,m,n,n,128,128,16,3,2,2,1,158.31040382385254,54260.07630905783
256,8192,2048,1,m,n,n,128,128,16,4,1,1,1,3207.9916381835938,2677.6673884548313
256,8192,2048,1,m,n,n,128,128,16,4,2,2,1,159.06240463256836,54003.550441995474
256,8192,2048,1,m,n,n,128,128,16,5,1,1,1,3225.8834838867188,2662.8161354576837
256,8192,2048,1,m,n,n,128,128,16,5,2,2,1,159.64351654052734,53806.97430214366
256,8192,2048,1,m,n,n,128,128,16,6,1,1,1,3254.3539428710938,2639.520698360698
256,8192,2048,1,m,n,n,128,128,16,6,2,2,1,160.62463760375977,53478.31266826114
256,8192,2048,1,m,n,n,128,128,32,3,1,1,1,3440.8856201171875,2496.43130878249
256,8192,2048,1,m,n,n,128,128,32,3,2,2,1,149.93408203125,57291.40750139548
256,8192,2048,1,m,n,n,128,128,32,4,1,1,1,3234.1400146484375,2656.0181541595243
256,8192,2048,1,m,n,n,128,128,32,4,2,2,1,162.89472579956055,52733.043073290064
256,8192,2048,1,m,n,n,128,128,32,5,1,1,1,3179.786376953125,2701.418766448986
256,8192,2048,1,m,n,n,128,128,32,5,2,2,1,166.74816131591797,51514.418655121895
256,8192,2048,1,m,n,n,128,128,32,6,1,1,1,3171.0821533203125,2708.8338228657453
256,8192,2048,1,m,n,n,128,128,32,6,2,2,1,168.2022476196289,51069.083282556385
256,8192,2048,1,m,n,n,128,128,64,3,1,1,1,3189.248046875,2693.404359192722
256,8192,2048,1,m,n,n,128,128,64,3,2,2,1,160.03007888793945,53677.00029701962
256,8192,2048,1,m,n,n,128,256,16,3,2,2,1,724.9100494384766,11849.655827855966
256,8192,2048,1,m,n,n,128,256,16,4,2,2,1,726.9990539550781,11815.606286237036
256,8192,2048,1,m,n,n,128,256,16,5,2,2,1,730.3167724609375,11761.929776108833
256,8192,2048,1,m,n,n,128,256,16,6,2,2,1,749.6294403076172,11458.907735100483
256,8192,2048,1,m,n,n,128,256,32,3,2,2,1,712.8473663330078,12050.173708556844
256,8192,2048,1,m,n,n,128,256,32,4,2,2,1,720.711669921875,11918.683921034812
256,8192,3072,1,m,n,n,16,128,16,3,1,1,1,479.35489654541016,26879.670951226824
256,8192,3072,1,m,n,n,16,128,16,4,1,1,1,448.2048034667969,28747.799640559893
256,8192,3072,1,m,n,n,16,128,16,5,1,1,1,521.8508911132812,24690.772991710768
256,8192,3072,1,m,n,n,16,128,16,6,1,1,1,506.5318298339844,25437.4969727431
256,8192,3072,1,m,n,n,16,128,32,3,1,1,1,585.4617691040039,22008.101242407633
256,8192,3072,1,m,n,n,16,128,32,4,1,1,1,747.9296112060547,17227.425809793494
256,8192,3072,1,m,n,n,16,128,32,5,1,1,1,745.2467346191406,17289.444273224286
256,8192,3072,1,m,n,n,16,128,32,6,1,1,1,1196.0723114013672,10772.678010498814
256,8192,3072,1,m,n,n,16,128,64,3,1,1,1,1120.1126098632812,11503.22009996183
256,8192,3072,1,m,n,n,16,128,64,4,1,1,1,1100.7794952392578,11705.252454034338
256,8192,3072,1,m,n,n,16,128,64,5,1,1,1,1112.6387023925781,11580.490468552614
256,8192,3072,1,m,n,n,32,128,16,3,1,1,1,317.07136154174805,40637.23013440139
256,8192,3072,1,m,n,n,32,128,16,4,1,1,1,306.2784004211426,42069.24768538313
256,8192,3072,1,m,n,n,32,128,16,5,1,1,1,454.4512176513672,28352.66226062721
256,8192,3072,1,m,n,n,32,128,16,6,1,1,1,461.8239974975586,27900.026758718002
256,8192,3072,1,m,n,n,32,128,32,3,1,1,1,437.2684860229492,29466.79740218864
256,8192,3072,1,m,n,n,32,128,32,3,2,2,1,261.3043212890625,49309.945677271615
256,8192,3072,1,m,n,n,32,128,32,4,1,1,1,585.9737777709961,21988.87113517823
256,8192,3072,1,m,n,n,32,128,32,4,2,2,1,269.0252876281738,47894.761126725476
256,8192,3072,1,m,n,n,32,128,32,5,1,1,1,1016.1151885986328,12680.552394625762
256,8192,3072,1,m,n,n,32,128,32,5,2,2,1,355.7990264892578,36213.98859670297
256,8192,3072,1,m,n,n,32,128,32,6,1,1,1,1045.0739288330078,12329.177422297822
256,8192,3072,1,m,n,n,32,128,32,6,2,2,1,353.23902130126953,36476.43977874902
256,8192,3072,1,m,n,n,32,128,64,3,1,1,1,998.93310546875,12898.663401443435
256,8192,3072,1,m,n,n,32,128,64,3,2,2,1,332.2265625,38783.478933897706
256,8192,3072,1,m,n,n,32,128,64,4,1,1,1,989.9008178710938,13016.35644236622
256,8192,3072,1,m,n,n,32,128,64,4,2,2,1,334.4179153442383,38529.34097366382
256,8192,3072,1,m,n,n,32,256,32,3,2,2,1,341.62689208984375,37716.29864727226
256,8192,3072,1,m,n,n,32,256,32,4,2,2,1,342.4870300292969,37621.57617150585
256,8192,3072,1,m,n,n,32,256,32,5,2,2,1,344.7398376464844,37375.72650716655
256,8192,3072,1,m,n,n,64,128,16,3,1,1,1,1078.5964965820312,11945.989004072439
256,8192,3072,1,m,n,n,64,128,16,3,2,2,1,272.17920303344727,47339.77373876215
256,8192,3072,1,m,n,n,64,128,16,4,1,1,1,1071.4521789550781,12025.643459483053
256,8192,3072,1,m,n,n,64,128,16,4,2,2,1,266.46528244018555,48354.89925743825
256,8192,3072,1,m,n,n,64,128,16,5,1,1,1,1324.031982421875,9731.563934302681
256,8192,3072,1,m,n,n,64,128,16,5,2,2,1,267.9193687438965,48092.46135659811
256,8192,3072,1,m,n,n,64,128,16,6,1,1,1,1367.9820251464844,9418.911689735307
256,8192,3072,1,m,n,n,64,128,16,6,2,2,1,252.76416778564453,50975.98287320132
256,8192,3072,1,m,n,n,64,128,32,3,1,1,1,1397.6780700683594,9218.790910391697
256,8192,3072,1,m,n,n,64,128,32,3,2,2,1,261.2428855895996,49321.54174809407
256,8192,3072,1,m,n,n,64,128,32,4,1,1,1,1396.5312194824219,9226.361507890504
256,8192,3072,1,m,n,n,64,128,32,4,2,2,1,266.0147285461426,48436.798813434885
256,8192,3072,1,m,n,n,64,128,32,5,1,1,1,1676.5132141113281,7685.535538608874
256,8192,3072,1,m,n,n,64,128,32,5,2,2,1,313.2415962219238,41134.07045362957
256,8192,3072,1,m,n,n,64,128,32,6,1,1,1,2177.8842163085938,5916.247425604321
256,8192,3072,1,m,n,n,64,128,32,6,2,2,1,277.6268768310547,46410.85919012409
256,8192,3072,1,m,n,n,64,128,64,3,1,1,1,2208.317413330078,5834.714615853137
256,8192,3072,1,m,n,n,64,128,64,3,2,2,1,249.5897674560547,51624.31945559886
256,8192,3072,1,m,n,n,64,128,64,4,1,1,1,2140.4307556152344,6019.770485075295
256,8192,3072,1,m,n,n,64,128,64,4,2,2,1,250.92096328735352,51350.44007161837
256,8192,3072,1,m,n,n,64,256,16,3,2,2,1,248.03327560424805,51948.27934522235
256,8192,3072,1,m,n,n,64,256,16,4,2,2,1,258.4985542297363,49845.160358416375
256,8192,3072,1,m,n,n,64,256,16,5,2,2,1,325.1839828491211,39623.421101826956
256,8192,3072,1,m,n,n,64,256,16,6,2,2,1,313.1417655944824,41147.1841309278
256,8192,3072,1,m,n,n,64,256,32,3,2,2,1,287.4777603149414,44820.517155428526
256,8192,3072,1,m,n,n,64,256,32,4,2,2,1,287.19104766845703,44865.263010826035
256,8192,3072,1,m,n,n,128,128,16,3,1,1,1,4807.516174316406,2680.157782273533
256,8192,3072,1,m,n,n,128,128,16,3,2,2,1,234.5369529724121,54937.61952947182
256,8192,3072,1,m,n,n,128,128,16,4,1,1,1,4764.487609863281,2704.36255544586
256,8192,3072,1,m,n,n,128,128,16,4,2,2,1,235.62240600585938,54684.5357638848
256,8192,3072,1,m,n,n,128,128,16,5,1,1,1,4820.295715332031,2673.0521629651644
256,8192,3072,1,m,n,n,128,128,16,5,2,2,1,235.84768295288086,54632.30219893332
256,8192,3072,1,m,n,n,128,128,16,6,1,1,1,4755.1898193359375,2709.6503772796555
256,8192,3072,1,m,n,n,128,128,16,6,2,2,1,237.29856491088867,54298.27143218751
256,8192,3072,1,m,n,n,128,128,32,3,1,1,1,5073.7152099609375,2539.5398351692666
256,8192,3072,1,m,n,n,128,128,32,3,2,2,1,221.71648025512695,58114.31731720381
256,8192,3072,1,m,n,n,128,128,32,4,1,1,1,4624.609375,2786.1600501123407
256,8192,3072,1,m,n,n,128,128,32,4,2,2,1,239.88224029541016,53713.4465316503
256,8192,3072,1,m,n,n,128,128,32,5,1,1,1,4608.901062011719,2795.6559957865375
256,8192,3072,1,m,n,n,128,128,32,5,2,2,1,244.98367309570312,52594.941226824114
256,8192,3072,1,m,n,n,128,128,32,6,1,1,1,4451.409912109375,2894.566472736786
256,8192,3072,1,m,n,n,128,128,32,6,2,2,1,246.9068717956543,52185.27047989104
256,8192,3072,1,m,n,n,128,128,64,3,1,1,1,4654.6124267578125,2768.200809573103
256,8192,3072,1,m,n,n,128,128,64,3,2,2,1,234.8236846923828,54870.53788836982
256,8192,3072,1,m,n,n,128,256,16,3,2,2,1,1096.3558197021484,11752.48186441925
256,8192,3072,1,m,n,n,128,256,16,4,2,2,1,1096.4787292480469,11751.164472507666
256,8192,3072,1,m,n,n,128,256,16,5,2,2,1,1129.2467498779297,11410.173984908828
256,8192,3072,1,m,n,n,128,256,16,6,2,2,1,1135.2063751220703,11350.27266439943
256,8192,3072,1,m,n,n,128,256,32,3,2,2,1,1174.6137237548828,10969.480117098316
256,8192,3072,1,m,n,n,128,256,32,4,2,2,1,1177.1289825439453,10946.040815471106
256,8192,3584,1,m,n,n,16,128,16,3,1,1,1,558.7763214111328,26902.33096856581
256,8192,3584,1,m,n,n,16,128,16,4,1,1,1,519.5366287231445,28934.216963575433
256,8192,3584,1,m,n,n,16,128,16,5,1,1,1,605.599365234375,24822.327100990715
256,8192,3584,1,m,n,n,16,128,16,6,1,1,1,584.192008972168,25731.925985170696
256,8192,3584,1,m,n,n,16,128,32,3,1,1,1,680.9394836425781,22075.949327518254
256,8192,3584,1,m,n,n,16,128,32,4,1,1,1,869.6012878417969,17286.52630369009
256,8192,3584,1,m,n,n,16,128,32,5,1,1,1,862.4127960205078,17430.61513623754
256,8192,3584,1,m,n,n,16,128,32,6,1,1,1,1388.233642578125,10828.426192065885
256,8192,3584,1,m,n,n,16,128,64,3,1,1,1,1300.6437683105469,11557.650067032657
256,8192,3584,1,m,n,n,16,128,64,4,1,1,1,1276.0883331298828,11780.05091475903
256,8192,3584,1,m,n,n,16,128,64,5,1,1,1,1287.9461669921875,11671.594606400335
256,8192,3584,1,m,n,n,32,128,16,3,1,1,1,367.0220947265625,40957.712769852114
256,8192,3584,1,m,n,n,32,128,16,4,1,1,1,355.9423828125,42232.6372521887
256,8192,3584,1,m,n,n,32,128,16,5,1,1,1,528.8140869140625,28426.598133424744
256,8192,3584,1,m,n,n,32,128,16,6,1,1,1,536.8012619018555,28003.633007011085
256,8192,3584,1,m,n,n,32,128,32,3,1,1,1,508.76415252685547,29546.864615636427
256,8192,3584,1,m,n,n,32,128,32,3,2,2,1,303.9232063293457,49461.131045420036
256,8192,3584,1,m,n,n,32,128,32,4,1,1,1,681.4310455322266,22060.0244655115
256,8192,3584,1,m,n,n,32,128,32,4,2,2,1,311.2550354003906,48296.039666194374
256,8192,3584,1,m,n,n,32,128,32,5,1,1,1,1182.1670532226562,12715.957101850236
256,8192,3584,1,m,n,n,32,128,32,5,2,2,1,411.64798736572266,36517.5732600988
256,8192,3584,1,m,n,n,32,128,32,6,1,1,1,1215.65185546875,12365.699495604009
256,8192,3584,1,m,n,n,32,128,32,6,2,2,1,409.1904067993164,36736.89628645789
256,8192,3584,1,m,n,n,32,128,64,3,1,1,1,1161.6915130615234,12940.083806228067
256,8192,3584,1,m,n,n,32,128,64,3,2,2,1,385.4131317138672,39003.303984878556
256,8192,3584,1,m,n,n,32,128,64,4,1,1,1,1150.56640625,13065.20462820961
256,8192,3584,1,m,n,n,32,128,64,4,2,2,1,387.1744155883789,38825.875188978265
256,8192,3584,1,m,n,n,32,256,32,3,2,2,1,396.51329040527344,37911.429199852304
256,8192,3584,1,m,n,n,32,256,32,4,2,2,1,397.4163055419922,37825.28629644169
256,8192,3584,1,m,n,n,32,256,32,5,2,2,1,399.5443344116211,37623.823544230865
256,8192,3584,1,m,n,n,64,128,16,3,1,1,1,1267.2621154785156,11862.096524777593
256,8192,3584,1,m,n,n,64,128,16,3,2,2,1,316.39551162719727,47511.37416169283
256,8192,3584,1,m,n,n,64,128,16,4,1,1,1,1279.468765258789,11748.927323723692
256,8192,3584,1,m,n,n,64,128,16,4,2,2,1,309.9238395690918,48503.48252299839
256,8192,3584,1,m,n,n,64,128,16,5,1,1,1,1543.1475830078125,9741.37904988955
256,8192,3584,1,m,n,n,64,128,16,5,2,2,1,311.37792587280273,48276.978831635926
256,8192,3584,1,m,n,n,64,128,16,6,1,1,1,1590.5177307128906,9451.253039010317
256,8192,3584,1,m,n,n,64,128,16,6,2,2,1,259.4406318664551,57941.52376154325
256,8192,3584,1,m,n,n,64,128,32,3,1,1,1,1632.3992919921875,9208.767493187534
256,8192,3584,1,m,n,n,64,128,32,3,2,2,1,270.15167236328125,55644.24385937351
256,8192,3584,1,m,n,n,64,128,32,4,1,1,1,1630.6381225585938,9218.713415342614
256,8192,3584,1,m,n,n,64,128,32,4,2,2,1,272.6092720031738,55142.6054790425
256,8192,3584,1,m,n,n,64,128,32,5,1,1,1,1952.9728698730469,7697.180932665584
256,8192,3584,1,m,n,n,64,128,32,5,2,2,1,320.98304748535156,46832.33477209111
256,8192,3584,1,m,n,n,64,128,32,6,1,1,1,2537.2671508789062,5924.636485674281
256,8192,3584,1,m,n,n,64,128,32,6,2,2,1,322.3961639404297,46627.06079461166
256,8192,3584,1,m,n,n,64,128,64,3,1,1,1,2617.4462890625,5743.149572472871
256,8192,3584,1,m,n,n,64,128,64,3,2,2,1,303.28832626342773,49564.66910943118
256,8192,3584,1,m,n,n,64,128,64,4,1,1,1,2594.7341918945312,5793.4202212151
256,8192,3584,1,m,n,n,64,128,64,4,2,2,1,290.79551696777344,51694.00715921601
256,8192,3584,1,m,n,n,64,256,16,3,2,2,1,288.1171226501465,52174.56497458312
256,8192,3584,1,m,n,n,64,256,16,4,2,2,1,300.0115203857422,50106.02765077818
256,8192,3584,1,m,n,n,64,256,16,5,2,2,1,378.10176849365234,39757.51183573839
256,8192,3584,1,m,n,n,64,256,16,6,2,2,1,364.13440704345703,41282.51888651101
256,8192,3584,1,m,n,n,64,256,32,3,2,2,1,333.6191940307617,45058.51523223188
256,8192,3584,1,m,n,n,64,256,32,4,2,2,1,333.4348678588867,45083.42403579061
256,8192,3584,1,m,n,n,128,128,16,3,1,1,1,5605.0689697265625,2681.9269516916115
256,8192,3584,1,m,n,n,128,128,16,3,2,2,1,272.15871810913086,55233.893076951805
256,8192,3584,1,m,n,n,128,128,16,4,1,1,1,5633.082275390625,2668.5897349080674
256,8192,3584,1,m,n,n,128,128,16,4,2,2,1,273.4694480895996,54969.15886221699
256,8192,3584,1,m,n,n,128,128,16,5,1,1,1,5572.2601318359375,2697.7178344771855
256,8192,3584,1,m,n,n,128,128,16,5,2,2,1,274.28863525390625,54804.9886284376
256,8192,3584,1,m,n,n,128,128,16,6,1,1,1,5490.1348876953125,2738.072168261498
256,8192,3584,1,m,n,n,128,128,16,6,2,2,1,275.8246421813965,54499.79166877313
256,8192,3584,1,m,n,n,128,128,32,3,1,1,1,5946.1224365234375,2528.0988907435103
256,8192,3584,1,m,n,n,128,128,32,3,2,2,1,257.2287940979004,58439.74656382648
256,8192,3584,1,m,n,n,128,128,32,4,1,1,1,5188.935546875,2897.0075654636235
256,8192,3584,1,m,n,n,128,128,32,4,2,2,1,278.09791564941406,54054.290557685
256,8192,3584,1,m,n,n,128,128,32,5,1,1,1,5287.198486328125,2843.1664850244265
256,8192,3584,1,m,n,n,128,128,32,5,2,2,1,284.50815200805664,52836.396531704006
256,8192,3584,1,m,n,n,128,128,32,6,1,1,1,5418.3319091796875,2774.3567186300033
256,8192,3584,1,m,n,n,128,128,32,6,2,2,1,286.9657516479492,52383.90103931913
256,8192,3584,1,m,n,n,128,128,64,3,1,1,1,5512.45849609375,2726.9838941467374
256,8192,3584,1,m,n,n,128,128,64,3,2,2,1,272.26112365722656,55213.11795849925
256,8192,3584,1,m,n,n,128,256,16,3,2,2,1,1263.8617706298828,11894.010789255986
256,8192,3584,1,m,n,n,128,256,16,4,2,2,1,1262.8582763671875,11903.462025242488
256,8192,3584,1,m,n,n,128,256,16,5,2,2,1,1284.5671081542969,11702.296781986708
256,8192,3584,1,m,n,n,128,256,16,6,2,2,1,1315.1437377929688,11430.22249509157
256,8192,3584,1,m,n,n,128,256,32,3,2,2,1,1406.7916870117188,10685.580299334524
256,8192,3584,1,m,n,n,128,256,32,4,2,2,1,1417.9942321777344,10601.161270531748
256,8192,4608,1,m,n,n,16,128,16,3,1,1,1,711.9667053222656,27146.427898270384
256,8192,4608,1,m,n,n,16,128,16,4,1,1,1,663.4758758544922,29130.453020779776
256,8192,4608,1,m,n,n,16,128,16,5,1,1,1,773.1871795654297,24996.990822924603
256,8192,4608,1,m,n,n,16,128,16,6,1,1,1,746.2687683105469,25898.648922096196
256,8192,4608,1,m,n,n,16,128,32,3,1,1,1,872.4479675292969,22153.01490899626
256,8192,4608,1,m,n,n,16,128,32,4,1,1,1,1115.4431915283203,17327.061547185294
256,8192,4608,1,m,n,n,16,128,32,5,1,1,1,1104.87548828125,17492.78813494698
256,8192,4608,1,m,n,n,16,128,32,6,1,1,1,1772.4006652832031,10904.618357786376
256,8192,4608,1,m,n,n,16,128,64,3,1,1,1,1661.1943054199219,11634.612982323206
256,8192,4608,1,m,n,n,16,128,64,4,1,1,1,1626.5830993652344,11882.179791209192
256,8192,4608,1,m,n,n,16,128,64,5,1,1,1,1638.4364318847656,11796.217696262342
256,8192,4608,1,m,n,n,32,128,16,3,1,1,1,470.2822494506836,41097.34708162055
256,8192,4608,1,m,n,n,32,128,16,4,1,1,1,455.3523254394531,42444.831731884726
256,8192,4608,1,m,n,n,32,128,16,5,1,1,1,677.2902679443359,28536.29196631015
256,8192,4608,1,m,n,n,32,128,16,6,1,1,1,686.7353820800781,28143.813958527473
256,8192,4608,1,m,n,n,32,128,32,3,1,1,1,651.5916442871094,29661.756717499946
256,8192,4608,1,m,n,n,32,128,32,3,2,2,1,390.10303497314453,49544.22575392301
256,8192,4608,1,m,n,n,32,128,32,4,1,1,1,872.4275207519531,22153.534101424928
256,8192,4608,1,m,n,n,32,128,32,4,2,2,1,397.4758529663086,48625.22512440084
256,8192,4608,1,m,n,n,32,128,32,5,1,1,1,1513.9840698242188,12765.889164371463
256,8192,4608,1,m,n,n,32,128,32,5,2,2,1,499.44576263427734,38697.6009768504
256,8192,4608,1,m,n,n,32,128,32,6,1,1,1,1556.336669921875,12418.490938063032
256,8192,4608,1,m,n,n,32,128,32,6,2,2,1,460.55423736572266,41965.4217981981
256,8192,4608,1,m,n,n,32,128,64,3,1,1,1,1487.1366882324219,12996.352645278404
256,8192,4608,1,m,n,n,32,128,64,3,2,2,1,443.7811279296875,43551.542901712164
256,8192,4608,1,m,n,n,32,128,64,4,1,1,1,1471.6313171386719,13133.28454410622
256,8192,4608,1,m,n,n,32,128,64,4,2,2,1,491.9091033935547,39290.49635118673
256,8192,4608,1,m,n,n,32,256,32,3,2,2,1,505.7331085205078,38216.50690132
256,8192,4608,1,m,n,n,32,256,32,4,2,2,1,506.8799972534179,38130.03657024795
256,8192,4608,1,m,n,n,32,256,32,5,2,2,1,509.3580627441406,37944.53105910383
256,8192,4608,1,m,n,n,64,128,16,3,1,1,1,1649.5001220703125,11717.096939490948
256,8192,4608,1,m,n,n,64,128,16,3,2,2,1,359.32159423828125,53788.453413081595
256,8192,4608,1,m,n,n,64,128,16,4,1,1,1,1649.6844482421875,11715.78773903952
256,8192,4608,1,m,n,n,64,128,16,4,2,2,1,351.64161682128906,54963.2122804808
256,8192,4608,1,m,n,n,64,128,16,5,1,1,1,1987.7069091796875,9723.441993757653
256,8192,4608,1,m,n,n,64,128,16,5,2,2,1,353.2185745239258,54717.82693775305
256,8192,4608,1,m,n,n,64,128,16,6,1,1,1,2045.8496093749998,9447.103415340702
256,8192,4608,1,m,n,n,64,128,16,6,2,2,1,375.2755355834961,51501.76603425247
256,8192,4608,1,m,n,n,64,128,32,3,1,1,1,2090.5369567871094,9245.161999768565
256,8192,4608,1,m,n,n,64,128,32,3,2,2,1,345.57952880859375,55927.3661221549
256,8192,4608,1,m,n,n,64,128,32,4,1,1,1,2094.3218994140625,9228.453771794726
256,8192,4608,1,m,n,n,64,128,32,4,2,2,1,349.28638458251953,55333.82829995161
256,8192,4608,1,m,n,n,64,128,32,5,1,1,1,2505.4412841796875,7714.1511772957065
256,8192,4608,1,m,n,n,64,128,32,5,2,2,1,409.4566345214844,47202.44148586604
256,8192,4608,1,m,n,n,64,128,32,6,1,1,1,3248.6605834960938,5949.32968072663
256,8192,4608,1,m,n,n,64,128,32,6,2,2,1,411.1769485473633,47004.95224812851
256,8192,4608,1,m,n,n,64,128,64,3,1,1,1,3236.229248046875,5972.182855607161
256,8192,4608,1,m,n,n,64,128,64,3,2,2,1,368.2099151611328,52490.03906791085
256,8192,4608,1,m,n,n,64,128,64,4,1,1,1,3329.16748046875,5805.461258824591
256,8192,4608,1,m,n,n,64,128,64,4,2,2,1,370.5855941772461,52153.54599767845
256,8192,4608,1,m,n,n,64,256,16,3,2,2,1,368.4147262573242,52460.85852306716
256,8192,4608,1,m,n,n,64,256,16,4,2,2,1,382.8736114501953,50479.72034111869
256,8192,4608,1,m,n,n,64,256,16,5,2,2,1,483.9833450317383,39933.92134337302
256,8192,4608,1,m,n,n,64,256,16,6,2,2,1,465.7766342163086,41494.89564782311
256,8192,4608,1,m,n,n,64,256,32,3,2,2,1,426.59839630126953,45305.73250995244
256,8192,4608,1,m,n,n,64,256,32,4,2,2,1,425.96351623535156,45373.25873073443
256,8192,4608,1,m,n,n,128,128,16,3,1,1,1,7278.46923828125,2655.4145108352473
256,8192,4608,1,m,n,n,128,128,16,3,2,2,1,348.7980651855469,55411.29599362487
256,8192,4608,1,m,n,n,128,128,16,4,1,1,1,7157.227783203125,2700.3964967215693
256,8192,4608,1,m,n,n,128,128,16,4,2,2,1,350.3104019165039,55172.078037827305
256,8192,4608,1,m,n,n,128,128,16,5,1,1,1,7192.493896484375,2687.1559587206643
256,8192,4608,1,m,n,n,128,128,16,5,2,2,1,351.27296447753906,55020.89482105823
256,8192,4608,1,m,n,n,128,128,16,6,1,1,1,7066.1737060546875,2735.1935624564762
256,8192,4608,1,m,n,n,128,128,16,6,2,2,1,353.23902130126953,54714.65966812354
256,8192,4608,1,m,n,n,128,128,32,3,1,1,1,7637.237548828125,2530.6732582863856
256,8192,4608,1,m,n,n,128,128,32,3,2,2,1,329.37984466552734,58678.00700320989
256,8192,4608,1,m,n,n,128,128,32,4,1,1,1,6748.2421875,2864.057378942433
256,8192,4608,1,m,n,n,128,128,32,4,2,2,1,355.7990264892578,54320.982895054454
256,8192,4608,1,m,n,n,128,128,32,5,1,1,1,6678.922119140625,2893.7832313707
256,8192,4608,1,m,n,n,128,128,32,5,2,2,1,363.78623962402344,53128.32297333457
256,8192,4608,1,m,n,n,128,128,32,6,1,1,1,6854.0826416015625,2819.830726097558
256,8192,4608,1,m,n,n,128,128,32,6,2,2,1,366.5919876098633,52721.70010591904
256,8192,4608,1,m,n,n,128,128,64,3,1,1,1,6932.889404296875,2787.777462600409
256,8192,4608,1,m,n,n,128,128,64,3,2,2,1,347.77088165283203,55574.959985562695
256,8192,4608,1,m,n,n,128,256,16,3,2,2,1,1624.6989440917969,11895.959495932304
256,8192,4608,1,m,n,n,128,256,16,4,2,2,1,1623.2844543457031,11906.325339504514
256,8192,4608,1,m,n,n,128,256,16,5,2,2,1,1651.8975830078125,11700.091477104967
256,8192,4608,1,m,n,n,128,256,16,6,2,2,1,1681.5309143066406,11493.902768935657
256,8192,4608,1,m,n,n,128,256,32,3,2,2,1,1633.8534545898438,11829.306219419701
256,8192,4608,1,m,n,n,128,256,32,4,2,2,1,1632.8703308105469,11836.428445855845
2048,256,4096,1,m,n,n,16,128,16,3,1,1,1,158.04415702819824,27175.742379604024
2048,256,4096,1,m,n,n,16,128,16,4,1,1,1,158.9247989654541,27025.15481509974
2048,256,4096,1,m,n,n,16,128,16,5,1,1,1,179.20000076293945,23967.451326530612
2048,256,4096,1,m,n,n,16,128,16,6,1,1,1,258.29376220703125,16628.226943233098
2048,256,4096,1,m,n,n,16,128,32,3,1,1,1,290.73408126831055,14772.837354545622
2048,256,4096,1,m,n,n,16,128,32,4,1,1,1,292.76159286499023,14670.528514239451
2048,256,4096,1,m,n,n,16,128,32,5,1,1,1,282.72640228271484,15191.24942461231
2048,256,4096,1,m,n,n,16,128,32,6,1,1,1,486.0108947753906,8837.183162292924
2048,256,4096,1,m,n,n,16,128,64,3,1,1,1,452.1574401855469,9498.83141199119
2048,256,4096,1,m,n,n,16,128,64,4,1,1,1,442.77759552001953,9700.055602307028
2048,256,4096,1,m,n,n,16,128,64,5,1,1,1,446.033935546875,9629.238839717453
2048,256,4096,1,m,n,n,32,128,16,3,1,1,1,204.3903923034668,21013.54788547539
2048,256,4096,1,m,n,n,32,128,16,4,1,1,1,202.83391952514648,21174.798110961554
2048,256,4096,1,m,n,n,32,128,16,5,1,1,1,203.79648208618164,21074.786237888737
2048,256,4096,1,m,n,n,32,128,16,6,1,1,1,207.09951400756836,20738.66429181018
2048,256,4096,1,m,n,n,32,128,32,3,1,1,1,199.51616287231445,21526.914081385356
2048,256,4096,1,m,n,n,32,128,32,3,2,2,1,101.06880187988281,42495.48046591507
2048,256,4096,1,m,n,n,32,128,32,4,1,1,1,201.56415939331055,21308.189456535598
2048,256,4096,1,m,n,n,32,128,32,4,2,2,1,101.2940788269043,42400.97097224632
2048,256,4096,1,m,n,n,32,128,32,5,1,1,1,387.8297424316406,11074.362861061478
2048,256,4096,1,m,n,n,32,128,32,5,2,2,1,140.06272315979004,30664.59939594422
2048,256,4096,1,m,n,n,32,128,32,6,1,1,1,398.04927825927734,10790.03914988231
2048,256,4096,1,m,n,n,32,128,32,6,2,2,1,135.67999839782715,31655.124902100393
2048,256,4096,1,m,n,n,32,128,64,3,1,1,1,380.7392120361328,11280.60142014582
2048,256,4096,1,m,n,n,32,128,64,3,2,2,1,126.23871803283693,34022.583268651404
2048,256,4096,1,m,n,n,32,128,64,4,1,1,1,376.8320083618164,11397.56496448193
2048,256,4096,1,m,n,n,32,128,64,4,2,2,1,126.32063865661623,34000.519168330255
2048,256,4096,1,m,n,n,32,256,32,3,2,2,1,115.30240058898926,37249.591283966256
2048,256,4096,1,m,n,n,32,256,32,4,2,2,1,115.4252815246582,37209.93563340342
2048,256,4096,1,m,n,n,32,256,32,5,2,2,1,116.06016159057617,37006.38735237417
2048,256,4096,1,m,n,n,64,128,16,3,1,1,1,577.8227233886719,7433.019024956197
2048,256,4096,1,m,n,n,64,128,16,3,2,2,1,126.42304420471193,33972.9779726339
2048,256,4096,1,m,n,n,64,128,16,4,1,1,1,584.0895843505859,7353.268079202809
2048,256,4096,1,m,n,n,64,128,16,4,2,2,1,127.28320121765135,33743.39468926229
2048,256,4096,1,m,n,n,64,128,16,5,1,1,1,583.4751892089844,7361.011017148261
2048,256,4096,1,m,n,n,64,128,16,5,2,2,1,128.14335823059082,33516.89354255343
2048,256,4096,1,m,n,n,64,128,16,6,1,1,1,583.5942459106445,7359.509327063538
2048,256,4096,1,m,n,n,64,128,16,6,2,2,1,129.74080085754395,33104.214461539326
2048,256,4096,1,m,n,n,64,128,32,3,1,1,1,751.7593383789062,5713.2210758587535
2048,256,4096,1,m,n,n,64,128,32,3,2,2,1,106.32767677307129,40393.69077127951
2048,256,4096,1,m,n,n,64,128,32,4,1,1,1,757.760009765625,5667.97830533236
2048,256,4096,1,m,n,n,64,128,32,4,2,2,1,107.2537612915039,40044.910726503585
2048,256,4096,1,m,n,n,64,128,32,5,1,1,1,560.3327941894531,7665.02931925101
2048,256,4096,1,m,n,n,64,128,32,5,2,2,1,105.67680358886719,40642.4792399045
2048,256,4096,1,m,n,n,64,128,32,6,1,1,1,762.6751708984375,5631.450268586159
2048,256,4096,1,m,n,n,64,128,32,6,2,2,1,106.4345645904541,40353.12506352102
2048,256,4096,1,m,n,n,64,128,64,3,1,1,1,804.2086029052734,5340.613468301704
2048,256,4096,1,m,n,n,64,128,64,3,2,2,1,95.46239852905273,44991.19404267726
2048,256,4096,1,m,n,n,64,128,64,4,1,1,1,803.2051086425781,5347.285829965054
2048,256,4096,1,m,n,n,64,128,64,4,2,2,1,96.05119705200195,44715.39582869241
2048,256,4096,1,m,n,n,64,256,16,3,2,2,1,211.10784530639648,20344.896655860397
2048,256,4096,1,m,n,n,64,256,16,4,2,2,1,215.40864944458008,19938.694695288927
2048,256,4096,1,m,n,n,64,256,16,5,2,2,1,217.02655792236328,19790.05397826212
2048,256,4096,1,m,n,n,64,256,16,6,2,2,1,207.97439575195312,20651.42336618456
2048,256,4096,1,m,n,n,64,256,32,3,2,2,1,192.16384887695312,22350.547832491455
2048,256,4096,1,m,n,n,64,256,32,4,2,2,1,190.58687210083008,22535.483418436845
2048,256,4096,1,m,n,n,128,128,16,3,1,1,1,2386.5516662597656,1799.654018272786
2048,256,4096,1,m,n,n,128,128,16,3,2,2,1,198.71807098388672,21613.370513989452
2048,256,4096,1,m,n,n,128,128,16,4,1,1,1,2382.151641845703,1802.9781230351218
2048,256,4096,1,m,n,n,128,128,16,4,2,2,1,200.23296356201172,21449.85131116964
2048,256,4096,1,m,n,n,128,128,16,5,1,1,1,2291.38427734375,1874.398519037964
2048,256,4096,1,m,n,n,128,128,16,5,2,2,1,176.3327980041504,24357.166361636868
2048,256,4096,1,m,n,n,128,128,16,6,1,1,1,2377.6255798339844,1806.4102827745876
2048,256,4096,1,m,n,n,128,128,16,6,2,2,1,177.17248916625977,24241.728025673194
2048,256,4096,1,m,n,n,128,128,32,3,1,1,1,2366.4639282226562,1814.9303882378447
2048,256,4096,1,m,n,n,128,128,32,3,2,2,1,158.14656257629395,27158.145115724525
2048,256,4096,1,m,n,n,128,128,32,4,1,1,1,2378.321990966797,1805.881336636878
2048,256,4096,1,m,n,n,128,128,32,4,2,2,1,159.27295684814453,26966.07999872161
2048,256,4096,1,m,n,n,128,128,32,5,1,1,1,2385.059814453125,1800.7796995165932
2048,256,4096,1,m,n,n,128,128,32,5,2,2,1,162.14271545410156,26488.80823274355
2048,256,4096,1,m,n,n,128,128,32,6,1,1,1,2383.1961059570312,1802.18794637349
2048,256,4096,1,m,n,n,128,128,32,6,2,2,1,163.34848403930664,26293.279189334255
2048,256,4096,1,m,n,n,128,128,64,3,1,1,1,2342.072296142578,1833.8320738748603
2048,256,4096,1,m,n,n,128,128,64,3,2,2,1,175.90272903442383,24416.717805210876
2048,256,4096,1,m,n,n,128,256,16,3,2,2,1,1365.5859375,3145.1461076575415
2048,256,4096,1,m,n,n,128,256,16,4,2,2,1,1365.0738525390625,3146.3259573914497
2048,256,4096,1,m,n,n,128,256,16,5,2,2,1,1369.3991088867188,3136.3882655741486
2048,256,4096,1,m,n,n,128,256,16,6,2,2,1,1457.8688049316406,2946.058850749187
2048,256,4096,1,m,n,n,128,256,32,3,2,2,1,1218.2157135009766,3525.6213233835924
2048,256,4096,1,m,n,n,128,256,32,4,2,2,1,1222.3078155517578,3513.8180754094446
2048,2048,16384,1,m,n,n,16,128,16,3,1,1,1,4586.2298583984375,29967.742070388773
2048,2048,16384,1,m,n,n,16,128,16,4,1,1,1,5421.424560546875,25351.077366672078
2048,2048,16384,1,m,n,n,16,128,16,5,1,1,1,4891.4654541015625,28097.705025547202
2048,2048,16384,1,m,n,n,16,128,16,6,1,1,1,4703.19091796875,29222.490829982762
2048,2048,16384,1,m,n,n,16,128,32,3,1,1,1,6940.697021484375,19801.89497489498
2048,2048,16384,1,m,n,n,16,128,32,4,1,1,1,8128.3074951171875,16908.680380824906
2048,2048,16384,1,m,n,n,16,128,32,5,1,1,1,8394.116821289062,16373.247644520376
2048,2048,16384,1,m,n,n,16,128,32,6,1,1,1,10693.897705078125,12852.09165660295
2048,2048,16384,1,m,n,n,16,128,64,3,1,1,1,10529.771728515625,13052.415286439897
2048,2048,16384,1,m,n,n,16,128,64,4,1,1,1,9953.157348632812,13808.578389537759
2048,2048,16384,1,m,n,n,16,128,64,5,1,1,1,10184.639892578125,13494.72881924438
2048,2048,16384,1,m,n,n,32,128,16,3,1,1,1,2897.8585815429688,47427.764193662086
2048,2048,16384,1,m,n,n,32,128,16,4,1,1,1,3135.54931640625,43832.4961922535
2048,2048,16384,1,m,n,n,32,128,16,5,1,1,1,3757.259521484375,36579.57420457935
2048,2048,16384,1,m,n,n,32,128,16,6,1,1,1,4016.5786743164062,34217.91644486863
2048,2048,16384,1,m,n,n,32,128,32,3,1,1,1,3692.5439453125,37220.66832717641
2048,2048,16384,1,m,n,n,32,128,32,3,2,2,1,2717.9623413085938,50566.90866652275
2048,2048,16384,1,m,n,n,32,128,32,4,1,1,1,5215.068359375,26354.199792017946
2048,2048,16384,1,m,n,n,32,128,32,4,2,2,1,2678.2925415039062,51315.885528630766
2048,2048,16384,1,m,n,n,32,128,32,5,1,1,1,9098.526611328125,15105.627465097654
2048,2048,16384,1,m,n,n,32,128,32,5,2,2,1,3454.0750122070312,39790.37889631163
2048,2048,16384,1,m,n,n,32,128,32,6,1,1,1,9483.734741210938,14492.070605345823
2048,2048,16384,1,m,n,n,32,128,32,6,2,2,1,3312.066650390625,41496.433489884774
2048,2048,16384,1,m,n,n,32,128,64,3,1,1,1,8701.214599609375,15795.375679870036
2048,2048,16384,1,m,n,n,32,128,64,3,2,2,1,3174.5895385742188,43293.456304189494
2048,2048,16384,1,m,n,n,32,128,64,4,1,1,1,8628.961181640625,15927.636082593746
2048,2048,16384,1,m,n,n,32,128,64,4,2,2,1,3206.3693237304688,42864.355161711646
2048,2048,16384,1,m,n,n,32,256,32,3,2,2,1,3060.61767578125,44905.62625954824
2048,2048,16384,1,m,n,n,32,256,32,4,2,2,1,3109.9905395507812,44192.72397267556
2048,2048,16384,1,m,n,n,32,256,32,5,2,2,1,3114.8236083984375,44124.15300225222
2048,2048,16384,1,m,n,n,64,128,16,3,1,1,1,14320.025634765625,9597.675100408398
2048,2048,16384,1,m,n,n,64,128,16,3,2,2,1,2279.014434814453,60306.31108450599
2048,2048,16384,1,m,n,n,64,128,16,4,1,1,1,11608.96484375,11839.036065820628
2048,2048,16384,1,m,n,n,64,128,16,4,2,2,1,2320.23681640625,59234.8817586971
2048,2048,16384,1,m,n,n,64,128,16,5,1,1,1,11762.79052734375,11684.213295519443
2048,2048,16384,1,m,n,n,64,128,16,5,2,2,1,2303.426513671875,59667.17525227649
2048,2048,16384,1,m,n,n,64,128,16,6,1,1,1,12979.937744140625,10588.56800249619
2048,2048,16384,1,m,n,n,64,128,16,6,2,2,1,2361.6307067871094,58196.632130931015
2048,2048,16384,1,m,n,n,64,128,32,3,1,1,1,13266.88232421875,10359.551710284233
2048,2048,16384,1,m,n,n,64,128,32,3,2,2,1,2223.08349609375,61823.56790174472
2048,2048,16384,1,m,n,n,64,128,32,4,1,1,1,13264.34326171875,10361.53473716656
2048,2048,16384,1,m,n,n,64,128,32,4,2,2,1,2329.7024536132812,58994.209006749916
2048,2048,16384,1,m,n,n,64,128,32,5,1,1,1,13844.500732421875,9927.331879158148
2048,2048,16384,1,m,n,n,64,128,32,5,2,2,1,2727.034912109375,50398.677648644516
2048,2048,16384,1,m,n,n,64,128,32,6,1,1,1,18414.38720703125,7463.672395219378
2048,2048,16384,1,m,n,n,64,128,32,6,2,2,1,2843.05419921875,48342.00962815524
2048,2048,16384,1,m,n,n,64,128,64,3,1,1,1,18955.0390625,7250.787139969789
2048,2048,16384,1,m,n,n,64,128,64,3,2,2,1,2440.7244873046875,56310.72011072212
2048,2048,16384,1,m,n,n,64,128,64,4,1,1,1,18844.0576171875,7293.490407641459
2048,2048,16384,1,m,n,n,64,128,64,4,2,2,1,2334.904327392578,58862.77731365555
2048,2048,16384,1,m,n,n,64,256,16,3,2,2,1,2575.8309936523438,53357.13166379811
2048,2048,16384,1,m,n,n,64,256,16,4,2,2,1,2633.62548828125,52186.21785199045
2048,2048,16384,1,m,n,n,64,256,16,5,2,2,1,3390.382080078125,40537.89520644028
2048,2048,16384,1,m,n,n,64,256,16,6,2,2,1,3220.8282470703125,42671.92874907733
2048,2048,16384,1,m,n,n,64,256,32,3,2,2,1,2824.0902709960938,48666.6289967861
2048,2048,16384,1,m,n,n,64,256,32,4,2,2,1,2874.57275390625,47811.95858940586
2048,2048,16384,1,m,n,n,128,128,16,3,1,1,1,71015.2783203125,1935.3434461255688
2048,2048,16384,1,m,n,n,128,128,16,3,2,2,1,2435.7887268066406,56424.82533868393
2048,2048,16384,1,m,n,n,128,128,16,4,1,1,1,70607.666015625,1946.5160262001252
2048,2048,16384,1,m,n,n,128,128,16,4,2,2,1,2726.932373046875,50400.57275730523
2048,2048,16384,1,m,n,n,128,128,16,5,1,1,1,55871.85546875,2459.895994484589
2048,2048,16384,1,m,n,n,128,128,16,5,2,2,1,2764.0423583984375,49723.895530904934
2048,2048,16384,1,m,n,n,128,128,16,6,1,1,1,55848.818359375,2460.910678317493
2048,2048,16384,1,m,n,n,128,128,16,6,2,2,1,2486.6610717773438,55270.480980250904
2048,2048,16384,1,m,n,n,128,128,32,3,1,1,1,58710.8984375,2340.9444775965917
2048,2048,16384,1,m,n,n,128,128,32,3,2,2,1,2355.7752990722656,58341.28302734357
2048,2048,16384,1,m,n,n,128,128,32,4,1,1,1,46175.478515625,2976.4489267933195
2048,2048,16384,1,m,n,n,128,128,32,4,2,2,1,2800.2099609375,49081.66008594083
2048,2048,16384,1,m,n,n,128,128,32,5,1,1,1,45906.123046875,2993.9133246268766
2048,2048,16384,1,m,n,n,128,128,32,5,2,2,1,2865.7662963867188,47958.88403227051
2048,2048,16384,1,m,n,n,128,128,32,6,1,1,1,45111.1328125,3046.6748428431524
2048,2048,16384,1,m,n,n,128,128,32,6,2,2,1,2884.3826293945312,47649.34862364297
2048,2048,16384,1,m,n,n,128,128,64,3,1,1,1,45083.828125,3048.5200389579827
2048,2048,16384,1,m,n,n,128,128,64,3,2,2,1,2694.5944213867188,51005.43235047218
2048,2048,16384,1,m,n,n,128,256,16,3,2,2,1,11430.25634765625,12024.135705423752
2048,2048,16384,1,m,n,n,128,256,16,4,2,2,1,11532.738037109375,11917.28738047781
2048,2048,16384,1,m,n,n,128,256,16,5,2,2,1,11748.82080078125,11698.106201676077
2048,2048,16384,1,m,n,n,128,256,16,6,2,2,1,11503.08349609375,11948.009724407539
2048,2048,16384,1,m,n,n,128,256,32,3,2,2,1,12170.609130859375,11292.693076759368
2048,2048,16384,1,m,n,n,128,256,32,4,2,2,1,12158.443603515625,11303.992349173655
3072,256,4096,1,m,n,n,16,128,16,3,1,1,1,235.93536376953125,27305.999580008618
3072,256,4096,1,m,n,n,16,128,16,4,1,1,1,267.1615982055664,24114.434811259376
3072,256,4096,1,m,n,n,16,128,16,5,1,1,1,314.1222381591797,20509.375527673797
3072,256,4096,1,m,n,n,16,128,16,6,1,1,1,283.6684799194336,22711.197753905406
3072,256,4096,1,m,n,n,16,128,32,3,1,1,1,316.3340759277344,20365.97203480462
3072,256,4096,1,m,n,n,16,128,32,4,1,1,1,435.6505584716797,14788.115884898618
3072,256,4096,1,m,n,n,16,128,32,5,1,1,1,416.13311767578125,15481.706863377934
3072,256,4096,1,m,n,n,16,128,32,6,1,1,1,608.2355117797852,10592.033544947837
3072,256,4096,1,m,n,n,16,128,64,3,1,1,1,565.742073059082,11387.61151201706
3072,256,4096,1,m,n,n,16,128,64,4,1,1,1,553.7177658081055,11634.900199739435
3072,256,4096,1,m,n,n,16,128,64,5,1,1,1,557.7932739257812,11549.889977442106
3072,256,4096,1,m,n,n,32,128,16,3,1,1,1,206.40127182006836,31213.232782868938
3072,256,4096,1,m,n,n,32,128,16,4,1,1,1,205.65696716308594,31326.19834314263
3072,256,4096,1,m,n,n,32,128,16,5,1,1,1,205.92639923095703,31285.211454479235
3072,256,4096,1,m,n,n,32,128,16,6,1,1,1,209.85855102539062,30699.01565850673
3072,256,4096,1,m,n,n,32,128,32,3,1,1,1,202.2604751586914,31852.24863604875
3072,256,4096,1,m,n,n,32,128,32,3,2,2,1,146.47104263305664,43984.46838492035
3072,256,4096,1,m,n,n,32,128,32,4,1,1,1,390.4499053955078,16500.070444309862
3072,256,4096,1,m,n,n,32,128,32,4,2,2,1,165.15071868896484,39009.524119197646
3072,256,4096,1,m,n,n,32,128,32,5,1,1,1,579.9935913085938,11107.7967766237
3072,256,4096,1,m,n,n,32,128,32,5,2,2,1,206.02880477905273,31269.661302500623
3072,256,4096,1,m,n,n,32,128,32,6,1,1,1,595.9475326538086,10810.433118686104
3072,256,4096,1,m,n,n,32,128,32,6,2,2,1,201.58464431762695,31959.036194487857
3072,256,4096,1,m,n,n,32,128,64,3,1,1,1,569.9379348754883,11303.776340852715
3072,256,4096,1,m,n,n,32,128,64,3,2,2,1,187.86304473876953,34293.33828246244
3072,256,4096,1,m,n,n,32,128,64,4,1,1,1,563.8348770141602,11426.130604258815
3072,256,4096,1,m,n,n,32,128,64,4,2,2,1,187.78112411499023,34308.29895370571
3072,256,4096,1,m,n,n,32,256,32,3,2,2,1,227.16415405273438,28360.33251313249
3072,256,4096,1,m,n,n,32,256,32,4,2,2,1,227.1232032775879,28365.44593872294
3072,256,4096,1,m,n,n,32,256,32,5,2,2,1,228.7411117553711,28164.81433774759
3072,256,4096,1,m,n,n,64,128,16,3,1,1,1,961.7817687988281,6698.454007966896
3072,256,4096,1,m,n,n,64,128,16,3,2,2,1,170.88512420654297,37700.47845834276
3072,256,4096,1,m,n,n,64,128,16,4,1,1,1,964.2195129394531,6681.518946199282
3072,256,4096,1,m,n,n,64,128,16,4,2,2,1,170.61887741088867,37759.30917940063
3072,256,4096,1,m,n,n,64,128,16,5,1,1,1,967.5315093994141,6658.647166952826
3072,256,4096,1,m,n,n,64,128,16,5,2,2,1,170.37311553955078,37813.77668417665
3072,256,4096,1,m,n,n,64,128,16,6,1,1,1,981.0739135742188,6566.733509944279
3072,256,4096,1,m,n,n,64,128,16,6,2,2,1,169.32863235473633,38047.02639127999
3072,256,4096,1,m,n,n,64,128,32,3,1,1,1,959.2012786865234,6716.4745159868135
3072,256,4096,1,m,n,n,64,128,32,3,2,2,1,178.99520874023438,35992.309455330535
3072,256,4096,1,m,n,n,64,128,32,4,1,1,1,970.8953857421875,6635.576848555273
3072,256,4096,1,m,n,n,64,128,32,4,2,2,1,181.22751235961914,35548.967483567896
3072,256,4096,1,m,n,n,64,128,32,5,1,1,1,1115.116195678711,5777.380840638611
3072,256,4096,1,m,n,n,64,128,32,5,2,2,1,209.02015686035156,30822.151512900575
3072,256,4096,1,m,n,n,64,128,32,6,1,1,1,1453.465576171875,4432.475766621231
3072,256,4096,1,m,n,n,64,128,32,6,2,2,1,202.7110481262207,31781.449524095613
3072,256,4096,1,m,n,n,64,128,64,3,1,1,1,1489.4694519042969,4325.332712103147
3072,256,4096,1,m,n,n,64,128,64,3,2,2,1,181.73952102661133,35448.816567843045
3072,256,4096,1,m,n,n,64,128,64,4,1,1,1,1497.1699523925781,4303.0859213441545
3072,256,4096,1,m,n,n,64,128,64,4,2,2,1,189.31711196899414,34029.94519087703
3072,256,4096,1,m,n,n,64,256,16,3,2,2,1,212.35712051391602,30337.814566372497
3072,256,4096,1,m,n,n,64,256,16,4,2,2,1,216.18688583374023,29800.378127258857
3072,256,4096,1,m,n,n,64,256,16,5,2,2,1,217.41567611694336,29631.95230014022
3072,256,4096,1,m,n,n,64,256,16,6,2,2,1,208.85503768920898,30846.519266568146
3072,256,4096,1,m,n,n,64,256,32,3,2,2,1,192.7782440185547,33418.97306305955
3072,256,4096,1,m,n,n,64,256,32,4,2,2,1,191.52896881103516,33636.953114681055
3072,256,4096,1,m,n,n,128,128,16,3,1,1,1,2460.4666137695312,2618.3858411026818
3072,256,4096,1,m,n,n,128,128,16,3,2,2,1,174.6329689025879,36891.3784406521
3072,256,4096,1,m,n,n,128,128,16,4,1,1,1,2466.6522216796875,2611.8197317710883
3072,256,4096,1,m,n,n,128,128,16,4,2,2,1,181.61663055419922,35472.8029274687
3072,256,4096,1,m,n,n,128,128,16,5,1,1,1,2449.59228515625,2630.009484859666
3072,256,4096,1,m,n,n,128,128,16,5,2,2,1,174.2643165588379,36969.42134349574
3072,256,4096,1,m,n,n,128,128,16,6,1,1,1,2450.4115295410156,2629.130195615236
3072,256,4096,1,m,n,n,128,128,16,6,2,2,1,177.35679626464844,36324.80446019502
3072,256,4096,1,m,n,n,128,128,32,3,1,1,1,2551.1322021484375,2525.330101895341
3072,256,4096,1,m,n,n,128,128,32,3,2,2,1,157.1020793914795,41008.05647483626
3072,256,4096,1,m,n,n,128,128,32,4,1,1,1,2411.9705200195312,2671.0322081166364
3072,256,4096,1,m,n,n,128,128,32,4,2,2,1,168.67904663085938,38193.5461023727
3072,256,4096,1,m,n,n,128,128,32,5,1,1,1,2460.8154296875,2618.014689877871
3072,256,4096,1,m,n,n,128,128,32,5,2,2,1,161.56671524047852,39874.86490896935
3072,256,4096,1,m,n,n,128,128,32,6,1,1,1,2458.4396362304688,2620.5446939011385
3072,256,4096,1,m,n,n,128,128,32,6,2,2,1,177.93024063110352,36207.73467820406
3072,256,4096,1,m,n,n,128,128,64,3,1,1,1,2486.0263061523438,2591.4653147701674
3072,256,4096,1,m,n,n,128,128,64,3,2,2,1,155.1974391937256,41511.32246427207
3072,256,4096,1,m,n,n,128,256,16,3,2,2,1,1370.1119995117188,4702.134530823731
3072,256,4096,1,m,n,n,128,256,16,4,2,2,1,1364.5210266113281,4721.4010032511405
3072,256,4096,1,m,n,n,128,256,16,5,2,2,1,1382.1746826171875,4661.097490080656
3072,256,4096,1,m,n,n,128,256,16,6,2,2,1,1468.907470703125,4385.879350804976
3072,256,4096,1,m,n,n,128,256,32,3,2,2,1,1225.7689666748047,5255.844387606508
3072,256,4096,1,m,n,n,128,256,32,4,2,2,1,1227.6326751708984,5247.865321850567
3072,3072,24576,1,m,n,n,16,128,16,3,1,1,1,24224.501953125,19148.235487589118
3072,3072,24576,1,m,n,n,16,128,16,4,1,1,1,29912.0263671875,15507.356882943752
3072,3072,24576,1,m,n,n,16,128,16,5,1,1,1,15687.22900390625,29569.050585829777
3072,3072,24576,1,m,n,n,16,128,16,6,1,1,1,23667.4658203125,19598.907271681666
3072,3072,24576,1,m,n,n,16,128,32,3,1,1,1,28870.04638671875,16067.049624880083
3072,3072,24576,1,m,n,n,16,128,32,4,1,1,1,36188.38623046875,12817.826830240274
3072,3072,24576,1,m,n,n,16,128,32,5,1,1,1,35808.7060546875,12953.7344147424
3072,3072,24576,1,m,n,n,16,128,32,6,1,1,1,36521.513671875,12700.910267178031
3072,3072,24576,1,m,n,n,16,128,64,3,1,1,1,34588.28369140625,13410.797485833305
3072,3072,24576,1,m,n,n,16,128,64,4,1,1,1,33438.9453125,13871.743370883269
3072,3072,24576,1,m,n,n,16,128,64,5,1,1,1,33485.537109375,13852.442218647686
3072,3072,24576,1,m,n,n,32,128,16,3,1,1,1,9592.033081054688,48358.514201141275
3072,3072,24576,1,m,n,n,32,128,16,4,1,1,1,9176.02294921875,50550.9271865425
3072,3072,24576,1,m,n,n,32,128,16,5,1,1,1,11170.714111328125,41524.33437515039
3072,3072,24576,1,m,n,n,32,128,16,6,1,1,1,11261.153564453125,41190.84828327055
3072,3072,24576,1,m,n,n,32,128,32,3,1,1,1,10544.271240234375,43991.32546951529
3072,3072,24576,1,m,n,n,32,128,32,3,2,2,1,11892.735595703125,39003.344876816445
3072,3072,24576,1,m,n,n,32,128,32,4,1,1,1,15510.814208984375,29905.359042939155
3072,3072,24576,1,m,n,n,32,128,32,4,2,2,1,12574.166259765625,36889.64010697327
3072,3072,24576,1,m,n,n,32,128,32,5,1,1,1,29206.875,15881.756195005457
3072,3072,24576,1,m,n,n,32,128,32,5,2,2,1,16035.205078125,28927.379831317932
3072,3072,24576,1,m,n,n,32,128,32,6,1,1,1,30241.9140625,15338.198072032168
3072,3072,24576,1,m,n,n,32,128,32,6,2,2,1,11199.508056640625,41417.57527402834
3072,3072,24576,1,m,n,n,32,128,64,3,1,1,1,28676.93603515625,16175.245061025314
3072,3072,24576,1,m,n,n,32,128,64,3,2,2,1,11435.172119140625,40564.012778747725
3072,3072,24576,1,m,n,n,32,128,64,4,1,1,1,28437.197265625,16311.609883183235
3072,3072,24576,1,m,n,n,32,128,64,4,2,2,1,13183.631591796875,35184.27109694274
3072,3072,24576,1,m,n,n,32,256,32,3,2,2,1,9870.704345703125,46993.249085605945
3072,3072,24576,1,m,n,n,32,256,32,4,2,2,1,9772.421264648438,47465.86904168701
3072,3072,24576,1,m,n,n,32,256,32,5,2,2,1,9911.090087890625,46801.76084109457
3072,3072,24576,1,m,n,n,64,128,16,3,1,1,1,46899.0771484375,9890.52442332448
3072,3072,24576,1,m,n,n,64,128,16,3,2,2,1,7507.2100830078125,61788.129390159935
3072,3072,24576,1,m,n,n,64,128,16,4,1,1,1,40126.9140625,11559.73437791694
3072,3072,24576,1,m,n,n,64,128,16,4,2,2,1,7571.6448974609375,61262.3114593698
3072,3072,24576,1,m,n,n,64,128,16,5,1,1,1,36147.158203125,12832.446339527145
3072,3072,24576,1,m,n,n,64,128,16,5,2,2,1,7673.4649658203125,60449.414968875484
3072,3072,24576,1,m,n,n,64,128,16,6,1,1,1,39631.15478515625,11704.338934421772
3072,3072,24576,1,m,n,n,64,128,16,6,2,2,1,7531.3763427734375,61589.8670915686
3072,3072,24576,1,m,n,n,64,128,32,3,1,1,1,39703.87939453125,11682.900387610258
3072,3072,24576,1,m,n,n,64,128,32,3,2,2,1,7398.7481689453125,62693.91218300143
3072,3072,24576,1,m,n,n,64,128,32,4,1,1,1,39841.5869140625,11642.519886783854
3072,3072,24576,1,m,n,n,64,128,32,4,2,2,1,7445.7293701171875,62298.32497399774
3072,3072,24576,1,m,n,n,64,128,32,5,1,1,1,44003.7353515625,10541.29755717498
3072,3072,24576,1,m,n,n,64,128,32,5,2,2,1,8687.63671875,53392.71000672562
3072,3072,24576,1,m,n,n,64,128,32,6,1,1,1,59052.9345703125,7854.926623768383
3072,3072,24576,1,m,n,n,64,128,32,6,2,2,1,8589.598999023438,54002.109763300534
3072,3072,24576,1,m,n,n,64,128,64,3,1,1,1,61361.2548828125,7559.435817501962
3072,3072,24576,1,m,n,n,64,128,64,3,2,2,1,7743.876953125,59899.77252683661
3072,3072,24576,1,m,n,n,64,128,64,4,1,1,1,60503.22265625,7666.640678024835
3072,3072,24576,1,m,n,n,64,128,64,4,2,2,1,7889.8992919921875,58791.177276342256
3072,3072,24576,1,m,n,n,64,256,16,3,2,2,1,7262.7197265625,63868.14932035754
3072,3072,24576,1,m,n,n,64,256,16,4,2,2,1,7445.504150390625,62300.20944164862
3072,3072,24576,1,m,n,n,64,256,16,5,2,2,1,9144.29931640625,50726.2997325308
3072,3072,24576,1,m,n,n,64,256,16,6,2,2,1,9015.193481445312,51452.746845942864
3072,3072,24576,1,m,n,n,64,256,32,3,2,2,1,8402.575073242188,55204.08492929037
3072,3072,24576,1,m,n,n,64,256,32,4,2,2,1,8252.293090820312,56209.40299417925
3072,3072,24576,1,m,n,n,128,128,16,3,1,1,1,221353.0859375,2095.5500394468045
3072,3072,24576,1,m,n,n,128,128,16,3,2,2,1,7755.5914306640625,59809.29657201951
3072,3072,24576,1,m,n,n,128,128,16,4,1,1,1,219805.0390625,2110.3086168834634
3072,3072,24576,1,m,n,n,128,128,16,4,2,2,1,7814.32861328125,59359.73401216178
3072,3072,24576,1,m,n,n,128,128,16,5,1,1,1,195223.06640625,2376.033101553361
3072,3072,24576,1,m,n,n,128,128,16,5,2,2,1,7797.760009765625,59485.8609891922
3072,3072,24576,1,m,n,n,128,128,16,6,1,1,1,194092.8125,2389.8693722519997
3072,3072,24576,1,m,n,n,128,128,16,6,2,2,1,7773.409423828125,59672.20336370336
3072,3072,24576,1,m,n,n,128,128,32,3,1,1,1,210440.625,2204.2154074005434
3072,3072,24576,1,m,n,n,128,128,32,3,2,2,1,7255.8184814453125,63928.89639593117
3072,3072,24576,1,m,n,n,128,128,32,4,1,1,1,149743.349609375,3097.6765858252134
3072,3072,24576,1,m,n,n,128,128,32,4,2,2,1,8000.634765625,57977.458233811034
3072,3072,24576,1,m,n,n,128,128,32,5,1,1,1,145970.83984375,3177.7337752151107
3072,3072,24576,1,m,n,n,128,128,32,5,2,2,1,8001.2286376953125,57973.15499555703
3072,3072,24576,1,m,n,n,128,128,32,6,1,1,1,144618.251953125,3207.4545342890015
3072,3072,24576,1,m,n,n,128,128,32,6,2,2,1,8224.993286132812,56395.969191859826
3072,3072,24576,1,m,n,n,128,128,64,3,1,1,1,142575.087890625,3253.418776244014
3072,3072,24576,1,m,n,n,128,128,64,3,2,2,1,7735.8489990234375,59961.93411047147
3072,3072,24576,1,m,n,n,128,256,16,3,2,2,1,37212.40478515625,12465.103253768455
3072,3072,24576,1,m,n,n,128,256,16,4,2,2,1,37338.52783203125,12422.998304986088
3072,3072,24576,1,m,n,n,128,256,16,5,2,2,1,39746.171875,11670.469031000235
3072,3072,24576,1,m,n,n,128,256,16,6,2,2,1,36773.3544921875,12613.928600572634
3072,3072,24576,1,m,n,n,128,256,32,3,2,2,1,40001.1669921875,11596.073386023822
3072,3072,24576,1,m,n,n,128,256,32,4,2,2,1,40069.90234375,11576.181643486116
3584,256,4096,1,m,n,n,16,128,16,3,1,1,1,266.17855072021484,28237.409617202433
3584,256,4096,1,m,n,n,16,128,16,4,1,1,1,327.8028869628906,22929.001137353865
3584,256,4096,1,m,n,n,16,128,16,5,1,1,1,330.1375961303711,22766.848902091908
3584,256,4096,1,m,n,n,16,128,16,6,1,1,1,284.85631942749023,26385.908457661008
3584,256,4096,1,m,n,n,16,128,32,3,1,1,1,319.8771286010742,23497.12466430699
3584,256,4096,1,m,n,n,16,128,32,4,1,1,1,437.96478271484375,17161.63733852945
3584,256,4096,1,m,n,n,16,128,32,5,1,1,1,420.43392181396484,17877.22725980658
3584,256,4096,1,m,n,n,16,128,32,6,1,1,1,728.4326171875,10318.30891513376
3584,256,4096,1,m,n,n,16,128,64,3,1,1,1,677.4784088134766,11094.36503100331
3584,256,4096,1,m,n,n,16,128,64,4,1,1,1,662.9580688476562,11337.357702070862
3584,256,4096,1,m,n,n,16,128,64,5,1,1,1,667.6480102539062,11257.717618512179
3584,256,4096,1,m,n,n,32,128,16,3,1,1,1,207.15520858764648,36282.90507028179
3584,256,4096,1,m,n,n,32,128,16,4,1,1,1,205.14816284179688,36637.87510393757
3584,256,4096,1,m,n,n,32,128,16,5,1,1,1,206.25919342041016,36440.52244827718
3584,256,4096,1,m,n,n,32,128,16,6,1,1,1,208.99839401245117,35962.92116748141
3584,256,4096,1,m,n,n,32,128,32,3,1,1,1,202.4448013305664,37127.12165785389
3584,256,4096,1,m,n,n,32,128,32,3,2,2,1,147.31712341308594,51020.496422022516
3584,256,4096,1,m,n,n,32,128,32,4,1,1,1,391.0655975341797,19219.774931347867
3584,256,4096,1,m,n,n,32,128,32,4,2,2,1,166.60480499267578,45113.90153681596
3584,256,4096,1,m,n,n,32,128,32,5,1,1,1,581.0182571411133,12936.241977977164
3584,256,4096,1,m,n,n,32,128,32,5,2,2,1,208.6911964416504,36015.8592990841
3584,256,4096,1,m,n,n,32,128,32,6,1,1,1,596.7052841186523,12596.155871321958
3584,256,4096,1,m,n,n,32,128,32,6,2,2,1,202.64959335327148,37089.60202499544
3584,256,4096,1,m,n,n,32,128,64,3,1,1,1,570.6342315673828,13171.647181689377
3584,256,4096,1,m,n,n,32,128,64,3,2,2,1,188.68223190307617,39835.19111572191
3584,256,4096,1,m,n,n,32,128,64,4,1,1,1,564.8793411254883,13305.837584756484
3584,256,4096,1,m,n,n,32,128,64,4,2,2,1,189.41951751708984,39680.13891346689
3584,256,4096,1,m,n,n,32,256,32,3,2,2,1,227.49183654785156,33039.395531975555
3584,256,4096,1,m,n,n,32,256,32,4,2,2,1,227.65567779541016,33015.61744818269
3584,256,4096,1,m,n,n,32,256,32,5,2,2,1,229.4816017150879,32752.9209828843
3584,256,4096,1,m,n,n,64,128,16,3,1,1,1,989.5526123046875,7595.546385850712
3584,256,4096,1,m,n,n,64,128,16,3,2,2,1,170.98751068115234,43957.55419830495
3584,256,4096,1,m,n,n,64,128,16,4,1,1,1,969.8451232910156,7749.889737543858
3584,256,4096,1,m,n,n,64,128,16,4,2,2,1,170.78847885131836,44008.78102874432
3584,256,4096,1,m,n,n,64,128,16,5,1,1,1,999.6083068847656,7519.137962572438
3584,256,4096,1,m,n,n,64,128,16,5,2,2,1,170.59839248657227,44057.8170664275
3584,256,4096,1,m,n,n,64,128,16,6,1,1,1,978.3705902099609,7682.357629318156
3584,256,4096,1,m,n,n,64,128,16,6,2,2,1,169.59487915039062,44318.512478993616
3584,256,4096,1,m,n,n,64,128,32,3,1,1,1,978.0838775634766,7684.609613158875
3584,256,4096,1,m,n,n,64,128,32,3,2,2,1,179.34335708618164,41909.513070998044
3584,256,4096,1,m,n,n,64,128,32,4,1,1,1,949.7805023193359,7913.610302217912
3584,256,4096,1,m,n,n,64,128,32,4,2,2,1,181.73952102661133,41356.952662483556
3584,256,4096,1,m,n,n,64,128,32,5,1,1,1,1116.0985565185547,6734.3450308234915
3584,256,4096,1,m,n,n,64,128,32,5,2,2,1,209.34656143188477,35903.110691624854
3584,256,4096,1,m,n,n,64,128,32,6,1,1,1,1469.2147827148438,5115.788961850379
3584,256,4096,1,m,n,n,64,128,32,6,2,2,1,210.4934310913086,35707.493241152966
3584,256,4096,1,m,n,n,64,128,64,3,1,1,1,1517.4905395507812,4953.040939698378
3584,256,4096,1,m,n,n,64,128,64,3,2,2,1,179.07712936401367,41971.818482312636
3584,256,4096,1,m,n,n,64,128,64,4,1,1,1,1521.4591979980469,4940.1211533571795
3584,256,4096,1,m,n,n,64,128,64,4,2,2,1,174.7737693786621,43005.267865543
3584,256,4096,1,m,n,n,64,256,16,3,2,2,1,212.3347282409668,35397.849566418045
3584,256,4096,1,m,n,n,64,256,16,4,2,2,1,216.30975723266602,34747.35889937443
3584,256,4096,1,m,n,n,64,256,16,5,2,2,1,217.74335861206055,34518.58562258664
3584,256,4096,1,m,n,n,64,256,16,6,2,2,1,208.91647338867188,35977.02299912341
3584,256,4096,1,m,n,n,64,256,32,3,2,2,1,193.0419158935547,38935.547925998144
3584,256,4096,1,m,n,n,64,256,32,4,2,2,1,191.75424575805664,39197.00832848028
3584,256,4096,1,m,n,n,128,128,16,3,1,1,1,2490.0607299804688,3018.4776931360043
3584,256,4096,1,m,n,n,128,128,16,3,2,2,1,199.57759857177734,37660.5030914671
3584,256,4096,1,m,n,n,128,128,16,4,1,1,1,2495.283203125,3012.1602063393043
3584,256,4096,1,m,n,n,128,128,16,4,2,2,1,177.7440071105957,42286.61708590423
3584,256,4096,1,m,n,n,128,128,16,5,1,1,1,2443.6326599121094,3075.8275952451613
3584,256,4096,1,m,n,n,128,128,16,5,2,2,1,176.70143127441406,42536.11707495165
3584,256,4096,1,m,n,n,128,128,16,6,1,1,1,2532.3519897460938,2968.067945701976
3584,256,4096,1,m,n,n,128,128,16,6,2,2,1,178.9971160888672,41990.58025196571
3584,256,4096,1,m,n,n,128,128,32,3,1,1,1,2532.3916625976562,2968.0214474762965
3584,256,4096,1,m,n,n,128,128,32,3,2,2,1,158.90432357788086,47300.11492932241
3584,256,4096,1,m,n,n,128,128,32,4,1,1,1,2569.6218872070312,2925.0189708531348
3584,256,4096,1,m,n,n,128,128,32,4,2,2,1,159.90400314331055,47004.40652047825
3584,256,4096,1,m,n,n,128,128,32,5,1,1,1,2538.270721435547,2961.1470141960017
3584,256,4096,1,m,n,n,128,128,32,5,2,2,1,163.16415786743164,46065.21963056857
3584,256,4096,1,m,n,n,128,128,32,6,1,1,1,2520.063934326172,2982.540508445362
3584,256,4096,1,m,n,n,128,128,32,6,2,2,1,164.53632354736328,45681.05452919273
3584,256,4096,1,m,n,n,128,128,64,3,1,1,1,2470.154266357422,3042.8029821326295
3584,256,4096,1,m,n,n,128,128,64,3,2,2,1,157.38880157470703,47755.57531920289
3584,256,4096,1,m,n,n,128,256,16,3,2,2,1,1360.4045104980469,5524.969014729529
3584,256,4096,1,m,n,n,128,256,16,4,2,2,1,1361.7152404785156,5519.650911271847
3584,256,4096,1,m,n,n,128,256,16,5,2,2,1,1380.5772399902344,5444.239228551361
3584,256,4096,1,m,n,n,128,256,16,6,2,2,1,1458.8313293457031,5152.2013661243955
3584,256,4096,1,m,n,n,128,256,32,3,2,2,1,1234.0838623046875,6090.504055342958
3584,256,4096,1,m,n,n,128,256,32,4,2,2,1,1237.7702331542969,6072.365101918761
3584,3584,14336,1,m,n,n,16,128,16,3,1,1,1,16044.378662109373,22954.67175065912
3584,3584,14336,1,m,n,n,16,128,16,4,1,1,1,22006.27197265625,16735.839950066085
3584,3584,14336,1,m,n,n,16,128,16,5,1,1,1,14487.96142578125,25420.653383064906
3584,3584,14336,1,m,n,n,16,128,16,6,1,1,1,17784.012451171875,20709.243577240715
3584,3584,14336,1,m,n,n,16,128,32,3,1,1,1,19181.588134765625,19200.3625061935
3584,3584,14336,1,m,n,n,16,128,32,4,1,1,1,24519.208984375,15020.60877521363
3584,3584,14336,1,m,n,n,16,128,32,5,1,1,1,25942.21923828125,14196.682336587968
3584,3584,14336,1,m,n,n,16,128,32,6,1,1,1,28744.51904296875,12812.649433495702
3584,3584,14336,1,m,n,n,16,128,64,3,1,1,1,27179.37744140625,13550.473936570957
3584,3584,14336,1,m,n,n,16,128,64,4,1,1,1,26353.04931640625,13975.36357975533
3584,3584,14336,1,m,n,n,16,128,64,5,1,1,1,26495.2001953125,13900.383575782835
3584,3584,14336,1,m,n,n,32,128,16,3,1,1,1,7775.70556640625,47364.63366400544
3584,3584,14336,1,m,n,n,32,128,16,4,1,1,1,7368.089599609375,49984.93037483222
3584,3584,14336,1,m,n,n,32,128,16,5,1,1,1,8840.355834960938,41660.47753140328
3584,3584,14336,1,m,n,n,32,128,16,6,1,1,1,9122.857055664062,40370.406264706246
3584,3584,14336,1,m,n,n,32,128,32,3,1,1,1,8640.962524414062,42621.807997827615
3584,3584,14336,1,m,n,n,32,128,32,3,2,2,1,7848.48876953125,46925.39627014033
3584,3584,14336,1,m,n,n,32,128,32,4,1,1,1,12140.953369140625,30334.80439584861
3584,3584,14336,1,m,n,n,32,128,32,4,2,2,1,7847.1783447265625,46933.23248852877
3584,3584,14336,1,m,n,n,32,128,32,5,1,1,1,23053.4765625,15975.614117615803
3584,3584,14336,1,m,n,n,32,128,32,5,2,2,1,10690.43701171875,34450.738096887944
3584,3584,14336,1,m,n,n,32,128,32,6,1,1,1,23858.81103515625,15436.370449865044
3584,3584,14336,1,m,n,n,32,128,32,6,2,2,1,8767.8564453125,42004.95844442096
3584,3584,14336,1,m,n,n,32,128,64,3,1,1,1,22769.89013671875,16174.581582108278
3584,3584,14336,1,m,n,n,32,128,64,3,2,2,1,8583.311157226562,42908.08510675069
3584,3584,14336,1,m,n,n,32,128,64,4,1,1,1,22554.3994140625,16329.117830660203
3584,3584,14336,1,m,n,n,32,128,64,4,2,2,1,9035.079956054688,40762.61056054022
3584,3584,14336,1,m,n,n,32,256,32,3,2,2,1,7701.2786865234375,47822.3760784662
3584,3584,14336,1,m,n,n,32,256,32,4,2,2,1,7670.6817626953125,48013.130648062455
3584,3584,14336,1,m,n,n,32,256,32,5,2,2,1,7705.5181884765625,47796.06466736721
3584,3584,14336,1,m,n,n,64,128,16,3,1,1,1,37366.845703125,9856.155602697809
3584,3584,14336,1,m,n,n,64,128,16,3,2,2,1,5814.7222900390625,63338.097205933096
3584,3584,14336,1,m,n,n,64,128,16,4,1,1,1,32102.5634765625,11472.399887967962
3584,3584,14336,1,m,n,n,64,128,16,4,2,2,1,5835.46875,63112.91541609233
3584,3584,14336,1,m,n,n,64,128,16,5,1,1,1,28776.796875,12798.277974848443
3584,3584,14336,1,m,n,n,64,128,16,5,2,2,1,5875.4864501953125,62683.05590590839
3584,3584,14336,1,m,n,n,64,128,16,6,1,1,1,30670.72509765625,12007.979741572648
3584,3584,14336,1,m,n,n,64,128,16,6,2,2,1,5738.311767578125,64181.498069324945
3584,3584,14336,1,m,n,n,64,128,32,3,1,1,1,30435.97900390625,12100.594680550017
3584,3584,14336,1,m,n,n,64,128,32,3,2,2,1,5707.694091796875,64525.78566908712
3584,3584,14336,1,m,n,n,64,128,32,4,1,1,1,30680.0390625,12004.334312669196
3584,3584,14336,1,m,n,n,64,128,32,4,2,2,1,5764.9151611328125,63885.31926975139
3584,3584,14336,1,m,n,n,64,128,32,5,1,1,1,34315.4052734375,10732.597872509601
3584,3584,14336,1,m,n,n,64,128,32,5,2,2,1,6841.3232421875,53833.65653020056
3584,3584,14336,1,m,n,n,64,128,32,6,1,1,1,46458.7548828125,7927.32062150574
3584,3584,14336,1,m,n,n,64,128,32,6,2,2,1,6842.060546875,53827.85538198899
3584,3584,14336,1,m,n,n,64,128,64,3,1,1,1,48055.64453125,7663.895661466017
3584,3584,14336,1,m,n,n,64,128,64,3,2,2,1,6081.8841552734375,60555.813992718475
3584,3584,14336,1,m,n,n,64,128,64,4,1,1,1,47365.3466796875,7775.588514586798
3584,3584,14336,1,m,n,n,64,128,64,4,2,2,1,6136.23779296875,60019.42200708251
3584,3584,14336,1,m,n,n,64,256,16,3,2,2,1,5406.351318359375,68122.3664435783
3584,3584,14336,1,m,n,n,64,256,16,4,2,2,1,5493.0023193359375,67047.7498863543
3584,3584,14336,1,m,n,n,64,256,16,5,2,2,1,6923.2232666015625,53196.81764542978
3584,3584,14336,1,m,n,n,64,256,16,6,2,2,1,6608.2403564453125,55732.45308379059
3584,3584,14336,1,m,n,n,64,256,32,3,2,2,1,6220.4949951171875,59206.45317150709
3584,3584,14336,1,m,n,n,64,256,32,4,2,2,1,6337.6019287109375,58112.429555339804
3584,3584,14336,1,m,n,n,128,128,16,3,1,1,1,180669.3359375,2038.4944889563658
3584,3584,14336,1,m,n,n,128,128,16,3,2,2,1,5676.5850830078125,64879.40200780977
3584,3584,14336,1,m,n,n,128,128,16,4,1,1,1,178890.390625,2058.765953527584
3584,3584,14336,1,m,n,n,128,128,16,4,2,2,1,5827.4200439453125,63200.085604719156
3584,3584,14336,1,m,n,n,128,128,16,5,1,1,1,155493.9453125,2368.5388192564774
3584,3584,14336,1,m,n,n,128,128,16,5,2,2,1,5815.6439208984375,63328.05973703832
3584,3584,14336,1,m,n,n,128,128,16,6,1,1,1,157933.115234375,2331.958342526501
3584,3584,14336,1,m,n,n,128,128,16,6,2,2,1,5726.4129638671875,64314.85957367671
3584,3584,14336,1,m,n,n,128,128,32,3,1,1,1,171303.37890625,2149.948518140776
3584,3584,14336,1,m,n,n,128,128,32,3,2,2,1,5446.8609619140625,67615.72366308012
3584,3584,14336,1,m,n,n,128,128,32,4,1,1,1,114291.484375,3222.4049555923007
3584,3584,14336,1,m,n,n,128,128,32,4,2,2,1,5956.8536376953125,61826.8414891744
3584,3584,14336,1,m,n,n,128,128,32,5,1,1,1,114839.47265625,3207.028359790679
3584,3584,14336,1,m,n,n,128,128,32,5,2,2,1,6007.5189208984375,61305.41584327144
3584,3584,14336,1,m,n,n,128,128,32,6,1,1,1,114771.064453125,3208.939878591255
3584,3584,14336,1,m,n,n,128,128,32,6,2,2,1,6125.5682373046875,60123.9642371616
3584,3584,14336,1,m,n,n,128,128,64,3,1,1,1,109916.4453125,3350.6673599652577
3584,3584,14336,1,m,n,n,128,128,64,3,2,2,1,5863.2806396484375,62813.54556722751
3584,3584,14336,1,m,n,n,128,256,16,3,2,2,1,30441.47216796875,12098.411128077021
3584,3584,14336,1,m,n,n,128,256,16,4,2,2,1,30387.42919921875,12119.927724635181
3584,3584,14336,1,m,n,n,128,256,16,5,2,2,1,31521.50634765625,11683.878351815636
3584,3584,14336,1,m,n,n,128,256,16,6,2,2,1,30087.0263671875,12240.938706845945
3584,3584,14336,1,m,n,n,128,256,32,3,2,2,1,32100.0439453125,11473.300356206557
3584,3584,14336,1,m,n,n,128,256,32,4,2,2,1,32124.580078125,11464.537271345898
4096,128,4096,1,m,n,n,16,128,16,3,1,1,1,174.57151412963867,24602.91025951984
4096,128,4096,1,m,n,n,16,128,16,4,1,1,1,175.55456161499023,24465.14209878134
4096,128,4096,1,m,n,n,16,128,16,5,1,1,1,182.78400421142578,23497.500859167212
4096,128,4096,1,m,n,n,16,128,16,6,1,1,1,264.1100883483887,16262.034225419256
4096,128,4096,1,m,n,n,16,128,32,3,1,1,1,292.2496032714844,14696.229688326397
4096,128,4096,1,m,n,n,16,128,32,4,1,1,1,294.3180847167969,14592.943889712953
4096,128,4096,1,m,n,n,16,128,32,5,1,1,1,284.30335998535156,15106.9874665614
4096,128,4096,1,m,n,n,16,128,32,6,1,1,1,486.2361526489258,8833.089174060387
4096,128,4096,1,m,n,n,16,128,64,3,1,1,1,452.32128143310547,9495.390715183916
4096,128,4096,1,m,n,n,16,128,64,4,1,1,1,442.9004669189453,9697.364570143967
4096,128,4096,1,m,n,n,16,128,64,5,1,1,1,446.07486724853516,9628.355263528028
4096,128,4096,1,m,n,n,32,128,16,3,1,1,1,204.86143112182617,20965.231339450547
4096,128,4096,1,m,n,n,32,128,16,4,1,1,1,203.71456146240234,21083.261133459433
4096,128,4096,1,m,n,n,32,128,16,5,1,1,1,204.3289566040039,21019.8660404447
4096,128,4096,1,m,n,n,32,128,16,6,1,1,1,206.6431999206543,20784.459869229464
4096,128,4096,1,m,n,n,32,128,32,3,1,1,1,200.66816329956055,21403.33187576151
4096,128,4096,1,m,n,n,32,128,32,3,2,2,1,102.74815559387207,41800.91867513925
4096,128,4096,1,m,n,n,32,128,32,4,1,1,1,199.29088592529297,21551.247946230866
4096,128,4096,1,m,n,n,32,128,32,4,2,2,1,101.92895889282227,42136.87005786192
4096,128,4096,1,m,n,n,32,128,32,5,1,1,1,387.97313690185547,11070.269787999488
4096,128,4096,1,m,n,n,32,128,32,5,2,2,1,140.5951976776123,30548.463723835357
4096,128,4096,1,m,n,n,32,128,32,6,1,1,1,398.52481842041016,10777.163924253196
4096,128,4096,1,m,n,n,32,128,32,6,2,2,1,136.27391815185547,31517.163036392238
4096,128,4096,1,m,n,n,32,128,64,3,1,1,1,381.6243362426758,11254.437644848784
4096,128,4096,1,m,n,n,32,128,64,3,2,2,1,127.28320121765135,33743.39468926229
4096,128,4096,1,m,n,n,32,128,64,4,1,1,1,377.79457092285156,11368.525718907338
4096,128,4096,1,m,n,n,32,128,64,4,2,2,1,127.4835205078125,33690.3725194567
4096,128,4096,1,m,n,n,32,256,32,3,2,2,1,237.42464065551758,18089.81276813481
4096,128,4096,1,m,n,n,32,256,32,4,2,2,1,237.63391494750977,18073.881823428706
4096,128,4096,1,m,n,n,32,256,32,5,2,2,1,239.41120147705078,17939.70904244304
4096,128,4096,1,m,n,n,64,128,16,3,1,1,1,578.682861328125,7421.970794404892
4096,128,4096,1,m,n,n,64,128,16,3,2,2,1,127.01503753662111,33814.63627691856
4096,128,4096,1,m,n,n,64,128,16,4,1,1,1,586.0556793212891,7328.599393446713
4096,128,4096,1,m,n,n,64,128,16,4,2,2,1,127.77471542358398,33613.59312569643
4096,128,4096,1,m,n,n,64,128,16,5,1,1,1,584.2329788208008,7351.463288958525
4096,128,4096,1,m,n,n,64,128,16,5,2,2,1,128.59392166137695,33399.45808099567
4096,128,4096,1,m,n,n,64,128,16,6,1,1,1,584.5401763916016,7347.5998219884
4096,128,4096,1,m,n,n,64,128,16,6,2,2,1,130.31295776367188,32958.86586957152
4096,128,4096,1,m,n,n,64,128,32,3,1,1,1,779.1206359863281,5512.583158014785
4096,128,4096,1,m,n,n,64,128,32,3,2,2,1,106.74176216125488,40236.99074324432
4096,128,4096,1,m,n,n,64,128,32,4,1,1,1,782.1894073486328,5490.955586522886
4096,128,4096,1,m,n,n,64,128,32,4,2,2,1,107.5814437866211,39922.93786760022
4096,128,4096,1,m,n,n,64,128,32,5,1,1,1,560.7833480834961,7658.870953779666
4096,128,4096,1,m,n,n,64,128,32,5,2,2,1,106.72127723693848,40244.71414884287
4096,128,4096,1,m,n,n,64,128,32,6,1,1,1,774.3283081054688,5546.700606243362
4096,128,4096,1,m,n,n,64,128,32,6,2,2,1,106.86464309692383,40190.723250762756
4096,128,4096,1,m,n,n,64,128,64,3,1,1,1,817.3548889160156,5254.715368126114
4096,128,4096,1,m,n,n,64,128,64,3,2,2,1,96.52223587036133,44497.17992202911
4096,128,4096,1,m,n,n,64,128,64,4,1,1,1,806.7890930175781,5323.531680300521
4096,128,4096,1,m,n,n,64,128,64,4,2,2,1,96.80895805358887,44365.39120297637
4096,128,4096,1,m,n,n,64,256,16,3,2,2,1,211.55839920043945,20301.568324549313
4096,128,4096,1,m,n,n,64,256,16,4,2,2,1,214.7942352294922,19995.728895662105
4096,128,4096,1,m,n,n,64,256,16,5,2,2,1,216.22783660888672,19863.156212253765
4096,128,4096,1,m,n,n,64,256,16,6,2,2,1,208.18048477172852,20630.979415335034
4096,128,4096,1,m,n,n,64,256,32,3,2,2,1,194.3552017211914,22098.545642021272
4096,128,4096,1,m,n,n,64,256,32,4,2,2,1,193.22879791259766,22227.36642983581
4096,128,4096,1,m,n,n,128,128,16,3,1,1,1,2383.441925048828,1802.0020755957844
4096,128,4096,1,m,n,n,128,128,16,3,2,2,1,173.60895156860352,24739.319356483735
4096,128,4096,1,m,n,n,128,128,16,4,1,1,1,2385.0393676757812,1800.7951374762597
4096,128,4096,1,m,n,n,128,128,16,4,2,2,1,184.2790412902832,23306.868029741956
4096,128,4096,1,m,n,n,128,128,16,5,1,1,1,2379.7964477539062,1804.7624619549567
4096,128,4096,1,m,n,n,128,128,16,5,2,2,1,174.57151412963867,24602.91025951984
4096,128,4096,1,m,n,n,128,128,16,6,1,1,1,2379.2434692382812,1805.1819208628704
4096,128,4096,1,m,n,n,128,128,16,6,2,2,1,177.00864791870117,24264.16644893332
4096,128,4096,1,m,n,n,128,128,32,3,1,1,1,2385.0393676757812,1800.7951374762597
4096,128,4096,1,m,n,n,128,128,32,3,2,2,1,157.2659206390381,27310.222574272466
4096,128,4096,1,m,n,n,128,128,32,4,1,1,1,2393.8662719726562,1794.1550646689836
4096,128,4096,1,m,n,n,128,128,32,4,2,2,1,158.06464195251465,27172.22044693767
4096,128,4096,1,m,n,n,128,128,32,5,1,1,1,2404.4921875,1786.2263468052963
4096,128,4096,1,m,n,n,128,128,32,5,2,2,1,161.05472564697266,26667.75084522788
4096,128,4096,1,m,n,n,128,128,32,6,1,1,1,2283.7657165527344,1880.6514454920118
4096,128,4096,1,m,n,n,128,128,32,6,2,2,1,162.44735717773438,26439.133086670394
4096,128,4096,1,m,n,n,128,128,64,3,1,1,1,2349.2608642578125,1828.2206805317392
4096,128,4096,1,m,n,n,128,128,64,3,2,2,1,163.29023361206055,26302.658775073098
4096,128,4096,1,m,n,n,128,256,16,3,2,2,1,1374.1874694824219,3125.4595107155724
4096,128,4096,1,m,n,n,128,256,16,4,2,2,1,1374.044189453125,3125.78542158052
4096,128,4096,1,m,n,n,128,256,16,5,2,2,1,1380.540771484375,3111.0760252172754
4096,128,4096,1,m,n,n,128,256,16,6,2,2,1,1459.4662475585938,2942.834274642976
4096,128,4096,1,m,n,n,128,256,32,3,2,2,1,1221.181411743164,3517.0591811327927
4096,128,4096,1,m,n,n,128,256,32,4,2,2,1,1222.5126647949219,3513.229285620928
4096,128,4096,1,m,n,n,256,128,16,3,1,1,1,4361.236572265625,984.8049342961466
4096,128,4096,1,m,n,n,256,128,16,3,2,2,1,1075.445785522461,3993.662306197488
4096,128,4096,1,m,n,n,256,128,16,4,1,1,1,4407.910461425781,974.3771643244203
4096,128,4096,1,m,n,n,256,128,16,4,2,2,1,1070.4486083984375,4012.3059269757555
4096,128,4096,1,m,n,n,256,128,16,5,1,1,1,4573.306884765625,939.1382219083491
4096,128,4096,1,m,n,n,256,128,16,5,2,2,1,1082.5933074951172,3967.295258768604
4096,4096,4096,1,m,n,n,16,128,16,3,1,1,1,4493.312072753906,30587.448912215223
4096,4096,4096,1,m,n,n,16,128,16,4,1,1,1,4550.04150390625,30206.087868430976
4096,4096,4096,1,m,n,n,16,128,16,5,1,1,1,4566.241149902344,30098.92578164413
4096,4096,4096,1,m,n,n,16,128,16,6,1,1,1,4638.085021972656,29632.693842586108
4096,4096,4096,1,m,n,n,16,128,32,3,1,1,1,5446.5533447265625,25234.11500321952
4096,4096,4096,1,m,n,n,16,128,32,4,1,1,1,6887.567138671875,19954.644463691176
4096,4096,4096,1,m,n,n,16,128,32,5,1,1,1,6902.9071044921875,19910.300311380288
4096,4096,4096,1,m,n,n,16,128,32,6,1,1,1,11029.073486328125,12461.513983234609
4096,4096,4096,1,m,n,n,16,128,64,3,1,1,1,10304.3896484375,13337.903375270798
4096,4096,4096,1,m,n,n,16,128,64,4,1,1,1,10089.779052734375,13621.60189570786
4096,4096,4096,1,m,n,n,16,128,64,5,1,1,1,10223.82080078125,13443.012759133811
4096,4096,4096,1,m,n,n,32,128,16,3,1,1,1,2475.1922607421875,55526.576925700654
4096,4096,4096,1,m,n,n,32,128,16,4,1,1,1,2647.2653198242188,51917.33236664246
4096,4096,4096,1,m,n,n,32,128,16,5,1,1,1,3402.6290893554688,40391.988037119234
4096,4096,4096,1,m,n,n,32,128,16,6,1,1,1,3332.9937744140625,41235.88664553136
4096,4096,4096,1,m,n,n,32,128,32,3,1,1,1,3257.85400390625,42186.959055625935
4096,4096,4096,1,m,n,n,32,128,32,3,2,2,1,2680.791015625,51268.05956560454
4096,4096,4096,1,m,n,n,32,128,32,4,1,1,1,4526.699523925781,30361.84592009457
4096,4096,4096,1,m,n,n,32,128,32,4,2,2,1,2625.1467895507812,52354.76889104504
4096,4096,4096,1,m,n,n,32,128,32,5,1,1,1,8662.487182617188,15865.992130735336
4096,4096,4096,1,m,n,n,32,128,32,5,2,2,1,3384.688720703125,40606.08369429282
4096,4096,4096,1,m,n,n,32,128,32,6,1,1,1,9144.483642578125,15029.711774217963
4096,4096,4096,1,m,n,n,32,128,32,6,2,2,1,3301.7446899414062,41626.16022089795
4096,4096,4096,1,m,n,n,32,128,64,3,1,1,1,8534.057006835938,16104.761587824976
4096,4096,4096,1,m,n,n,32,128,64,3,2,2,1,3130.9005737304688,43897.578423655104
4096,4096,4096,1,m,n,n,32,128,64,4,1,1,1,8780.431518554688,15652.870041929706
4096,4096,4096,1,m,n,n,32,128,64,4,2,2,1,3173.3554077148438,43310.29330590197
4096,4096,4096,1,m,n,n,32,256,32,3,2,2,1,2826.2603759765625,48629.26099811681
4096,4096,4096,1,m,n,n,32,256,32,4,2,2,1,2838.7942504882812,48414.55256870416
4096,4096,4096,1,m,n,n,32,256,32,5,2,2,1,2847.5390625,48265.87114535851
4096,4096,4096,1,m,n,n,64,128,16,3,1,1,1,13275.853271484375,10352.551407539993
4096,4096,4096,1,m,n,n,64,128,16,3,2,2,1,2078.9248657226562,66110.59194013958
4096,4096,4096,1,m,n,n,64,128,16,4,1,1,1,11145.35888671875,12331.496443401
4096,4096,4096,1,m,n,n,64,128,16,4,2,2,1,2051.2973022460938,67000.991675614
4096,4096,4096,1,m,n,n,64,128,16,5,1,1,1,10402.2021484375,13212.48630922295
4096,4096,4096,1,m,n,n,64,128,16,5,2,2,1,2083.5533142089844,65963.73250193424
4096,4096,4096,1,m,n,n,64,128,16,6,1,1,1,11220.316162109375,12249.11593276905
4096,4096,4096,1,m,n,n,64,128,16,6,2,2,1,2132.295684814453,64455.8606251457
4096,4096,4096,1,m,n,n,64,128,32,3,1,1,1,11256.361083984375,12209.892028743556
4096,4096,4096,1,m,n,n,64,128,32,3,2,2,1,2025.4106140136719,67857.32854418243
4096,4096,4096,1,m,n,n,64,128,32,4,1,1,1,11478.42529296875,11973.676699032047
4096,4096,4096,1,m,n,n,64,128,32,4,2,2,1,2063.50341796875,66604.66480219875
4096,4096,4096,1,m,n,n,64,128,32,5,1,1,1,12390.7275390625,11092.080996754676
4096,4096,4096,1,m,n,n,64,128,32,5,2,2,1,2389.053497314453,57528.621115640904
4096,4096,4096,1,m,n,n,64,128,32,6,1,1,1,17215.775146484375,7983.314855274834
4096,4096,4096,1,m,n,n,64,128,32,6,2,2,1,2394.0914916992188,57407.56105124955
4096,4096,4096,1,m,n,n,64,128,64,3,1,1,1,17721.9580078125,7755.291678911088
4096,4096,4096,1,m,n,n,64,128,64,3,2,2,1,2239.303741455078,61375.75306451884
4096,4096,4096,1,m,n,n,64,128,64,4,1,1,1,17690.665283203125,7769.009885823519
4096,4096,4096,1,m,n,n,64,128,64,4,2,2,1,2190.2540588378906,62750.2334340714
4096,4096,4096,1,m,n,n,64,256,16,3,2,2,1,2219.2127990722656,61931.39906612647
4096,4096,4096,1,m,n,n,64,256,16,4,2,2,1,2177.9046630859375,63106.04674368927
4096,4096,4096,1,m,n,n,64,256,16,5,2,2,1,2699.6942138671875,50909.08176416212
4096,4096,4096,1,m,n,n,64,256,16,6,2,2,1,2677.9647827148438,51322.1661312022
4096,4096,4096,1,m,n,n,64,256,32,3,2,2,1,2428.1497192382812,56602.33896743199
4096,4096,4096,1,m,n,n,64,256,32,4,2,2,1,2448.5682678222656,56130.33350066117
4096,4096,4096,1,m,n,n,128,128,16,3,1,1,1,67985.5517578125,2021.5906162180456
4096,4096,4096,1,m,n,n,128,128,16,3,2,2,1,2004.7871398925784,68555.38462769885
4096,4096,4096,1,m,n,n,128,128,16,4,1,1,1,68085.7373046875,2018.615923287325
4096,4096,4096,1,m,n,n,128,128,16,4,2,2,1,2013.3888244628909,68262.4994249009
4096,4096,4096,1,m,n,n,128,128,16,5,1,1,1,58927.1435546875,2332.3539065566515
4096,4096,4096,1,m,n,n,128,128,16,5,2,2,1,2157.8311157226562,63693.10020166791
4096,4096,4096,1,m,n,n,128,128,16,6,1,1,1,59052.0751953125,2327.4195363571203
4096,4096,4096,1,m,n,n,128,128,16,6,2,2,1,2245.9596252441406,61193.866500187025
4096,4096,4096,1,m,n,n,128,128,32,3,1,1,1,63409.7802734375,2167.4724763172458
4096,4096,4096,1,m,n,n,128,128,32,3,2,2,1,1978.8383483886719,69454.361233657
4096,4096,4096,1,m,n,n,128,128,32,4,1,1,1,44753.1591796875,3071.0447260308856
4096,4096,4096,1,m,n,n,128,128,32,4,2,2,1,2089.2672729492188,65783.32760556316
4096,4096,4096,1,m,n,n,128,128,32,5,1,1,1,42095.5322265625,3264.929701619863
4096,4096,4096,1,m,n,n,128,128,32,5,2,2,1,2326.2002563476562,59083.027394980825
4096,4096,4096,1,m,n,n,128,128,32,6,1,1,1,41932.67578125,3277.609904719107
4096,4096,4096,1,m,n,n,128,128,32,6,2,2,1,2215.5442810058594,62033.94563145566
4096,4096,4096,1,m,n,n,128,128,64,3,1,1,1,40554.9462890625,3388.9566143764496
4096,4096,4096,1,m,n,n,128,128,64,3,2,2,1,2265.846405029297,60656.782898849204
4096,4096,4096,1,m,n,n,128,256,16,3,2,2,1,10954.300537109375,12546.575019226873
4096,4096,4096,1,m,n,n,128,256,16,4,2,2,1,10983.1982421875,12513.563940245022
4096,4096,4096,1,m,n,n,128,256,16,5,2,2,1,11480.0439453125,11971.988445925654
4096,4096,4096,1,m,n,n,128,256,16,6,2,2,1,10850.1806640625,12666.973733185785
4096,4096,4096,1,m,n,n,128,256,32,3,2,2,1,11853.3935546875,11594.903420518665
4096,4096,4096,1,m,n,n,128,256,32,4,2,2,1,11904.456787109375,11545.167992950712
4608,256,4096,1,m,n,n,16,128,16,3,1,1,1,408.18687438964844,23674.63782477046
4608,256,4096,1,m,n,n,16,128,16,4,1,1,1,358.80958557128906,26932.60382275936
4608,256,4096,1,m,n,n,16,128,16,5,1,1,1,355.53279876708984,27180.829587344742
4608,256,4096,1,m,n,n,16,128,16,6,1,1,1,403.39454650878906,23955.89256135234
4608,256,4096,1,m,n,n,16,128,32,3,1,1,1,451.11297607421875,21421.85423282991
4608,256,4096,1,m,n,n,16,128,32,4,1,1,1,578.2950210571289,16710.633956928606
4608,256,4096,1,m,n,n,16,128,32,5,1,1,1,553.0009460449219,17474.972665263744
4608,256,4096,1,m,n,n,16,128,32,6,1,1,1,968.4992218017578,9977.990894016493
4608,256,4096,1,m,n,n,16,128,64,3,1,1,1,900.7103729248047,10728.949845020566
4608,256,4096,1,m,n,n,16,128,64,4,1,1,1,881.5001678466797,10962.761855855726
4608,256,4096,1,m,n,n,16,128,64,5,1,1,1,887.4803161621094,10888.89098722817
4608,256,4096,1,m,n,n,32,128,16,3,1,1,1,210.74047088623047,45855.81675584751
4608,256,4096,1,m,n,n,32,128,16,4,1,1,1,207.87200927734375,46488.58905821553
4608,256,4096,1,m,n,n,32,128,16,5,1,1,1,403.92704010009766,23924.311711355676
4608,256,4096,1,m,n,n,32,128,16,6,1,1,1,411.5251159667969,23482.592048597337
4608,256,4096,1,m,n,n,32,128,32,3,1,1,1,388.6899185180664,24862.174076559768
4608,256,4096,1,m,n,n,32,128,32,3,2,2,1,237.58848190307617,40674.01053533513
4608,256,4096,1,m,n,n,32,128,32,4,1,1,1,393.0316925048828,24587.524620244065
4608,256,4096,1,m,n,n,32,128,32,4,2,2,1,199.51616287231445,48435.55668311706
4608,256,4096,1,m,n,n,32,128,32,5,1,1,1,772.2393798828125,12513.835305143937
4608,256,4096,1,m,n,n,32,128,32,5,2,2,1,274.22719955444336,35239.67145382103
4608,256,4096,1,m,n,n,32,128,32,6,1,1,1,793.3132934570312,12181.412432771016
4608,256,4096,1,m,n,n,32,128,32,6,2,2,1,268.10367584228516,36044.55024960106
4608,256,4096,1,m,n,n,32,128,64,3,1,1,1,758.9683532714844,12732.647381600753
4608,256,4096,1,m,n,n,32,128,64,3,2,2,1,249.77407455444336,38689.66958735985
4608,256,4096,1,m,n,n,32,128,64,4,1,1,1,751.1859130859375,12864.560220918907
4608,256,4096,1,m,n,n,32,128,64,4,2,2,1,250.5932807922363,38563.190463243234
4608,256,4096,1,m,n,n,32,256,32,3,2,2,1,228.35199356079102,42319.2119556748
4608,256,4096,1,m,n,n,32,256,32,4,2,2,1,228.56191635131836,42280.343857224834
4608,256,4096,1,m,n,n,32,256,32,5,2,2,1,230.31808853149414,41957.956830987554
4608,256,4096,1,m,n,n,64,128,16,3,1,1,1,1004.8320007324219,9617.206069229629
4608,256,4096,1,m,n,n,64,128,16,3,2,2,1,171.5001678466797,56347.91229265314
4608,256,4096,1,m,n,n,64,128,16,4,1,1,1,1002.4960327148438,9639.615620053828
4608,256,4096,1,m,n,n,64,128,16,4,2,2,1,171.0304069519043,56502.68036091112
4608,256,4096,1,m,n,n,64,128,16,5,1,1,1,1001.164779663086,9652.433457809053
4608,256,4096,1,m,n,n,64,128,16,5,2,2,1,170.98751068115234,56516.85539782065
4608,256,4096,1,m,n,n,64,128,16,6,1,1,1,1009.7254180908204,9570.59834570867
4608,256,4096,1,m,n,n,64,128,16,6,2,2,1,169.9635124206543,56857.35884348346
4608,256,4096,1,m,n,n,64,128,32,3,1,1,1,993.46435546875,9727.250266005116
4608,256,4096,1,m,n,n,64,128,32,3,2,2,1,179.75296020507812,53760.8749529066
4608,256,4096,1,m,n,n,64,128,32,4,1,1,1,974.0697479248047,9920.928595296042
4608,256,4096,1,m,n,n,64,128,32,4,2,2,1,181.43232345581055,53263.25668950425
4608,256,4096,1,m,n,n,64,128,32,5,1,1,1,1117.6140594482422,8646.702620017939
4608,256,4096,1,m,n,n,64,128,32,5,2,2,1,210.47296524047852,45914.09830216744
4608,256,4096,1,m,n,n,64,128,32,6,1,1,1,1501.1430358886719,6437.545380396836
4608,256,4096,1,m,n,n,64,128,32,6,2,2,1,204.08319473266602,47351.65199985577
4608,256,4096,1,m,n,n,64,128,64,3,1,1,1,1562.5216674804688,6184.667142301112
4608,256,4096,1,m,n,n,64,128,64,3,2,2,1,189.78815078735352,50918.22843475398
4608,256,4096,1,m,n,n,64,128,64,4,1,1,1,1564.5082092285156,6176.814131748989
4608,256,4096,1,m,n,n,64,128,64,4,2,2,1,191.36512756347656,50498.62814108867
4608,256,4096,1,m,n,n,64,256,16,3,2,2,1,212.5004768371582,45476.022265142485
4608,256,4096,1,m,n,n,64,256,16,4,2,2,1,216.5555191040039,44624.47531230493
4608,256,4096,1,m,n,n,64,256,16,5,2,2,1,217.92768478393555,44343.50057718025
4608,256,4096,1,m,n,n,64,256,16,6,2,2,1,209.12128448486328,46210.86963866407
4608,256,4096,1,m,n,n,64,256,32,3,2,2,1,193.61791610717773,49911.06510334842
4608,256,4096,1,m,n,n,64,256,32,4,2,2,1,192.22528457641602,50272.66021374188
4608,256,4096,1,m,n,n,128,128,16,3,1,1,1,3164.4888305664062,3053.7874940991073
4608,256,4096,1,m,n,n,128,128,16,3,2,2,1,175.20639419555664,55155.95740880259
4608,256,4096,1,m,n,n,128,128,16,4,1,1,1,3155.3125,3062.6685680103
4608,256,4096,1,m,n,n,128,128,16,4,2,2,1,176.62399291992188,54713.27114873536
4608,256,4096,1,m,n,n,128,128,16,5,1,1,1,3110.8096313476562,3106.482736397318
4608,256,4096,1,m,n,n,128,128,16,5,2,2,1,175.8412742614746,54956.81521068932
4608,256,4096,1,m,n,n,128,128,16,6,1,1,1,3257.589111328125,2966.5117624549353
4608,256,4096,1,m,n,n,128,128,16,6,2,2,1,177.86880493164062,54330.36118792156
4608,256,4096,1,m,n,n,128,128,32,3,1,1,1,3120.8651733398438,3096.4735351441864
4608,256,4096,1,m,n,n,128,128,32,3,2,2,1,158.14656257629395,61105.82651038018
4608,256,4096,1,m,n,n,128,128,32,4,1,1,1,3138.8058471679688,3078.774822826071
4608,256,4096,1,m,n,n,128,128,32,4,2,2,1,159.12960052490234,60728.339568022246
4608,256,4096,1,m,n,n,128,128,32,5,1,1,1,3221.5859985351562,2999.6642710745705
4608,256,4096,1,m,n,n,128,128,32,5,2,2,1,162.17920303344727,59586.40957192888
4608,256,4096,1,m,n,n,128,128,32,6,1,1,1,3057.0904541015625,3161.0698345659594
4608,256,4096,1,m,n,n,128,128,32,6,2,2,1,163.57248306274414,59078.86360258496
4608,256,4096,1,m,n,n,128,128,64,3,1,1,1,2977.8329467773438,3245.2043444741175
4608,256,4096,1,m,n,n,128,128,64,3,2,2,1,156.30847930908203,61824.39019761169
4608,256,4096,1,m,n,n,128,256,16,3,2,2,1,1369.2518615722656,7057.63248326245
4608,256,4096,1,m,n,n,128,256,16,4,2,2,1,1369.6978759765625,7055.3343080203185
4608,256,4096,1,m,n,n,128,256,16,5,2,2,1,1385.6358337402344,6974.181946431716
4608,256,4096,1,m,n,n,128,256,16,6,2,2,1,1457.5564575195312,6630.052898565342
4608,256,4096,1,m,n,n,128,256,32,3,2,2,1,1242.1324920654297,7779.907922649337
4608,256,4096,1,m,n,n,128,256,32,4,2,2,1,1245.1634979248047,7760.969890384299
4608,4608,36864,1,m,n,n,16,128,16,3,1,1,1,117216.97265625,13355.707317088152
4608,4608,36864,1,m,n,n,16,128,16,4,1,1,1,127002.724609375,12326.629875123464
4608,4608,36864,1,m,n,n,16,128,16,5,1,1,1,106779.052734375,14661.261167828465
4608,4608,36864,1,m,n,n,16,128,16,6,1,1,1,115068.4765625,13605.077829823207
4608,4608,36864,1,m,n,n,16,128,32,3,1,1,1,114403.740234375,13684.12934913476
4608,4608,36864,1,m,n,n,16,128,32,4,1,1,1,124228.466796875,12601.906952226678
4608,4608,36864,1,m,n,n,16,128,32,5,1,1,1,128531.60156249999,12180.005231092913
4608,4608,36864,1,m,n,n,16,128,32,6,1,1,1,131106.533203125,11940.789990736215
4608,4608,36864,1,m,n,n,16,128,64,3,1,1,1,122170.263671875,12814.21135012578
4608,4608,36864,1,m,n,n,16,128,64,4,1,1,1,115008.310546875,13612.195257436882
4608,4608,36864,1,m,n,n,16,128,64,5,1,1,1,114223.61328125,13705.708779648472
4608,4608,36864,1,m,n,n,32,128,16,3,1,1,1,39921.31591796875,39215.02944965186
4608,4608,36864,1,m,n,n,32,128,16,4,1,1,1,34361.87744140625,45559.66367267073
4608,4608,36864,1,m,n,n,32,128,16,5,1,1,1,40983.59375,38198.59207422483
4608,4608,36864,1,m,n,n,32,128,16,6,1,1,1,41647.9443359375,37589.26411263798
4608,4608,36864,1,m,n,n,32,128,32,3,1,1,1,38023.00537109375,41172.852174966494
4608,4608,36864,1,m,n,n,32,128,32,3,2,2,1,53179.0869140625,29438.556963602554
4608,4608,36864,1,m,n,n,32,128,32,4,1,1,1,53625.2392578125,29193.633465494044
4608,4608,36864,1,m,n,n,32,128,32,4,2,2,1,53150.576171875,29454.348233771427
4608,4608,36864,1,m,n,n,32,128,32,5,1,1,1,96963.916015625,16145.341934619566
4608,4608,36864,1,m,n,n,32,128,32,5,2,2,1,61570.29296875,25426.47604724859
4608,4608,36864,1,m,n,n,32,128,32,6,1,1,1,99972.40234375,15659.477442675177
4608,4608,36864,1,m,n,n,32,128,32,6,2,2,1,55489.0234375,28213.06778187071
4608,4608,36864,1,m,n,n,32,128,64,3,1,1,1,95513.984375,16390.4331877266
4608,4608,36864,1,m,n,n,32,128,64,3,2,2,1,59037.490234375,26517.31252763295
4608,4608,36864,1,m,n,n,32,128,64,4,1,1,1,94280.6640625,16604.84251950323
4608,4608,36864,1,m,n,n,32,128,64,4,2,2,1,55577.4169921875,28168.19607885095
4608,4608,36864,1,m,n,n,32,256,32,3,2,2,1,34461.81884765625,45427.537829985165
4608,4608,36864,1,m,n,n,32,256,32,4,2,2,1,41460.947265625,37758.79912637594
4608,4608,36864,1,m,n,n,32,256,32,5,2,2,1,41903.984375,37359.58770369315
4608,4608,36864,1,m,n,n,64,128,16,3,1,1,1,162765.25390625,9618.2418656362
4608,4608,36864,1,m,n,n,64,128,16,3,2,2,1,24534.34326171875,63809.14959458866
4608,4608,36864,1,m,n,n,64,128,16,4,1,1,1,139761.23046875,11201.358017107916
4608,4608,36864,1,m,n,n,64,128,16,4,2,2,1,25532.17041015625,61315.41323135088
4608,4608,36864,1,m,n,n,64,128,16,5,1,1,1,123067.919921875,12720.744613103141
4608,4608,36864,1,m,n,n,64,128,16,5,2,2,1,26023.8330078125,60156.994510455996
4608,4608,36864,1,m,n,n,64,128,16,6,1,1,1,129983.427734375,12043.962885724
4608,4608,36864,1,m,n,n,64,128,16,6,2,2,1,24263.0859375,64522.525429150184
4608,4608,36864,1,m,n,n,64,128,32,3,1,1,1,130926.181640625,11957.238497103142
4608,4608,36864,1,m,n,n,64,128,32,3,2,2,1,23842.69287109375,65660.1830949217
4608,4608,36864,1,m,n,n,64,128,32,4,1,1,1,131066.474609375,11944.439522446886
4608,4608,36864,1,m,n,n,64,128,32,4,2,2,1,24099.34814453125,64960.90973096528
4608,4608,36864,1,m,n,n,64,128,32,5,1,1,1,142211.767578125,11008.340632092724
4608,4608,36864,1,m,n,n,64,128,32,5,2,2,1,30241.8115234375,51766.59401434073
4608,4608,36864,1,m,n,n,64,128,32,6,1,1,1,197940.0390625,7909.039458649824
4608,4608,36864,1,m,n,n,64,128,32,6,2,2,1,29292.236328125,53444.72719171896
4608,4608,36864,1,m,n,n,64,128,64,3,1,1,1,204635.87890625,7650.249739974538
4608,4608,36864,1,m,n,n,64,128,64,3,2,2,1,27973.38623046875,55964.46445539127
4608,4608,36864,1,m,n,n,64,128,64,4,1,1,1,202082.75390625,7746.903430058521
4608,4608,36864,1,m,n,n,64,128,64,4,2,2,1,26702.99072265625,58626.97536960654
4608,4608,36864,1,m,n,n,64,256,16,3,2,2,1,22167.880859375,70620.89467744181
4608,4608,36864,1,m,n,n,64,256,16,4,2,2,1,22780.55908203125,68721.56094829299
4608,4608,36864,1,m,n,n,64,256,16,5,2,2,1,29354.4970703125,53331.37119134209
4608,4608,36864,1,m,n,n,64,256,16,6,2,2,1,27045.66162109375,57884.166463541274
4608,4608,36864,1,m,n,n,64,256,32,3,2,2,1,25114.56298828125,62334.97194924268
4608,4608,36864,1,m,n,n,64,256,32,4,2,2,1,24895.4052734375,62883.715376280656
4608,4608,36864,1,m,n,n,128,128,16,3,1,1,1,766738.75,2041.784870520761
4608,4608,36864,1,m,n,n,128,128,16,3,2,2,1,23153.13232421875,67615.71425713453
4608,4608,36864,1,m,n,n,128,128,16,4,1,1,1,763019.0625,2051.738490336865
4608,4608,36864,1,m,n,n,128,128,16,4,2,2,1,23520.009765625,66561.00890230219
4608,4608,36864,1,m,n,n,128,128,16,5,1,1,1,679560.703125,2303.7170516083174
4608,4608,36864,1,m,n,n,128,128,16,5,2,2,1,23803.24951171875,65768.98581100324
4608,4608,36864,1,m,n,n,128,128,16,6,1,1,1,680347.1875,2301.053944449502
4608,4608,36864,1,m,n,n,128,128,16,6,2,2,1,24038.134765625,65126.333413802044
4608,4608,36864,1,m,n,n,128,128,32,3,1,1,1,745658.75,2099.506750765012
4608,4608,36864,1,m,n,n,128,128,32,3,2,2,1,22495.087890625,69593.66360353012
4608,4608,36864,1,m,n,n,128,128,32,4,1,1,1,495521.2109375,3159.3311140609444
4608,4608,36864,1,m,n,n,128,128,32,4,2,2,1,24113.56201171875,64922.618177737
4608,4608,36864,1,m,n,n,128,128,32,5,1,1,1,494690.0,3164.639631672361
4608,4608,36864,1,m,n,n,128,128,32,5,2,2,1,24335.87158203125,64329.5463700557
4608,4608,36864,1,m,n,n,128,128,32,6,1,1,1,492363.4375,3179.593487568825
4608,4608,36864,1,m,n,n,128,128,32,6,2,2,1,24707.01171875,63363.21029887803
4608,4608,36864,1,m,n,n,128,128,64,3,1,1,1,467019.53125,3352.141558623519
4608,4608,36864,1,m,n,n,128,128,64,3,2,2,1,23359.8974609375,67017.22822242095
4608,4608,36864,1,m,n,n,128,256,16,3,2,2,1,126354.736328125,12389.844851771779
4608,4608,36864,1,m,n,n,128,256,16,4,2,2,1,126554.7265625,12370.26559113822
4608,4608,36864,1,m,n,n,128,256,16,5,2,2,1,130654.51171875,11982.101182712817
4608,4608,36864,1,m,n,n,128,256,16,6,2,2,1,125542.91015625,12469.964073985288
4608,4608,36864,1,m,n,n,128,256,32,3,2,2,1,135066.23046875,11590.725334962319
4608,4608,36864,1,m,n,n,128,256,32,4,2,2,1,135335.46875,11567.666583280668
