Loading problems from ./cutlass-pdsl/cutlass/examples/python/CuTeDSL/ampere/problems_others_bad.csv...
Loaded 9 problems

Configuration:
  Problems file: ./cutlass-pdsl/cutlass/examples/python/CuTeDSL/ampere/problems_others_bad.csv
  Output file: nvmmh_cute_results.csv
  Kernel script: cutlass-pdsl/cutlass/examples/python/CuTeDSL/ampere/tensorop_gemm_tunable.py
  Configs per problem: 8
  Warmup iterations: 5
  Benchmark iterations: 100

[1/9] Processing problem M=64, N=64, K=4096
  Got 8 configs from nvMatmulHeuristics
    Rank 1: CTA(128x128x32) stages=6 splitK=6 est=0.540ms
      SKIP: split-K=6 not supported by base kernel
    Rank 2: CTA(128x128x32) stages=6 splitK=6 est=0.540ms
      SKIP: split-K=6 not supported by base kernel
    Rank 3: CTA(128x128x64) stages=3 splitK=3 est=1.732ms
      SKIP: split-K=3 not supported by base kernel
    Rank 4: CTA(256x128x32) stages=4 splitK=6 est=0.879ms
      SKIP: split-K=6 not supported by base kernel
    Rank 5: CTA(256x128x64) stages=2 splitK=3 est=2.771ms
      SKIP: split-K=3 not supported by base kernel
    Rank 6: CTA(64x64x64) stages=6 splitK=3 est=0.785ms
      SKIP: split-K=3 not supported by base kernel
    Rank 7: CTA(64x32x64) stages=8 splitK=3 est=0.213ms
      SKIP: split-K=3 not supported by base kernel
    Rank 8: CTA(128x64x32) stages=8 splitK=6 est=0.371ms
      SKIP: split-K=6 not supported by base kernel

[2/9] Processing problem M=64, N=64, K=8192
  Got 8 configs from nvMatmulHeuristics
    Rank 1: CTA(128x128x32) stages=6 splitK=12 est=0.308ms
      SKIP: split-K=12 not supported by base kernel
    Rank 2: CTA(128x128x32) stages=6 splitK=12 est=0.308ms
      SKIP: split-K=12 not supported by base kernel
    Rank 3: CTA(128x128x64) stages=3 splitK=6 est=0.876ms
      SKIP: split-K=6 not supported by base kernel
    Rank 4: CTA(256x128x32) stages=4 splitK=12 est=0.474ms
      SKIP: split-K=12 not supported by base kernel
    Rank 5: CTA(256x128x64) stages=2 splitK=6 est=1.382ms
      SKIP: split-K=6 not supported by base kernel
    Rank 6: CTA(64x64x64) stages=6 splitK=6 est=0.412ms
      SKIP: split-K=6 not supported by base kernel
    Rank 7: CTA(64x32x64) stages=8 splitK=6 est=0.129ms
      SKIP: split-K=6 not supported by base kernel
    Rank 8: CTA(128x64x32) stages=8 splitK=12 est=0.225ms
      SKIP: split-K=12 not supported by base kernel

[3/9] Processing problem M=128, N=64, K=8192
  Got 8 configs from nvMatmulHeuristics
    Rank 1: CTA(128x128x32) stages=6 splitK=12 est=0.308ms
      SKIP: split-K=12 not supported by base kernel
    Rank 2: CTA(128x128x32) stages=6 splitK=12 est=0.308ms
      SKIP: split-K=12 not supported by base kernel
    Rank 3: CTA(128x128x64) stages=3 splitK=6 est=0.876ms
      SKIP: split-K=6 not supported by base kernel
    Rank 4: CTA(256x128x32) stages=4 splitK=12 est=0.474ms
      SKIP: split-K=12 not supported by base kernel
    Rank 5: CTA(256x128x64) stages=2 splitK=6 est=1.382ms
      SKIP: split-K=6 not supported by base kernel
    Rank 6: CTA(64x64x64) stages=6 splitK=6 est=0.181ms
      SKIP: split-K=6 not supported by base kernel
    Rank 7: CTA(64x32x64) stages=8 splitK=6 est=0.071ms
      SKIP: split-K=6 not supported by base kernel
    Rank 8: CTA(128x64x32) stages=8 splitK=12 est=0.225ms
      SKIP: split-K=12 not supported by base kernel

[4/9] Processing problem M=240, N=240, K=240
  Got 8 configs from nvMatmulHeuristics
    Rank 1: CTA(32x32x32) stages=6 splitK=1 est=0.012ms
ERROR running kernel: /media/datassd/sina/libgen/cutlass-pdsl/cutlass/examples/python/CuTeDSL/ampere/tensorop_gemm_tunable.py:457: UserWarning: This loop is no longer unrolled and may cause performance regression. Use `range(..., unroll_full=True)` for full unrolling, or switch to `range_constexpr` when bounds are compile-time constants.
  for rest_v in range(tApA.shape[0]):
/media/datassd/sina/libgen/cutlass-pdsl/cutlass/examples/python/CuTeDSL/ampere/tensorop_gemm_tunable.py:458: UserWarning: This loop is no longer unrolled and may cause performance regression. Use `range(..., unroll_full=True)` for full unrolling, or switch to `range_constexpr` when bounds are compile-time constants.
  for m in range(tApA.shape[1]):
/media/datassd/sina/libgen/cutlass-pdsl/cutlass/examples/python/CuTeDSL/ampere/tensorop_gemm_tunable.py:462: UserWarning: This loop is no longer unrolled and may cause performance regression. Use `range(..., unroll_full=True)` for full unrolling, or switch to `range_constexpr` when bounds are compile-time constants.
  for rest_v in range(tBpB.shape[0]):
/media/datassd/sina/libgen/cutlass-pdsl/cutlass/examples/python/CuTeDSL/ampere/tensorop_gemm_tunable.py:463: UserWarning: This loop is no longer unrolled and may cause performance regression. Use `range(..., unroll_full=True)` for full unrolling, or switch to `range_constexpr` when bounds are compile-time constants.
  for n in range(tBpB.shape[1]):
/media/datassd/sina/libgen/cutlass-pdsl/cutlass/examples/python/CuTeDSL/ampere/tensorop_gemm_tunable.py:483: UserWarning: This loop is no longer unrolled and may cause performance regression. Use `range(..., unroll_full=True)` for full unrolling, or switch to `range_constexpr` when bounds are compile-time constants.
  for k in range(tApA.shape[2]):
/media/datassd/sina/libgen/cutlass-pdsl/cutlass/examples/python/CuTeDSL/ampere/tensorop_gemm_tunable.py:491: UserWarning: This loop is no longer unrolled and may cause performance regression. Use `range(..., unroll_full=True)` for full unrolling, or switch to `range_constexpr` when bounds are compile-time constants.
  for k in range(tBpB.shape[2]):
/media/datassd/sina/libgen/cutlass-pdsl/cutlass/examples/python/CuTeDSL/ampere/tensorop_gemm_tunable.py:503: UserWarning: This loop is no longer unrolled and may cause performance regression. Use `range(..., unroll_full=True)` for full unrolling, or switch to `range_constexpr` when bounds are compile-time constants.
  for k_tile in range(1, num_smem_stages - 1):
Traceback (most recent call last):
  File "/home/sina/miniconda3/envs/cutlass-pdsl/lib/python3.12/site-packages/nvidia_cutlass_dsl/python_packages/cutlass/base_dsl/dsl.py", line 1117, in build_ir_module
    result = funcBody(*ir_args, **ir_kwargs)
             ^^^^^^^^^^^^^^^^^^^^^^^^^^^^^^^
  File "/home/sina/miniconda3/envs/cutlass-pdsl/lib/python3.12/site-packages/nvidia_cutlass_dsl/python_packages/cutlass/base_dsl/dsl.py", line 260, in __call__
    ret = self.__func__(*args, **kwargs)
          ^^^^^^^^^^^^^^^^^^^^^^^^^^^^^^
  File "/media/datassd/sina/libgen/cutlass-pdsl/cutlass/examples/python/CuTeDSL/ampere/tensorop_gemm_tunable.py", line 290, in __call__
    ).launch(
  ^^^^^^^^^^^
  File "/media/datassd/sina/libgen/cutlass-pdsl/cutlass/examples/python/CuTeDSL/ampere/tensorop_gemm_tunable.py", line 320, in kernel
    if grid_dim[0] <= offset_tile_x or grid_dim[1] <= offset_tile_y:
^^^^^^^^^^^^^^^^^^^^^^^^^^^^^^^^^^^^^^^^^^^^^^^^^^^^^^^^^^^^^^^^^^^^
  File "/media/datassd/sina/libgen/cutlass-pdsl/cutlass/examples/python/CuTeDSL/ampere/tensorop_gemm_tunable.py", line 687, in else_block_5
    cute.autovec_copy(tCrD, tCsC)
  File "/home/sina/miniconda3/envs/cutlass-pdsl/lib/python3.12/site-packages/nvidia_cutlass_dsl/python_packages/cutlass/cute/core.py", line 4123, in right_inverse
    raise TypeError(f"expects input of type Layout, but got {type(Layout)}")
TypeError: expects input of type Layout, but got <class 'nanobind.nb_type_0'>

The above exception was the direct cause of the following exception:

Traceback (most recent call last):
  File "/media/datassd/sina/libgen/cutlass-pdsl/cutlass/examples/python/CuTeDSL/ampere/tensorop_gemm_tunable.py", line 1009, in <module>
    elapsed_time = run(
                   ^^^^
  File "/media/datassd/sina/libgen/cutlass-pdsl/cutlass/examples/python/CuTeDSL/ampere/tensorop_gemm_tunable.py", line 908, in run
    compiled_gemm = cute.compile(tensor_op_gemm, mA, mB, mC)
                    ^^^^^^^^^^^^^^^^^^^^^^^^^^^^^^^^^^^^^^^^
  File "/home/sina/miniconda3/envs/cutlass-pdsl/lib/python3.12/site-packages/nvidia_cutlass_dsl/python_packages/cutlass/base_dsl/dsl.py", line 1132, in build_ir_module
    raise DSLRuntimeError(
cutlass.base_dsl.common.DSLRuntimeError: DSLRuntimeError: 💥💥💥 Error during runtime code generation for function `__call__` 💥💥💥

      Result: FAILED
    Rank 2: CTA(32x32x64) stages=3 splitK=1 est=0.012ms
ERROR running kernel: /media/datassd/sina/libgen/cutlass-pdsl/cutlass/examples/python/CuTeDSL/ampere/tensorop_gemm_tunable.py:457: UserWarning: This loop is no longer unrolled and may cause performance regression. Use `range(..., unroll_full=True)` for full unrolling, or switch to `range_constexpr` when bounds are compile-time constants.
  for rest_v in range(tApA.shape[0]):
/media/datassd/sina/libgen/cutlass-pdsl/cutlass/examples/python/CuTeDSL/ampere/tensorop_gemm_tunable.py:458: UserWarning: This loop is no longer unrolled and may cause performance regression. Use `range(..., unroll_full=True)` for full unrolling, or switch to `range_constexpr` when bounds are compile-time constants.
  for m in range(tApA.shape[1]):
/media/datassd/sina/libgen/cutlass-pdsl/cutlass/examples/python/CuTeDSL/ampere/tensorop_gemm_tunable.py:462: UserWarning: This loop is no longer unrolled and may cause performance regression. Use `range(..., unroll_full=True)` for full unrolling, or switch to `range_constexpr` when bounds are compile-time constants.
  for rest_v in range(tBpB.shape[0]):
/media/datassd/sina/libgen/cutlass-pdsl/cutlass/examples/python/CuTeDSL/ampere/tensorop_gemm_tunable.py:463: UserWarning: This loop is no longer unrolled and may cause performance regression. Use `range(..., unroll_full=True)` for full unrolling, or switch to `range_constexpr` when bounds are compile-time constants.
  for n in range(tBpB.shape[1]):
/media/datassd/sina/libgen/cutlass-pdsl/cutlass/examples/python/CuTeDSL/ampere/tensorop_gemm_tunable.py:483: UserWarning: This loop is no longer unrolled and may cause performance regression. Use `range(..., unroll_full=True)` for full unrolling, or switch to `range_constexpr` when bounds are compile-time constants.
  for k in range(tApA.shape[2]):
/media/datassd/sina/libgen/cutlass-pdsl/cutlass/examples/python/CuTeDSL/ampere/tensorop_gemm_tunable.py:491: UserWarning: This loop is no longer unrolled and may cause performance regression. Use `range(..., unroll_full=True)` for full unrolling, or switch to `range_constexpr` when bounds are compile-time constants.
  for k in range(tBpB.shape[2]):
/media/datassd/sina/libgen/cutlass-pdsl/cutlass/examples/python/CuTeDSL/ampere/tensorop_gemm_tunable.py:503: UserWarning: This loop is no longer unrolled and may cause performance regression. Use `range(..., unroll_full=True)` for full unrolling, or switch to `range_constexpr` when bounds are compile-time constants.
  for k_tile in range(1, num_smem_stages - 1):
Traceback (most recent call last):
  File "/home/sina/miniconda3/envs/cutlass-pdsl/lib/python3.12/site-packages/nvidia_cutlass_dsl/python_packages/cutlass/base_dsl/dsl.py", line 1117, in build_ir_module
    result = funcBody(*ir_args, **ir_kwargs)
             ^^^^^^^^^^^^^^^^^^^^^^^^^^^^^^^
  File "/home/sina/miniconda3/envs/cutlass-pdsl/lib/python3.12/site-packages/nvidia_cutlass_dsl/python_packages/cutlass/base_dsl/dsl.py", line 260, in __call__
    ret = self.__func__(*args, **kwargs)
          ^^^^^^^^^^^^^^^^^^^^^^^^^^^^^^
  File "/media/datassd/sina/libgen/cutlass-pdsl/cutlass/examples/python/CuTeDSL/ampere/tensorop_gemm_tunable.py", line 290, in __call__
    ).launch(
  ^^^^^^^^^^^
  File "/media/datassd/sina/libgen/cutlass-pdsl/cutlass/examples/python/CuTeDSL/ampere/tensorop_gemm_tunable.py", line 320, in kernel
    if grid_dim[0] <= offset_tile_x or grid_dim[1] <= offset_tile_y:
^^^^^^^^^^^^^^^^^^^^^^^^^^^^^^^^^^^^^^^^^^^^^^^^^^^^^^^^^^^^^^^^^^^^
  File "/media/datassd/sina/libgen/cutlass-pdsl/cutlass/examples/python/CuTeDSL/ampere/tensorop_gemm_tunable.py", line 687, in else_block_5
    cute.autovec_copy(tCrD, tCsC)
  File "/home/sina/miniconda3/envs/cutlass-pdsl/lib/python3.12/site-packages/nvidia_cutlass_dsl/python_packages/cutlass/cute/core.py", line 4123, in right_inverse
    raise TypeError(f"expects input of type Layout, but got {type(Layout)}")
TypeError: expects input of type Layout, but got <class 'nanobind.nb_type_0'>

The above exception was the direct cause of the following exception:

Traceback (most recent call last):
  File "/media/datassd/sina/libgen/cutlass-pdsl/cutlass/examples/python/CuTeDSL/ampere/tensorop_gemm_tunable.py", line 1009, in <module>
    elapsed_time = run(
                   ^^^^
  File "/media/datassd/sina/libgen/cutlass-pdsl/cutlass/examples/python/CuTeDSL/ampere/tensorop_gemm_tunable.py", line 908, in run
    compiled_gemm = cute.compile(tensor_op_gemm, mA, mB, mC)
                    ^^^^^^^^^^^^^^^^^^^^^^^^^^^^^^^^^^^^^^^^
  File "/home/sina/miniconda3/envs/cutlass-pdsl/lib/python3.12/site-packages/nvidia_cutlass_dsl/python_packages/cutlass/base_dsl/dsl.py", line 1132, in build_ir_module
    raise DSLRuntimeError(
cutlass.base_dsl.common.DSLRuntimeError: DSLRuntimeError: 💥💥💥 Error during runtime code generation for function `__call__` 💥💥💥

      Result: FAILED
    Rank 3: CTA(64x16x32) stages=6 splitK=1 est=0.012ms
ERROR running kernel: /media/datassd/sina/libgen/cutlass-pdsl/cutlass/examples/python/CuTeDSL/ampere/tensorop_gemm_tunable.py:457: UserWarning: This loop is no longer unrolled and may cause performance regression. Use `range(..., unroll_full=True)` for full unrolling, or switch to `range_constexpr` when bounds are compile-time constants.
  for rest_v in range(tApA.shape[0]):
/media/datassd/sina/libgen/cutlass-pdsl/cutlass/examples/python/CuTeDSL/ampere/tensorop_gemm_tunable.py:458: UserWarning: This loop is no longer unrolled and may cause performance regression. Use `range(..., unroll_full=True)` for full unrolling, or switch to `range_constexpr` when bounds are compile-time constants.
  for m in range(tApA.shape[1]):
/media/datassd/sina/libgen/cutlass-pdsl/cutlass/examples/python/CuTeDSL/ampere/tensorop_gemm_tunable.py:462: UserWarning: This loop is no longer unrolled and may cause performance regression. Use `range(..., unroll_full=True)` for full unrolling, or switch to `range_constexpr` when bounds are compile-time constants.
  for rest_v in range(tBpB.shape[0]):
/media/datassd/sina/libgen/cutlass-pdsl/cutlass/examples/python/CuTeDSL/ampere/tensorop_gemm_tunable.py:463: UserWarning: This loop is no longer unrolled and may cause performance regression. Use `range(..., unroll_full=True)` for full unrolling, or switch to `range_constexpr` when bounds are compile-time constants.
  for n in range(tBpB.shape[1]):
/media/datassd/sina/libgen/cutlass-pdsl/cutlass/examples/python/CuTeDSL/ampere/tensorop_gemm_tunable.py:483: UserWarning: This loop is no longer unrolled and may cause performance regression. Use `range(..., unroll_full=True)` for full unrolling, or switch to `range_constexpr` when bounds are compile-time constants.
  for k in range(tApA.shape[2]):
/media/datassd/sina/libgen/cutlass-pdsl/cutlass/examples/python/CuTeDSL/ampere/tensorop_gemm_tunable.py:491: UserWarning: This loop is no longer unrolled and may cause performance regression. Use `range(..., unroll_full=True)` for full unrolling, or switch to `range_constexpr` when bounds are compile-time constants.
  for k in range(tBpB.shape[2]):
/media/datassd/sina/libgen/cutlass-pdsl/cutlass/examples/python/CuTeDSL/ampere/tensorop_gemm_tunable.py:503: UserWarning: This loop is no longer unrolled and may cause performance regression. Use `range(..., unroll_full=True)` for full unrolling, or switch to `range_constexpr` when bounds are compile-time constants.
  for k_tile in range(1, num_smem_stages - 1):
/media/datassd/sina/libgen/cutlass-pdsl/cutlass/examples/python/CuTeDSL/ampere/tensorop_gemm_tunable.py:724: UserWarning: This loop is no longer unrolled and may cause performance regression. Use `range(..., unroll_full=True)` for full unrolling, or switch to `range_constexpr` when bounds are compile-time constants.
  for rest_v in range(tCpC.shape[0]):
/media/datassd/sina/libgen/cutlass-pdsl/cutlass/examples/python/CuTeDSL/ampere/tensorop_gemm_tunable.py:725: UserWarning: This loop is no longer unrolled and may cause performance regression. Use `range(..., unroll_full=True)` for full unrolling, or switch to `range_constexpr` when bounds are compile-time constants.
  for m in range(tCpC.shape[1]):
/media/datassd/sina/libgen/cutlass-pdsl/cutlass/examples/python/CuTeDSL/ampere/tensorop_gemm_tunable.py:731: UserWarning: This loop is no longer unrolled and may cause performance regression. Use `range(..., unroll_full=True)` for full unrolling, or switch to `range_constexpr` when bounds are compile-time constants.
  for rest_v in range(tCpC.shape[0]):
/media/datassd/sina/libgen/cutlass-pdsl/cutlass/examples/python/CuTeDSL/ampere/tensorop_gemm_tunable.py:732: UserWarning: This loop is no longer unrolled and may cause performance regression. Use `range(..., unroll_full=True)` for full unrolling, or switch to `range_constexpr` when bounds are compile-time constants.
  for n in range(tCpC.shape[2]):
Traceback (most recent call last):
  File "/media/datassd/sina/libgen/cutlass-pdsl/cutlass/examples/python/CuTeDSL/ampere/tensorop_gemm_tunable.py", line 1009, in <module>
    elapsed_time = run(
                   ^^^^
  File "/media/datassd/sina/libgen/cutlass-pdsl/cutlass/examples/python/CuTeDSL/ampere/tensorop_gemm_tunable.py", line 920, in run
    torch.testing.assert_close(c_torch.cpu(), ref.cpu(), atol=1e-03, rtol=1e-05)
  File "/home/sina/miniconda3/envs/cutlass-pdsl/lib/python3.12/site-packages/torch/testing/_comparison.py", line 1530, in assert_close
    raise error_metas[0].to_error(msg)
AssertionError: Tensor-likes are not close!

Mismatched elements: 52805 / 57600 (91.7%)
Greatest absolute difference: 119.0 at index (47, 119, 0) (up to 0.001 allowed)
Greatest relative difference: inf at index (23, 148, 0) (up to 1e-05 allowed)

      Result: FAILED
    Rank 4: CTA(64x16x64) stages=3 splitK=1 est=0.012ms
ERROR running kernel: /media/datassd/sina/libgen/cutlass-pdsl/cutlass/examples/python/CuTeDSL/ampere/tensorop_gemm_tunable.py:457: UserWarning: This loop is no longer unrolled and may cause performance regression. Use `range(..., unroll_full=True)` for full unrolling, or switch to `range_constexpr` when bounds are compile-time constants.
  for rest_v in range(tApA.shape[0]):
/media/datassd/sina/libgen/cutlass-pdsl/cutlass/examples/python/CuTeDSL/ampere/tensorop_gemm_tunable.py:458: UserWarning: This loop is no longer unrolled and may cause performance regression. Use `range(..., unroll_full=True)` for full unrolling, or switch to `range_constexpr` when bounds are compile-time constants.
  for m in range(tApA.shape[1]):
/media/datassd/sina/libgen/cutlass-pdsl/cutlass/examples/python/CuTeDSL/ampere/tensorop_gemm_tunable.py:462: UserWarning: This loop is no longer unrolled and may cause performance regression. Use `range(..., unroll_full=True)` for full unrolling, or switch to `range_constexpr` when bounds are compile-time constants.
  for rest_v in range(tBpB.shape[0]):
/media/datassd/sina/libgen/cutlass-pdsl/cutlass/examples/python/CuTeDSL/ampere/tensorop_gemm_tunable.py:463: UserWarning: This loop is no longer unrolled and may cause performance regression. Use `range(..., unroll_full=True)` for full unrolling, or switch to `range_constexpr` when bounds are compile-time constants.
  for n in range(tBpB.shape[1]):
/media/datassd/sina/libgen/cutlass-pdsl/cutlass/examples/python/CuTeDSL/ampere/tensorop_gemm_tunable.py:483: UserWarning: This loop is no longer unrolled and may cause performance regression. Use `range(..., unroll_full=True)` for full unrolling, or switch to `range_constexpr` when bounds are compile-time constants.
  for k in range(tApA.shape[2]):
/media/datassd/sina/libgen/cutlass-pdsl/cutlass/examples/python/CuTeDSL/ampere/tensorop_gemm_tunable.py:491: UserWarning: This loop is no longer unrolled and may cause performance regression. Use `range(..., unroll_full=True)` for full unrolling, or switch to `range_constexpr` when bounds are compile-time constants.
  for k in range(tBpB.shape[2]):
/media/datassd/sina/libgen/cutlass-pdsl/cutlass/examples/python/CuTeDSL/ampere/tensorop_gemm_tunable.py:503: UserWarning: This loop is no longer unrolled and may cause performance regression. Use `range(..., unroll_full=True)` for full unrolling, or switch to `range_constexpr` when bounds are compile-time constants.
  for k_tile in range(1, num_smem_stages - 1):
/media/datassd/sina/libgen/cutlass-pdsl/cutlass/examples/python/CuTeDSL/ampere/tensorop_gemm_tunable.py:724: UserWarning: This loop is no longer unrolled and may cause performance regression. Use `range(..., unroll_full=True)` for full unrolling, or switch to `range_constexpr` when bounds are compile-time constants.
  for rest_v in range(tCpC.shape[0]):
/media/datassd/sina/libgen/cutlass-pdsl/cutlass/examples/python/CuTeDSL/ampere/tensorop_gemm_tunable.py:725: UserWarning: This loop is no longer unrolled and may cause performance regression. Use `range(..., unroll_full=True)` for full unrolling, or switch to `range_constexpr` when bounds are compile-time constants.
  for m in range(tCpC.shape[1]):
/media/datassd/sina/libgen/cutlass-pdsl/cutlass/examples/python/CuTeDSL/ampere/tensorop_gemm_tunable.py:731: UserWarning: This loop is no longer unrolled and may cause performance regression. Use `range(..., unroll_full=True)` for full unrolling, or switch to `range_constexpr` when bounds are compile-time constants.
  for rest_v in range(tCpC.shape[0]):
/media/datassd/sina/libgen/cutlass-pdsl/cutlass/examples/python/CuTeDSL/ampere/tensorop_gemm_tunable.py:732: UserWarning: This loop is no longer unrolled and may cause performance regression. Use `range(..., unroll_full=True)` for full unrolling, or switch to `range_constexpr` when bounds are compile-time constants.
  for n in range(tCpC.shape[2]):
Traceback (most recent call last):
  File "/media/datassd/sina/libgen/cutlass-pdsl/cutlass/examples/python/CuTeDSL/ampere/tensorop_gemm_tunable.py", line 1009, in <module>
    elapsed_time = run(
                   ^^^^
  File "/media/datassd/sina/libgen/cutlass-pdsl/cutlass/examples/python/CuTeDSL/ampere/tensorop_gemm_tunable.py", line 920, in run
    torch.testing.assert_close(c_torch.cpu(), ref.cpu(), atol=1e-03, rtol=1e-05)
  File "/home/sina/miniconda3/envs/cutlass-pdsl/lib/python3.12/site-packages/torch/testing/_comparison.py", line 1530, in assert_close
    raise error_metas[0].to_error(msg)
AssertionError: Tensor-likes are not close!

Mismatched elements: 52786 / 57600 (91.6%)
Greatest absolute difference: 96.0 at index (127, 97, 0) (up to 0.001 allowed)
Greatest relative difference: inf at index (7, 223, 0) (up to 1e-05 allowed)

      Result: FAILED
    Rank 5: CTA(64x16x64) stages=3 splitK=1 est=0.012ms
ERROR running kernel: /media/datassd/sina/libgen/cutlass-pdsl/cutlass/examples/python/CuTeDSL/ampere/tensorop_gemm_tunable.py:457: UserWarning: This loop is no longer unrolled and may cause performance regression. Use `range(..., unroll_full=True)` for full unrolling, or switch to `range_constexpr` when bounds are compile-time constants.
  for rest_v in range(tApA.shape[0]):
/media/datassd/sina/libgen/cutlass-pdsl/cutlass/examples/python/CuTeDSL/ampere/tensorop_gemm_tunable.py:458: UserWarning: This loop is no longer unrolled and may cause performance regression. Use `range(..., unroll_full=True)` for full unrolling, or switch to `range_constexpr` when bounds are compile-time constants.
  for m in range(tApA.shape[1]):
/media/datassd/sina/libgen/cutlass-pdsl/cutlass/examples/python/CuTeDSL/ampere/tensorop_gemm_tunable.py:462: UserWarning: This loop is no longer unrolled and may cause performance regression. Use `range(..., unroll_full=True)` for full unrolling, or switch to `range_constexpr` when bounds are compile-time constants.
  for rest_v in range(tBpB.shape[0]):
/media/datassd/sina/libgen/cutlass-pdsl/cutlass/examples/python/CuTeDSL/ampere/tensorop_gemm_tunable.py:463: UserWarning: This loop is no longer unrolled and may cause performance regression. Use `range(..., unroll_full=True)` for full unrolling, or switch to `range_constexpr` when bounds are compile-time constants.
  for n in range(tBpB.shape[1]):
/media/datassd/sina/libgen/cutlass-pdsl/cutlass/examples/python/CuTeDSL/ampere/tensorop_gemm_tunable.py:483: UserWarning: This loop is no longer unrolled and may cause performance regression. Use `range(..., unroll_full=True)` for full unrolling, or switch to `range_constexpr` when bounds are compile-time constants.
  for k in range(tApA.shape[2]):
/media/datassd/sina/libgen/cutlass-pdsl/cutlass/examples/python/CuTeDSL/ampere/tensorop_gemm_tunable.py:491: UserWarning: This loop is no longer unrolled and may cause performance regression. Use `range(..., unroll_full=True)` for full unrolling, or switch to `range_constexpr` when bounds are compile-time constants.
  for k in range(tBpB.shape[2]):
/media/datassd/sina/libgen/cutlass-pdsl/cutlass/examples/python/CuTeDSL/ampere/tensorop_gemm_tunable.py:503: UserWarning: This loop is no longer unrolled and may cause performance regression. Use `range(..., unroll_full=True)` for full unrolling, or switch to `range_constexpr` when bounds are compile-time constants.
  for k_tile in range(1, num_smem_stages - 1):
/media/datassd/sina/libgen/cutlass-pdsl/cutlass/examples/python/CuTeDSL/ampere/tensorop_gemm_tunable.py:724: UserWarning: This loop is no longer unrolled and may cause performance regression. Use `range(..., unroll_full=True)` for full unrolling, or switch to `range_constexpr` when bounds are compile-time constants.
  for rest_v in range(tCpC.shape[0]):
/media/datassd/sina/libgen/cutlass-pdsl/cutlass/examples/python/CuTeDSL/ampere/tensorop_gemm_tunable.py:725: UserWarning: This loop is no longer unrolled and may cause performance regression. Use `range(..., unroll_full=True)` for full unrolling, or switch to `range_constexpr` when bounds are compile-time constants.
  for m in range(tCpC.shape[1]):
/media/datassd/sina/libgen/cutlass-pdsl/cutlass/examples/python/CuTeDSL/ampere/tensorop_gemm_tunable.py:731: UserWarning: This loop is no longer unrolled and may cause performance regression. Use `range(..., unroll_full=True)` for full unrolling, or switch to `range_constexpr` when bounds are compile-time constants.
  for rest_v in range(tCpC.shape[0]):
/media/datassd/sina/libgen/cutlass-pdsl/cutlass/examples/python/CuTeDSL/ampere/tensorop_gemm_tunable.py:732: UserWarning: This loop is no longer unrolled and may cause performance regression. Use `range(..., unroll_full=True)` for full unrolling, or switch to `range_constexpr` when bounds are compile-time constants.
  for n in range(tCpC.shape[2]):
Traceback (most recent call last):
  File "/media/datassd/sina/libgen/cutlass-pdsl/cutlass/examples/python/CuTeDSL/ampere/tensorop_gemm_tunable.py", line 1009, in <module>
    elapsed_time = run(
                   ^^^^
  File "/media/datassd/sina/libgen/cutlass-pdsl/cutlass/examples/python/CuTeDSL/ampere/tensorop_gemm_tunable.py", line 920, in run
    torch.testing.assert_close(c_torch.cpu(), ref.cpu(), atol=1e-03, rtol=1e-05)
  File "/home/sina/miniconda3/envs/cutlass-pdsl/lib/python3.12/site-packages/torch/testing/_comparison.py", line 1530, in assert_close
    raise error_metas[0].to_error(msg)
AssertionError: Tensor-likes are not close!

Mismatched elements: 52778 / 57600 (91.6%)
Greatest absolute difference: 100.0 at index (133, 114, 0) (up to 0.001 allowed)
Greatest relative difference: inf at index (29, 154, 0) (up to 1e-05 allowed)

      Result: FAILED
    Rank 6: CTA(64x16x32) stages=6 splitK=1 est=0.012ms
ERROR running kernel: /media/datassd/sina/libgen/cutlass-pdsl/cutlass/examples/python/CuTeDSL/ampere/tensorop_gemm_tunable.py:457: UserWarning: This loop is no longer unrolled and may cause performance regression. Use `range(..., unroll_full=True)` for full unrolling, or switch to `range_constexpr` when bounds are compile-time constants.
  for rest_v in range(tApA.shape[0]):
/media/datassd/sina/libgen/cutlass-pdsl/cutlass/examples/python/CuTeDSL/ampere/tensorop_gemm_tunable.py:458: UserWarning: This loop is no longer unrolled and may cause performance regression. Use `range(..., unroll_full=True)` for full unrolling, or switch to `range_constexpr` when bounds are compile-time constants.
  for m in range(tApA.shape[1]):
/media/datassd/sina/libgen/cutlass-pdsl/cutlass/examples/python/CuTeDSL/ampere/tensorop_gemm_tunable.py:462: UserWarning: This loop is no longer unrolled and may cause performance regression. Use `range(..., unroll_full=True)` for full unrolling, or switch to `range_constexpr` when bounds are compile-time constants.
  for rest_v in range(tBpB.shape[0]):
/media/datassd/sina/libgen/cutlass-pdsl/cutlass/examples/python/CuTeDSL/ampere/tensorop_gemm_tunable.py:463: UserWarning: This loop is no longer unrolled and may cause performance regression. Use `range(..., unroll_full=True)` for full unrolling, or switch to `range_constexpr` when bounds are compile-time constants.
  for n in range(tBpB.shape[1]):
/media/datassd/sina/libgen/cutlass-pdsl/cutlass/examples/python/CuTeDSL/ampere/tensorop_gemm_tunable.py:483: UserWarning: This loop is no longer unrolled and may cause performance regression. Use `range(..., unroll_full=True)` for full unrolling, or switch to `range_constexpr` when bounds are compile-time constants.
  for k in range(tApA.shape[2]):
/media/datassd/sina/libgen/cutlass-pdsl/cutlass/examples/python/CuTeDSL/ampere/tensorop_gemm_tunable.py:491: UserWarning: This loop is no longer unrolled and may cause performance regression. Use `range(..., unroll_full=True)` for full unrolling, or switch to `range_constexpr` when bounds are compile-time constants.
  for k in range(tBpB.shape[2]):
/media/datassd/sina/libgen/cutlass-pdsl/cutlass/examples/python/CuTeDSL/ampere/tensorop_gemm_tunable.py:503: UserWarning: This loop is no longer unrolled and may cause performance regression. Use `range(..., unroll_full=True)` for full unrolling, or switch to `range_constexpr` when bounds are compile-time constants.
  for k_tile in range(1, num_smem_stages - 1):
/media/datassd/sina/libgen/cutlass-pdsl/cutlass/examples/python/CuTeDSL/ampere/tensorop_gemm_tunable.py:724: UserWarning: This loop is no longer unrolled and may cause performance regression. Use `range(..., unroll_full=True)` for full unrolling, or switch to `range_constexpr` when bounds are compile-time constants.
  for rest_v in range(tCpC.shape[0]):
/media/datassd/sina/libgen/cutlass-pdsl/cutlass/examples/python/CuTeDSL/ampere/tensorop_gemm_tunable.py:725: UserWarning: This loop is no longer unrolled and may cause performance regression. Use `range(..., unroll_full=True)` for full unrolling, or switch to `range_constexpr` when bounds are compile-time constants.
  for m in range(tCpC.shape[1]):
/media/datassd/sina/libgen/cutlass-pdsl/cutlass/examples/python/CuTeDSL/ampere/tensorop_gemm_tunable.py:731: UserWarning: This loop is no longer unrolled and may cause performance regression. Use `range(..., unroll_full=True)` for full unrolling, or switch to `range_constexpr` when bounds are compile-time constants.
  for rest_v in range(tCpC.shape[0]):
/media/datassd/sina/libgen/cutlass-pdsl/cutlass/examples/python/CuTeDSL/ampere/tensorop_gemm_tunable.py:732: UserWarning: This loop is no longer unrolled and may cause performance regression. Use `range(..., unroll_full=True)` for full unrolling, or switch to `range_constexpr` when bounds are compile-time constants.
  for n in range(tCpC.shape[2]):
Traceback (most recent call last):
  File "/media/datassd/sina/libgen/cutlass-pdsl/cutlass/examples/python/CuTeDSL/ampere/tensorop_gemm_tunable.py", line 1009, in <module>
    elapsed_time = run(
                   ^^^^
  File "/media/datassd/sina/libgen/cutlass-pdsl/cutlass/examples/python/CuTeDSL/ampere/tensorop_gemm_tunable.py", line 920, in run
    torch.testing.assert_close(c_torch.cpu(), ref.cpu(), atol=1e-03, rtol=1e-05)
  File "/home/sina/miniconda3/envs/cutlass-pdsl/lib/python3.12/site-packages/torch/testing/_comparison.py", line 1530, in assert_close
    raise error_metas[0].to_error(msg)
AssertionError: Tensor-likes are not close!

Mismatched elements: 52760 / 57600 (91.6%)
Greatest absolute difference: 104.0 at index (89, 182, 0) (up to 0.001 allowed)
Greatest relative difference: inf at index (2, 68, 0) (up to 1e-05 allowed)

      Result: FAILED
    Rank 7: CTA(80x72x64) stages=3 splitK=1 est=0.035ms
ERROR running kernel: Traceback (most recent call last):
  File "/media/datassd/sina/libgen/cutlass-pdsl/cutlass/examples/python/CuTeDSL/ampere/tensorop_gemm_tunable.py", line 1009, in <module>
    elapsed_time = run(
                   ^^^^
  File "/media/datassd/sina/libgen/cutlass-pdsl/cutlass/examples/python/CuTeDSL/ampere/tensorop_gemm_tunable.py", line 899, in run
    tensor_op_gemm = TensorOpGemm(
                     ^^^^^^^^^^^^^
  File "/media/datassd/sina/libgen/cutlass-pdsl/cutlass/examples/python/CuTeDSL/ampere/tensorop_gemm_tunable.py", line 128, in __init__
    self.bM % (atom_lay_M * mmaM) == 0
AssertionError: bM must be divisible by MMA instruction

      Result: FAILED
    Rank 8: CTA(32x40x64) stages=3 splitK=1 est=0.012ms
ERROR running kernel: Traceback (most recent call last):
  File "/media/datassd/sina/libgen/cutlass-pdsl/cutlass/examples/python/CuTeDSL/ampere/tensorop_gemm_tunable.py", line 1009, in <module>
    elapsed_time = run(
                   ^^^^
  File "/media/datassd/sina/libgen/cutlass-pdsl/cutlass/examples/python/CuTeDSL/ampere/tensorop_gemm_tunable.py", line 899, in run
    tensor_op_gemm = TensorOpGemm(
                     ^^^^^^^^^^^^^
  File "/media/datassd/sina/libgen/cutlass-pdsl/cutlass/examples/python/CuTeDSL/ampere/tensorop_gemm_tunable.py", line 131, in __init__
    self.bN % (atom_lay_N * mmaN) == 0
AssertionError: bN must be divisible by MMA instruction

      Result: FAILED

[5/9] Processing problem M=256, N=256, K=256
  Got 8 configs from nvMatmulHeuristics
    Rank 1: CTA(32x32x32) stages=6 splitK=1 est=0.012ms
ERROR running kernel: /media/datassd/sina/libgen/cutlass-pdsl/cutlass/examples/python/CuTeDSL/ampere/tensorop_gemm_tunable.py:457: UserWarning: This loop is no longer unrolled and may cause performance regression. Use `range(..., unroll_full=True)` for full unrolling, or switch to `range_constexpr` when bounds are compile-time constants.
  for rest_v in range(tApA.shape[0]):
/media/datassd/sina/libgen/cutlass-pdsl/cutlass/examples/python/CuTeDSL/ampere/tensorop_gemm_tunable.py:458: UserWarning: This loop is no longer unrolled and may cause performance regression. Use `range(..., unroll_full=True)` for full unrolling, or switch to `range_constexpr` when bounds are compile-time constants.
  for m in range(tApA.shape[1]):
/media/datassd/sina/libgen/cutlass-pdsl/cutlass/examples/python/CuTeDSL/ampere/tensorop_gemm_tunable.py:462: UserWarning: This loop is no longer unrolled and may cause performance regression. Use `range(..., unroll_full=True)` for full unrolling, or switch to `range_constexpr` when bounds are compile-time constants.
  for rest_v in range(tBpB.shape[0]):
/media/datassd/sina/libgen/cutlass-pdsl/cutlass/examples/python/CuTeDSL/ampere/tensorop_gemm_tunable.py:463: UserWarning: This loop is no longer unrolled and may cause performance regression. Use `range(..., unroll_full=True)` for full unrolling, or switch to `range_constexpr` when bounds are compile-time constants.
  for n in range(tBpB.shape[1]):
/media/datassd/sina/libgen/cutlass-pdsl/cutlass/examples/python/CuTeDSL/ampere/tensorop_gemm_tunable.py:483: UserWarning: This loop is no longer unrolled and may cause performance regression. Use `range(..., unroll_full=True)` for full unrolling, or switch to `range_constexpr` when bounds are compile-time constants.
  for k in range(tApA.shape[2]):
/media/datassd/sina/libgen/cutlass-pdsl/cutlass/examples/python/CuTeDSL/ampere/tensorop_gemm_tunable.py:491: UserWarning: This loop is no longer unrolled and may cause performance regression. Use `range(..., unroll_full=True)` for full unrolling, or switch to `range_constexpr` when bounds are compile-time constants.
  for k in range(tBpB.shape[2]):
/media/datassd/sina/libgen/cutlass-pdsl/cutlass/examples/python/CuTeDSL/ampere/tensorop_gemm_tunable.py:503: UserWarning: This loop is no longer unrolled and may cause performance regression. Use `range(..., unroll_full=True)` for full unrolling, or switch to `range_constexpr` when bounds are compile-time constants.
  for k_tile in range(1, num_smem_stages - 1):
Traceback (most recent call last):
  File "/home/sina/miniconda3/envs/cutlass-pdsl/lib/python3.12/site-packages/nvidia_cutlass_dsl/python_packages/cutlass/base_dsl/dsl.py", line 1117, in build_ir_module
    result = funcBody(*ir_args, **ir_kwargs)
             ^^^^^^^^^^^^^^^^^^^^^^^^^^^^^^^
  File "/home/sina/miniconda3/envs/cutlass-pdsl/lib/python3.12/site-packages/nvidia_cutlass_dsl/python_packages/cutlass/base_dsl/dsl.py", line 260, in __call__
    ret = self.__func__(*args, **kwargs)
          ^^^^^^^^^^^^^^^^^^^^^^^^^^^^^^
  File "/media/datassd/sina/libgen/cutlass-pdsl/cutlass/examples/python/CuTeDSL/ampere/tensorop_gemm_tunable.py", line 290, in __call__
    ).launch(
  ^^^^^^^^^^^
  File "/media/datassd/sina/libgen/cutlass-pdsl/cutlass/examples/python/CuTeDSL/ampere/tensorop_gemm_tunable.py", line 320, in kernel
    if grid_dim[0] <= offset_tile_x or grid_dim[1] <= offset_tile_y:
^^^^^^^^^^^^^^^^^^^^^^^^^^^^^^^^^^^^^^^^^^^^^^^^^^^^^^^^^^^^^^^^^^^^
  File "/media/datassd/sina/libgen/cutlass-pdsl/cutlass/examples/python/CuTeDSL/ampere/tensorop_gemm_tunable.py", line 687, in else_block_5
    cute.autovec_copy(tCrD, tCsC)
  File "/home/sina/miniconda3/envs/cutlass-pdsl/lib/python3.12/site-packages/nvidia_cutlass_dsl/python_packages/cutlass/cute/core.py", line 4123, in right_inverse
    raise TypeError(f"expects input of type Layout, but got {type(Layout)}")
TypeError: expects input of type Layout, but got <class 'nanobind.nb_type_0'>

The above exception was the direct cause of the following exception:

Traceback (most recent call last):
  File "/media/datassd/sina/libgen/cutlass-pdsl/cutlass/examples/python/CuTeDSL/ampere/tensorop_gemm_tunable.py", line 1009, in <module>
    elapsed_time = run(
                   ^^^^
  File "/media/datassd/sina/libgen/cutlass-pdsl/cutlass/examples/python/CuTeDSL/ampere/tensorop_gemm_tunable.py", line 908, in run
    compiled_gemm = cute.compile(tensor_op_gemm, mA, mB, mC)
                    ^^^^^^^^^^^^^^^^^^^^^^^^^^^^^^^^^^^^^^^^
  File "/home/sina/miniconda3/envs/cutlass-pdsl/lib/python3.12/site-packages/nvidia_cutlass_dsl/python_packages/cutlass/base_dsl/dsl.py", line 1132, in build_ir_module
    raise DSLRuntimeError(
cutlass.base_dsl.common.DSLRuntimeError: DSLRuntimeError: 💥💥💥 Error during runtime code generation for function `__call__` 💥💥💥

      Result: FAILED
    Rank 2: CTA(32x32x64) stages=3 splitK=1 est=0.012ms
ERROR running kernel: /media/datassd/sina/libgen/cutlass-pdsl/cutlass/examples/python/CuTeDSL/ampere/tensorop_gemm_tunable.py:457: UserWarning: This loop is no longer unrolled and may cause performance regression. Use `range(..., unroll_full=True)` for full unrolling, or switch to `range_constexpr` when bounds are compile-time constants.
  for rest_v in range(tApA.shape[0]):
/media/datassd/sina/libgen/cutlass-pdsl/cutlass/examples/python/CuTeDSL/ampere/tensorop_gemm_tunable.py:458: UserWarning: This loop is no longer unrolled and may cause performance regression. Use `range(..., unroll_full=True)` for full unrolling, or switch to `range_constexpr` when bounds are compile-time constants.
  for m in range(tApA.shape[1]):
/media/datassd/sina/libgen/cutlass-pdsl/cutlass/examples/python/CuTeDSL/ampere/tensorop_gemm_tunable.py:462: UserWarning: This loop is no longer unrolled and may cause performance regression. Use `range(..., unroll_full=True)` for full unrolling, or switch to `range_constexpr` when bounds are compile-time constants.
  for rest_v in range(tBpB.shape[0]):
/media/datassd/sina/libgen/cutlass-pdsl/cutlass/examples/python/CuTeDSL/ampere/tensorop_gemm_tunable.py:463: UserWarning: This loop is no longer unrolled and may cause performance regression. Use `range(..., unroll_full=True)` for full unrolling, or switch to `range_constexpr` when bounds are compile-time constants.
  for n in range(tBpB.shape[1]):
/media/datassd/sina/libgen/cutlass-pdsl/cutlass/examples/python/CuTeDSL/ampere/tensorop_gemm_tunable.py:483: UserWarning: This loop is no longer unrolled and may cause performance regression. Use `range(..., unroll_full=True)` for full unrolling, or switch to `range_constexpr` when bounds are compile-time constants.
  for k in range(tApA.shape[2]):
/media/datassd/sina/libgen/cutlass-pdsl/cutlass/examples/python/CuTeDSL/ampere/tensorop_gemm_tunable.py:491: UserWarning: This loop is no longer unrolled and may cause performance regression. Use `range(..., unroll_full=True)` for full unrolling, or switch to `range_constexpr` when bounds are compile-time constants.
  for k in range(tBpB.shape[2]):
/media/datassd/sina/libgen/cutlass-pdsl/cutlass/examples/python/CuTeDSL/ampere/tensorop_gemm_tunable.py:503: UserWarning: This loop is no longer unrolled and may cause performance regression. Use `range(..., unroll_full=True)` for full unrolling, or switch to `range_constexpr` when bounds are compile-time constants.
  for k_tile in range(1, num_smem_stages - 1):
Traceback (most recent call last):
  File "/home/sina/miniconda3/envs/cutlass-pdsl/lib/python3.12/site-packages/nvidia_cutlass_dsl/python_packages/cutlass/base_dsl/dsl.py", line 1117, in build_ir_module
    result = funcBody(*ir_args, **ir_kwargs)
             ^^^^^^^^^^^^^^^^^^^^^^^^^^^^^^^
  File "/home/sina/miniconda3/envs/cutlass-pdsl/lib/python3.12/site-packages/nvidia_cutlass_dsl/python_packages/cutlass/base_dsl/dsl.py", line 260, in __call__
    ret = self.__func__(*args, **kwargs)
          ^^^^^^^^^^^^^^^^^^^^^^^^^^^^^^
  File "/media/datassd/sina/libgen/cutlass-pdsl/cutlass/examples/python/CuTeDSL/ampere/tensorop_gemm_tunable.py", line 290, in __call__
    ).launch(
  ^^^^^^^^^^^
  File "/media/datassd/sina/libgen/cutlass-pdsl/cutlass/examples/python/CuTeDSL/ampere/tensorop_gemm_tunable.py", line 320, in kernel
    if grid_dim[0] <= offset_tile_x or grid_dim[1] <= offset_tile_y:
^^^^^^^^^^^^^^^^^^^^^^^^^^^^^^^^^^^^^^^^^^^^^^^^^^^^^^^^^^^^^^^^^^^^
  File "/media/datassd/sina/libgen/cutlass-pdsl/cutlass/examples/python/CuTeDSL/ampere/tensorop_gemm_tunable.py", line 687, in else_block_5
    cute.autovec_copy(tCrD, tCsC)
  File "/home/sina/miniconda3/envs/cutlass-pdsl/lib/python3.12/site-packages/nvidia_cutlass_dsl/python_packages/cutlass/cute/core.py", line 4123, in right_inverse
    raise TypeError(f"expects input of type Layout, but got {type(Layout)}")
TypeError: expects input of type Layout, but got <class 'nanobind.nb_type_0'>

The above exception was the direct cause of the following exception:

Traceback (most recent call last):
  File "/media/datassd/sina/libgen/cutlass-pdsl/cutlass/examples/python/CuTeDSL/ampere/tensorop_gemm_tunable.py", line 1009, in <module>
    elapsed_time = run(
                   ^^^^
  File "/media/datassd/sina/libgen/cutlass-pdsl/cutlass/examples/python/CuTeDSL/ampere/tensorop_gemm_tunable.py", line 908, in run
    compiled_gemm = cute.compile(tensor_op_gemm, mA, mB, mC)
                    ^^^^^^^^^^^^^^^^^^^^^^^^^^^^^^^^^^^^^^^^
  File "/home/sina/miniconda3/envs/cutlass-pdsl/lib/python3.12/site-packages/nvidia_cutlass_dsl/python_packages/cutlass/base_dsl/dsl.py", line 1132, in build_ir_module
    raise DSLRuntimeError(
cutlass.base_dsl.common.DSLRuntimeError: DSLRuntimeError: 💥💥💥 Error during runtime code generation for function `__call__` 💥💥💥

      Result: FAILED
    Rank 3: CTA(64x16x32) stages=6 splitK=1 est=0.012ms
ERROR running kernel: /media/datassd/sina/libgen/cutlass-pdsl/cutlass/examples/python/CuTeDSL/ampere/tensorop_gemm_tunable.py:457: UserWarning: This loop is no longer unrolled and may cause performance regression. Use `range(..., unroll_full=True)` for full unrolling, or switch to `range_constexpr` when bounds are compile-time constants.
  for rest_v in range(tApA.shape[0]):
/media/datassd/sina/libgen/cutlass-pdsl/cutlass/examples/python/CuTeDSL/ampere/tensorop_gemm_tunable.py:458: UserWarning: This loop is no longer unrolled and may cause performance regression. Use `range(..., unroll_full=True)` for full unrolling, or switch to `range_constexpr` when bounds are compile-time constants.
  for m in range(tApA.shape[1]):
/media/datassd/sina/libgen/cutlass-pdsl/cutlass/examples/python/CuTeDSL/ampere/tensorop_gemm_tunable.py:462: UserWarning: This loop is no longer unrolled and may cause performance regression. Use `range(..., unroll_full=True)` for full unrolling, or switch to `range_constexpr` when bounds are compile-time constants.
  for rest_v in range(tBpB.shape[0]):
/media/datassd/sina/libgen/cutlass-pdsl/cutlass/examples/python/CuTeDSL/ampere/tensorop_gemm_tunable.py:463: UserWarning: This loop is no longer unrolled and may cause performance regression. Use `range(..., unroll_full=True)` for full unrolling, or switch to `range_constexpr` when bounds are compile-time constants.
  for n in range(tBpB.shape[1]):
/media/datassd/sina/libgen/cutlass-pdsl/cutlass/examples/python/CuTeDSL/ampere/tensorop_gemm_tunable.py:483: UserWarning: This loop is no longer unrolled and may cause performance regression. Use `range(..., unroll_full=True)` for full unrolling, or switch to `range_constexpr` when bounds are compile-time constants.
  for k in range(tApA.shape[2]):
/media/datassd/sina/libgen/cutlass-pdsl/cutlass/examples/python/CuTeDSL/ampere/tensorop_gemm_tunable.py:491: UserWarning: This loop is no longer unrolled and may cause performance regression. Use `range(..., unroll_full=True)` for full unrolling, or switch to `range_constexpr` when bounds are compile-time constants.
  for k in range(tBpB.shape[2]):
/media/datassd/sina/libgen/cutlass-pdsl/cutlass/examples/python/CuTeDSL/ampere/tensorop_gemm_tunable.py:503: UserWarning: This loop is no longer unrolled and may cause performance regression. Use `range(..., unroll_full=True)` for full unrolling, or switch to `range_constexpr` when bounds are compile-time constants.
  for k_tile in range(1, num_smem_stages - 1):
/media/datassd/sina/libgen/cutlass-pdsl/cutlass/examples/python/CuTeDSL/ampere/tensorop_gemm_tunable.py:724: UserWarning: This loop is no longer unrolled and may cause performance regression. Use `range(..., unroll_full=True)` for full unrolling, or switch to `range_constexpr` when bounds are compile-time constants.
  for rest_v in range(tCpC.shape[0]):
/media/datassd/sina/libgen/cutlass-pdsl/cutlass/examples/python/CuTeDSL/ampere/tensorop_gemm_tunable.py:725: UserWarning: This loop is no longer unrolled and may cause performance regression. Use `range(..., unroll_full=True)` for full unrolling, or switch to `range_constexpr` when bounds are compile-time constants.
  for m in range(tCpC.shape[1]):
/media/datassd/sina/libgen/cutlass-pdsl/cutlass/examples/python/CuTeDSL/ampere/tensorop_gemm_tunable.py:731: UserWarning: This loop is no longer unrolled and may cause performance regression. Use `range(..., unroll_full=True)` for full unrolling, or switch to `range_constexpr` when bounds are compile-time constants.
  for rest_v in range(tCpC.shape[0]):
/media/datassd/sina/libgen/cutlass-pdsl/cutlass/examples/python/CuTeDSL/ampere/tensorop_gemm_tunable.py:732: UserWarning: This loop is no longer unrolled and may cause performance regression. Use `range(..., unroll_full=True)` for full unrolling, or switch to `range_constexpr` when bounds are compile-time constants.
  for n in range(tCpC.shape[2]):
Traceback (most recent call last):
  File "/media/datassd/sina/libgen/cutlass-pdsl/cutlass/examples/python/CuTeDSL/ampere/tensorop_gemm_tunable.py", line 1009, in <module>
    elapsed_time = run(
                   ^^^^
  File "/media/datassd/sina/libgen/cutlass-pdsl/cutlass/examples/python/CuTeDSL/ampere/tensorop_gemm_tunable.py", line 920, in run
    torch.testing.assert_close(c_torch.cpu(), ref.cpu(), atol=1e-03, rtol=1e-05)
  File "/home/sina/miniconda3/envs/cutlass-pdsl/lib/python3.12/site-packages/torch/testing/_comparison.py", line 1530, in assert_close
    raise error_metas[0].to_error(msg)
AssertionError: Tensor-likes are not close!

Mismatched elements: 36362 / 65536 (55.5%)
Greatest absolute difference: 127.0 at index (14, 122, 0) (up to 0.001 allowed)
Greatest relative difference: inf at index (38, 107, 0) (up to 1e-05 allowed)

      Result: FAILED
    Rank 4: CTA(64x16x64) stages=3 splitK=1 est=0.012ms
ERROR running kernel: /media/datassd/sina/libgen/cutlass-pdsl/cutlass/examples/python/CuTeDSL/ampere/tensorop_gemm_tunable.py:457: UserWarning: This loop is no longer unrolled and may cause performance regression. Use `range(..., unroll_full=True)` for full unrolling, or switch to `range_constexpr` when bounds are compile-time constants.
  for rest_v in range(tApA.shape[0]):
/media/datassd/sina/libgen/cutlass-pdsl/cutlass/examples/python/CuTeDSL/ampere/tensorop_gemm_tunable.py:458: UserWarning: This loop is no longer unrolled and may cause performance regression. Use `range(..., unroll_full=True)` for full unrolling, or switch to `range_constexpr` when bounds are compile-time constants.
  for m in range(tApA.shape[1]):
/media/datassd/sina/libgen/cutlass-pdsl/cutlass/examples/python/CuTeDSL/ampere/tensorop_gemm_tunable.py:462: UserWarning: This loop is no longer unrolled and may cause performance regression. Use `range(..., unroll_full=True)` for full unrolling, or switch to `range_constexpr` when bounds are compile-time constants.
  for rest_v in range(tBpB.shape[0]):
/media/datassd/sina/libgen/cutlass-pdsl/cutlass/examples/python/CuTeDSL/ampere/tensorop_gemm_tunable.py:463: UserWarning: This loop is no longer unrolled and may cause performance regression. Use `range(..., unroll_full=True)` for full unrolling, or switch to `range_constexpr` when bounds are compile-time constants.
  for n in range(tBpB.shape[1]):
/media/datassd/sina/libgen/cutlass-pdsl/cutlass/examples/python/CuTeDSL/ampere/tensorop_gemm_tunable.py:483: UserWarning: This loop is no longer unrolled and may cause performance regression. Use `range(..., unroll_full=True)` for full unrolling, or switch to `range_constexpr` when bounds are compile-time constants.
  for k in range(tApA.shape[2]):
/media/datassd/sina/libgen/cutlass-pdsl/cutlass/examples/python/CuTeDSL/ampere/tensorop_gemm_tunable.py:491: UserWarning: This loop is no longer unrolled and may cause performance regression. Use `range(..., unroll_full=True)` for full unrolling, or switch to `range_constexpr` when bounds are compile-time constants.
  for k in range(tBpB.shape[2]):
/media/datassd/sina/libgen/cutlass-pdsl/cutlass/examples/python/CuTeDSL/ampere/tensorop_gemm_tunable.py:503: UserWarning: This loop is no longer unrolled and may cause performance regression. Use `range(..., unroll_full=True)` for full unrolling, or switch to `range_constexpr` when bounds are compile-time constants.
  for k_tile in range(1, num_smem_stages - 1):
/media/datassd/sina/libgen/cutlass-pdsl/cutlass/examples/python/CuTeDSL/ampere/tensorop_gemm_tunable.py:724: UserWarning: This loop is no longer unrolled and may cause performance regression. Use `range(..., unroll_full=True)` for full unrolling, or switch to `range_constexpr` when bounds are compile-time constants.
  for rest_v in range(tCpC.shape[0]):
/media/datassd/sina/libgen/cutlass-pdsl/cutlass/examples/python/CuTeDSL/ampere/tensorop_gemm_tunable.py:725: UserWarning: This loop is no longer unrolled and may cause performance regression. Use `range(..., unroll_full=True)` for full unrolling, or switch to `range_constexpr` when bounds are compile-time constants.
  for m in range(tCpC.shape[1]):
/media/datassd/sina/libgen/cutlass-pdsl/cutlass/examples/python/CuTeDSL/ampere/tensorop_gemm_tunable.py:731: UserWarning: This loop is no longer unrolled and may cause performance regression. Use `range(..., unroll_full=True)` for full unrolling, or switch to `range_constexpr` when bounds are compile-time constants.
  for rest_v in range(tCpC.shape[0]):
/media/datassd/sina/libgen/cutlass-pdsl/cutlass/examples/python/CuTeDSL/ampere/tensorop_gemm_tunable.py:732: UserWarning: This loop is no longer unrolled and may cause performance regression. Use `range(..., unroll_full=True)` for full unrolling, or switch to `range_constexpr` when bounds are compile-time constants.
  for n in range(tCpC.shape[2]):
Traceback (most recent call last):
  File "/media/datassd/sina/libgen/cutlass-pdsl/cutlass/examples/python/CuTeDSL/ampere/tensorop_gemm_tunable.py", line 1009, in <module>
    elapsed_time = run(
                   ^^^^
  File "/media/datassd/sina/libgen/cutlass-pdsl/cutlass/examples/python/CuTeDSL/ampere/tensorop_gemm_tunable.py", line 920, in run
    torch.testing.assert_close(c_torch.cpu(), ref.cpu(), atol=1e-03, rtol=1e-05)
  File "/home/sina/miniconda3/envs/cutlass-pdsl/lib/python3.12/site-packages/torch/testing/_comparison.py", line 1530, in assert_close
    raise error_metas[0].to_error(msg)
AssertionError: Tensor-likes are not close!

Mismatched elements: 36398 / 65536 (55.5%)
Greatest absolute difference: 127.0 at index (162, 119, 0) (up to 0.001 allowed)
Greatest relative difference: inf at index (4, 31, 0) (up to 1e-05 allowed)

      Result: FAILED
    Rank 5: CTA(64x16x64) stages=3 splitK=1 est=0.012ms
ERROR running kernel: /media/datassd/sina/libgen/cutlass-pdsl/cutlass/examples/python/CuTeDSL/ampere/tensorop_gemm_tunable.py:457: UserWarning: This loop is no longer unrolled and may cause performance regression. Use `range(..., unroll_full=True)` for full unrolling, or switch to `range_constexpr` when bounds are compile-time constants.
  for rest_v in range(tApA.shape[0]):
/media/datassd/sina/libgen/cutlass-pdsl/cutlass/examples/python/CuTeDSL/ampere/tensorop_gemm_tunable.py:458: UserWarning: This loop is no longer unrolled and may cause performance regression. Use `range(..., unroll_full=True)` for full unrolling, or switch to `range_constexpr` when bounds are compile-time constants.
  for m in range(tApA.shape[1]):
/media/datassd/sina/libgen/cutlass-pdsl/cutlass/examples/python/CuTeDSL/ampere/tensorop_gemm_tunable.py:462: UserWarning: This loop is no longer unrolled and may cause performance regression. Use `range(..., unroll_full=True)` for full unrolling, or switch to `range_constexpr` when bounds are compile-time constants.
  for rest_v in range(tBpB.shape[0]):
/media/datassd/sina/libgen/cutlass-pdsl/cutlass/examples/python/CuTeDSL/ampere/tensorop_gemm_tunable.py:463: UserWarning: This loop is no longer unrolled and may cause performance regression. Use `range(..., unroll_full=True)` for full unrolling, or switch to `range_constexpr` when bounds are compile-time constants.
  for n in range(tBpB.shape[1]):
/media/datassd/sina/libgen/cutlass-pdsl/cutlass/examples/python/CuTeDSL/ampere/tensorop_gemm_tunable.py:483: UserWarning: This loop is no longer unrolled and may cause performance regression. Use `range(..., unroll_full=True)` for full unrolling, or switch to `range_constexpr` when bounds are compile-time constants.
  for k in range(tApA.shape[2]):
/media/datassd/sina/libgen/cutlass-pdsl/cutlass/examples/python/CuTeDSL/ampere/tensorop_gemm_tunable.py:491: UserWarning: This loop is no longer unrolled and may cause performance regression. Use `range(..., unroll_full=True)` for full unrolling, or switch to `range_constexpr` when bounds are compile-time constants.
  for k in range(tBpB.shape[2]):
/media/datassd/sina/libgen/cutlass-pdsl/cutlass/examples/python/CuTeDSL/ampere/tensorop_gemm_tunable.py:503: UserWarning: This loop is no longer unrolled and may cause performance regression. Use `range(..., unroll_full=True)` for full unrolling, or switch to `range_constexpr` when bounds are compile-time constants.
  for k_tile in range(1, num_smem_stages - 1):
/media/datassd/sina/libgen/cutlass-pdsl/cutlass/examples/python/CuTeDSL/ampere/tensorop_gemm_tunable.py:724: UserWarning: This loop is no longer unrolled and may cause performance regression. Use `range(..., unroll_full=True)` for full unrolling, or switch to `range_constexpr` when bounds are compile-time constants.
  for rest_v in range(tCpC.shape[0]):
/media/datassd/sina/libgen/cutlass-pdsl/cutlass/examples/python/CuTeDSL/ampere/tensorop_gemm_tunable.py:725: UserWarning: This loop is no longer unrolled and may cause performance regression. Use `range(..., unroll_full=True)` for full unrolling, or switch to `range_constexpr` when bounds are compile-time constants.
  for m in range(tCpC.shape[1]):
/media/datassd/sina/libgen/cutlass-pdsl/cutlass/examples/python/CuTeDSL/ampere/tensorop_gemm_tunable.py:731: UserWarning: This loop is no longer unrolled and may cause performance regression. Use `range(..., unroll_full=True)` for full unrolling, or switch to `range_constexpr` when bounds are compile-time constants.
  for rest_v in range(tCpC.shape[0]):
/media/datassd/sina/libgen/cutlass-pdsl/cutlass/examples/python/CuTeDSL/ampere/tensorop_gemm_tunable.py:732: UserWarning: This loop is no longer unrolled and may cause performance regression. Use `range(..., unroll_full=True)` for full unrolling, or switch to `range_constexpr` when bounds are compile-time constants.
  for n in range(tCpC.shape[2]):
Traceback (most recent call last):
  File "/media/datassd/sina/libgen/cutlass-pdsl/cutlass/examples/python/CuTeDSL/ampere/tensorop_gemm_tunable.py", line 1009, in <module>
    elapsed_time = run(
                   ^^^^
  File "/media/datassd/sina/libgen/cutlass-pdsl/cutlass/examples/python/CuTeDSL/ampere/tensorop_gemm_tunable.py", line 920, in run
    torch.testing.assert_close(c_torch.cpu(), ref.cpu(), atol=1e-03, rtol=1e-05)
  File "/home/sina/miniconda3/envs/cutlass-pdsl/lib/python3.12/site-packages/torch/testing/_comparison.py", line 1530, in assert_close
    raise error_metas[0].to_error(msg)
AssertionError: Tensor-likes are not close!

Mismatched elements: 36372 / 65536 (55.5%)
Greatest absolute difference: 141.0 at index (26, 86, 0) (up to 0.001 allowed)
Greatest relative difference: inf at index (0, 157, 0) (up to 1e-05 allowed)

      Result: FAILED
    Rank 6: CTA(64x16x32) stages=6 splitK=1 est=0.012ms
ERROR running kernel: /media/datassd/sina/libgen/cutlass-pdsl/cutlass/examples/python/CuTeDSL/ampere/tensorop_gemm_tunable.py:457: UserWarning: This loop is no longer unrolled and may cause performance regression. Use `range(..., unroll_full=True)` for full unrolling, or switch to `range_constexpr` when bounds are compile-time constants.
  for rest_v in range(tApA.shape[0]):
/media/datassd/sina/libgen/cutlass-pdsl/cutlass/examples/python/CuTeDSL/ampere/tensorop_gemm_tunable.py:458: UserWarning: This loop is no longer unrolled and may cause performance regression. Use `range(..., unroll_full=True)` for full unrolling, or switch to `range_constexpr` when bounds are compile-time constants.
  for m in range(tApA.shape[1]):
/media/datassd/sina/libgen/cutlass-pdsl/cutlass/examples/python/CuTeDSL/ampere/tensorop_gemm_tunable.py:462: UserWarning: This loop is no longer unrolled and may cause performance regression. Use `range(..., unroll_full=True)` for full unrolling, or switch to `range_constexpr` when bounds are compile-time constants.
  for rest_v in range(tBpB.shape[0]):
/media/datassd/sina/libgen/cutlass-pdsl/cutlass/examples/python/CuTeDSL/ampere/tensorop_gemm_tunable.py:463: UserWarning: This loop is no longer unrolled and may cause performance regression. Use `range(..., unroll_full=True)` for full unrolling, or switch to `range_constexpr` when bounds are compile-time constants.
  for n in range(tBpB.shape[1]):
/media/datassd/sina/libgen/cutlass-pdsl/cutlass/examples/python/CuTeDSL/ampere/tensorop_gemm_tunable.py:483: UserWarning: This loop is no longer unrolled and may cause performance regression. Use `range(..., unroll_full=True)` for full unrolling, or switch to `range_constexpr` when bounds are compile-time constants.
  for k in range(tApA.shape[2]):
/media/datassd/sina/libgen/cutlass-pdsl/cutlass/examples/python/CuTeDSL/ampere/tensorop_gemm_tunable.py:491: UserWarning: This loop is no longer unrolled and may cause performance regression. Use `range(..., unroll_full=True)` for full unrolling, or switch to `range_constexpr` when bounds are compile-time constants.
  for k in range(tBpB.shape[2]):
/media/datassd/sina/libgen/cutlass-pdsl/cutlass/examples/python/CuTeDSL/ampere/tensorop_gemm_tunable.py:503: UserWarning: This loop is no longer unrolled and may cause performance regression. Use `range(..., unroll_full=True)` for full unrolling, or switch to `range_constexpr` when bounds are compile-time constants.
  for k_tile in range(1, num_smem_stages - 1):
/media/datassd/sina/libgen/cutlass-pdsl/cutlass/examples/python/CuTeDSL/ampere/tensorop_gemm_tunable.py:724: UserWarning: This loop is no longer unrolled and may cause performance regression. Use `range(..., unroll_full=True)` for full unrolling, or switch to `range_constexpr` when bounds are compile-time constants.
  for rest_v in range(tCpC.shape[0]):
/media/datassd/sina/libgen/cutlass-pdsl/cutlass/examples/python/CuTeDSL/ampere/tensorop_gemm_tunable.py:725: UserWarning: This loop is no longer unrolled and may cause performance regression. Use `range(..., unroll_full=True)` for full unrolling, or switch to `range_constexpr` when bounds are compile-time constants.
  for m in range(tCpC.shape[1]):
/media/datassd/sina/libgen/cutlass-pdsl/cutlass/examples/python/CuTeDSL/ampere/tensorop_gemm_tunable.py:731: UserWarning: This loop is no longer unrolled and may cause performance regression. Use `range(..., unroll_full=True)` for full unrolling, or switch to `range_constexpr` when bounds are compile-time constants.
  for rest_v in range(tCpC.shape[0]):
/media/datassd/sina/libgen/cutlass-pdsl/cutlass/examples/python/CuTeDSL/ampere/tensorop_gemm_tunable.py:732: UserWarning: This loop is no longer unrolled and may cause performance regression. Use `range(..., unroll_full=True)` for full unrolling, or switch to `range_constexpr` when bounds are compile-time constants.
  for n in range(tCpC.shape[2]):
Traceback (most recent call last):
  File "/media/datassd/sina/libgen/cutlass-pdsl/cutlass/examples/python/CuTeDSL/ampere/tensorop_gemm_tunable.py", line 1009, in <module>
    elapsed_time = run(
                   ^^^^
  File "/media/datassd/sina/libgen/cutlass-pdsl/cutlass/examples/python/CuTeDSL/ampere/tensorop_gemm_tunable.py", line 920, in run
    torch.testing.assert_close(c_torch.cpu(), ref.cpu(), atol=1e-03, rtol=1e-05)
  File "/home/sina/miniconda3/envs/cutlass-pdsl/lib/python3.12/site-packages/torch/testing/_comparison.py", line 1530, in assert_close
    raise error_metas[0].to_error(msg)
AssertionError: Tensor-likes are not close!

Mismatched elements: 36386 / 65536 (55.5%)
Greatest absolute difference: 147.0 at index (255, 93, 0) (up to 0.001 allowed)
Greatest relative difference: inf at index (18, 60, 0) (up to 1e-05 allowed)

      Result: FAILED
    Rank 7: CTA(80x72x64) stages=3 splitK=1 est=0.027ms
ERROR running kernel: Traceback (most recent call last):
  File "/media/datassd/sina/libgen/cutlass-pdsl/cutlass/examples/python/CuTeDSL/ampere/tensorop_gemm_tunable.py", line 1009, in <module>
    elapsed_time = run(
                   ^^^^
  File "/media/datassd/sina/libgen/cutlass-pdsl/cutlass/examples/python/CuTeDSL/ampere/tensorop_gemm_tunable.py", line 899, in run
    tensor_op_gemm = TensorOpGemm(
                     ^^^^^^^^^^^^^
  File "/media/datassd/sina/libgen/cutlass-pdsl/cutlass/examples/python/CuTeDSL/ampere/tensorop_gemm_tunable.py", line 128, in __init__
    self.bM % (atom_lay_M * mmaM) == 0
AssertionError: bM must be divisible by MMA instruction

      Result: FAILED
    Rank 8: CTA(32x40x64) stages=3 splitK=1 est=0.013ms
ERROR running kernel: Traceback (most recent call last):
  File "/media/datassd/sina/libgen/cutlass-pdsl/cutlass/examples/python/CuTeDSL/ampere/tensorop_gemm_tunable.py", line 1009, in <module>
    elapsed_time = run(
                   ^^^^
  File "/media/datassd/sina/libgen/cutlass-pdsl/cutlass/examples/python/CuTeDSL/ampere/tensorop_gemm_tunable.py", line 899, in run
    tensor_op_gemm = TensorOpGemm(
                     ^^^^^^^^^^^^^
  File "/media/datassd/sina/libgen/cutlass-pdsl/cutlass/examples/python/CuTeDSL/ampere/tensorop_gemm_tunable.py", line 131, in __init__
    self.bN % (atom_lay_N * mmaN) == 0
AssertionError: bN must be divisible by MMA instruction

      Result: FAILED

[6/9] Processing problem M=512, N=768, K=3072
  Got 8 configs from nvMatmulHeuristics
    Rank 1: CTA(128x128x32) stages=6 splitK=3 est=0.075ms
      SKIP: split-K=3 not supported by base kernel
    Rank 2: CTA(128x128x32) stages=6 splitK=3 est=0.075ms
      SKIP: split-K=3 not supported by base kernel
    Rank 3: CTA(128x128x64) stages=3 splitK=2 est=0.086ms
      SKIP: split-K=2 not supported by base kernel
    Rank 4: CTA(256x128x32) stages=4 splitK=4 est=0.121ms
      SKIP: split-K=4 not supported by base kernel
    Rank 5: CTA(256x128x64) stages=2 splitK=2 est=0.198ms
      SKIP: split-K=2 not supported by base kernel
    Rank 6: CTA(64x64x64) stages=3 splitK=2 est=0.093ms
      SKIP: split-K=2 not supported by base kernel
    Rank 7: CTA(64x32x64) stages=2 splitK=1 est=0.089ms
ERROR running kernel: Traceback (most recent call last):
  File "/media/datassd/sina/libgen/cutlass-pdsl/cutlass/examples/python/CuTeDSL/ampere/tensorop_gemm_tunable.py", line 1009, in <module>
    elapsed_time = run(
                   ^^^^
  File "/media/datassd/sina/libgen/cutlass-pdsl/cutlass/examples/python/CuTeDSL/ampere/tensorop_gemm_tunable.py", line 899, in run
    tensor_op_gemm = TensorOpGemm(
                     ^^^^^^^^^^^^^
  File "/media/datassd/sina/libgen/cutlass-pdsl/cutlass/examples/python/CuTeDSL/ampere/tensorop_gemm_tunable.py", line 135, in __init__
    assert self.num_stages >= 3, "num_stages must be greater than or equal to 3"
           ^^^^^^^^^^^^^^^^^^^^
AssertionError: num_stages must be greater than or equal to 3

      Result: FAILED
    Rank 8: CTA(128x64x32) stages=8 splitK=1 est=0.061ms
ERROR running kernel: /media/datassd/sina/libgen/cutlass-pdsl/cutlass/examples/python/CuTeDSL/ampere/tensorop_gemm_tunable.py:457: UserWarning: This loop is no longer unrolled and may cause performance regression. Use `range(..., unroll_full=True)` for full unrolling, or switch to `range_constexpr` when bounds are compile-time constants.
  for rest_v in range(tApA.shape[0]):
/media/datassd/sina/libgen/cutlass-pdsl/cutlass/examples/python/CuTeDSL/ampere/tensorop_gemm_tunable.py:458: UserWarning: This loop is no longer unrolled and may cause performance regression. Use `range(..., unroll_full=True)` for full unrolling, or switch to `range_constexpr` when bounds are compile-time constants.
  for m in range(tApA.shape[1]):
/media/datassd/sina/libgen/cutlass-pdsl/cutlass/examples/python/CuTeDSL/ampere/tensorop_gemm_tunable.py:462: UserWarning: This loop is no longer unrolled and may cause performance regression. Use `range(..., unroll_full=True)` for full unrolling, or switch to `range_constexpr` when bounds are compile-time constants.
  for rest_v in range(tBpB.shape[0]):
/media/datassd/sina/libgen/cutlass-pdsl/cutlass/examples/python/CuTeDSL/ampere/tensorop_gemm_tunable.py:463: UserWarning: This loop is no longer unrolled and may cause performance regression. Use `range(..., unroll_full=True)` for full unrolling, or switch to `range_constexpr` when bounds are compile-time constants.
  for n in range(tBpB.shape[1]):
/media/datassd/sina/libgen/cutlass-pdsl/cutlass/examples/python/CuTeDSL/ampere/tensorop_gemm_tunable.py:483: UserWarning: This loop is no longer unrolled and may cause performance regression. Use `range(..., unroll_full=True)` for full unrolling, or switch to `range_constexpr` when bounds are compile-time constants.
  for k in range(tApA.shape[2]):
/media/datassd/sina/libgen/cutlass-pdsl/cutlass/examples/python/CuTeDSL/ampere/tensorop_gemm_tunable.py:491: UserWarning: This loop is no longer unrolled and may cause performance regression. Use `range(..., unroll_full=True)` for full unrolling, or switch to `range_constexpr` when bounds are compile-time constants.
  for k in range(tBpB.shape[2]):
/media/datassd/sina/libgen/cutlass-pdsl/cutlass/examples/python/CuTeDSL/ampere/tensorop_gemm_tunable.py:503: UserWarning: This loop is no longer unrolled and may cause performance regression. Use `range(..., unroll_full=True)` for full unrolling, or switch to `range_constexpr` when bounds are compile-time constants.
  for k_tile in range(1, num_smem_stages - 1):
Traceback (most recent call last):
  File "/home/sina/miniconda3/envs/cutlass-pdsl/lib/python3.12/site-packages/nvidia_cutlass_dsl/python_packages/cutlass/base_dsl/dsl.py", line 1117, in build_ir_module
    result = funcBody(*ir_args, **ir_kwargs)
             ^^^^^^^^^^^^^^^^^^^^^^^^^^^^^^^
  File "/home/sina/miniconda3/envs/cutlass-pdsl/lib/python3.12/site-packages/nvidia_cutlass_dsl/python_packages/cutlass/base_dsl/dsl.py", line 260, in __call__
    ret = self.__func__(*args, **kwargs)
          ^^^^^^^^^^^^^^^^^^^^^^^^^^^^^^
  File "/media/datassd/sina/libgen/cutlass-pdsl/cutlass/examples/python/CuTeDSL/ampere/tensorop_gemm_tunable.py", line 290, in __call__
    ).launch(
  ^^^^^^^^^^^
  File "/media/datassd/sina/libgen/cutlass-pdsl/cutlass/examples/python/CuTeDSL/ampere/tensorop_gemm_tunable.py", line 320, in kernel
    if grid_dim[0] <= offset_tile_x or grid_dim[1] <= offset_tile_y:
^^^^^^^^^^^^^^^^^^^^^^^^^^^^^^^^^^^^^^^^^^^^^^^^^^^^^^^^^^^^^^^^^^^^
  File "/media/datassd/sina/libgen/cutlass-pdsl/cutlass/examples/python/CuTeDSL/ampere/tensorop_gemm_tunable.py", line 687, in else_block_5
    cute.autovec_copy(tCrD, tCsC)
  File "/home/sina/miniconda3/envs/cutlass-pdsl/lib/python3.12/site-packages/nvidia_cutlass_dsl/python_packages/cutlass/cute/core.py", line 4123, in right_inverse
    raise TypeError(f"expects input of type Layout, but got {type(Layout)}")
TypeError: expects input of type Layout, but got <class 'nanobind.nb_type_0'>

The above exception was the direct cause of the following exception:

Traceback (most recent call last):
  File "/media/datassd/sina/libgen/cutlass-pdsl/cutlass/examples/python/CuTeDSL/ampere/tensorop_gemm_tunable.py", line 1009, in <module>
    elapsed_time = run(
                   ^^^^
  File "/media/datassd/sina/libgen/cutlass-pdsl/cutlass/examples/python/CuTeDSL/ampere/tensorop_gemm_tunable.py", line 908, in run
    compiled_gemm = cute.compile(tensor_op_gemm, mA, mB, mC)
                    ^^^^^^^^^^^^^^^^^^^^^^^^^^^^^^^^^^^^^^^^
  File "/home/sina/miniconda3/envs/cutlass-pdsl/lib/python3.12/site-packages/nvidia_cutlass_dsl/python_packages/cutlass/base_dsl/dsl.py", line 1132, in build_ir_module
    raise DSLRuntimeError(
cutlass.base_dsl.common.DSLRuntimeError: DSLRuntimeError: 💥💥💥 Error during runtime code generation for function `__call__` 💥💥💥

      Result: FAILED

[7/9] Processing problem M=768, N=768, K=768
  Got 8 configs from nvMatmulHeuristics
    Rank 1: CTA(128x64x32) stages=8 splitK=1 est=0.028ms
ERROR running kernel: /media/datassd/sina/libgen/cutlass-pdsl/cutlass/examples/python/CuTeDSL/ampere/tensorop_gemm_tunable.py:457: UserWarning: This loop is no longer unrolled and may cause performance regression. Use `range(..., unroll_full=True)` for full unrolling, or switch to `range_constexpr` when bounds are compile-time constants.
  for rest_v in range(tApA.shape[0]):
/media/datassd/sina/libgen/cutlass-pdsl/cutlass/examples/python/CuTeDSL/ampere/tensorop_gemm_tunable.py:458: UserWarning: This loop is no longer unrolled and may cause performance regression. Use `range(..., unroll_full=True)` for full unrolling, or switch to `range_constexpr` when bounds are compile-time constants.
  for m in range(tApA.shape[1]):
/media/datassd/sina/libgen/cutlass-pdsl/cutlass/examples/python/CuTeDSL/ampere/tensorop_gemm_tunable.py:462: UserWarning: This loop is no longer unrolled and may cause performance regression. Use `range(..., unroll_full=True)` for full unrolling, or switch to `range_constexpr` when bounds are compile-time constants.
  for rest_v in range(tBpB.shape[0]):
/media/datassd/sina/libgen/cutlass-pdsl/cutlass/examples/python/CuTeDSL/ampere/tensorop_gemm_tunable.py:463: UserWarning: This loop is no longer unrolled and may cause performance regression. Use `range(..., unroll_full=True)` for full unrolling, or switch to `range_constexpr` when bounds are compile-time constants.
  for n in range(tBpB.shape[1]):
/media/datassd/sina/libgen/cutlass-pdsl/cutlass/examples/python/CuTeDSL/ampere/tensorop_gemm_tunable.py:483: UserWarning: This loop is no longer unrolled and may cause performance regression. Use `range(..., unroll_full=True)` for full unrolling, or switch to `range_constexpr` when bounds are compile-time constants.
  for k in range(tApA.shape[2]):
/media/datassd/sina/libgen/cutlass-pdsl/cutlass/examples/python/CuTeDSL/ampere/tensorop_gemm_tunable.py:491: UserWarning: This loop is no longer unrolled and may cause performance regression. Use `range(..., unroll_full=True)` for full unrolling, or switch to `range_constexpr` when bounds are compile-time constants.
  for k in range(tBpB.shape[2]):
/media/datassd/sina/libgen/cutlass-pdsl/cutlass/examples/python/CuTeDSL/ampere/tensorop_gemm_tunable.py:503: UserWarning: This loop is no longer unrolled and may cause performance regression. Use `range(..., unroll_full=True)` for full unrolling, or switch to `range_constexpr` when bounds are compile-time constants.
  for k_tile in range(1, num_smem_stages - 1):
Traceback (most recent call last):
  File "/home/sina/miniconda3/envs/cutlass-pdsl/lib/python3.12/site-packages/nvidia_cutlass_dsl/python_packages/cutlass/base_dsl/dsl.py", line 1117, in build_ir_module
    result = funcBody(*ir_args, **ir_kwargs)
             ^^^^^^^^^^^^^^^^^^^^^^^^^^^^^^^
  File "/home/sina/miniconda3/envs/cutlass-pdsl/lib/python3.12/site-packages/nvidia_cutlass_dsl/python_packages/cutlass/base_dsl/dsl.py", line 260, in __call__
    ret = self.__func__(*args, **kwargs)
          ^^^^^^^^^^^^^^^^^^^^^^^^^^^^^^
  File "/media/datassd/sina/libgen/cutlass-pdsl/cutlass/examples/python/CuTeDSL/ampere/tensorop_gemm_tunable.py", line 290, in __call__
    ).launch(
  ^^^^^^^^^^^
  File "/media/datassd/sina/libgen/cutlass-pdsl/cutlass/examples/python/CuTeDSL/ampere/tensorop_gemm_tunable.py", line 320, in kernel
    if grid_dim[0] <= offset_tile_x or grid_dim[1] <= offset_tile_y:
^^^^^^^^^^^^^^^^^^^^^^^^^^^^^^^^^^^^^^^^^^^^^^^^^^^^^^^^^^^^^^^^^^^^
  File "/media/datassd/sina/libgen/cutlass-pdsl/cutlass/examples/python/CuTeDSL/ampere/tensorop_gemm_tunable.py", line 687, in else_block_5
    cute.autovec_copy(tCrD, tCsC)
  File "/home/sina/miniconda3/envs/cutlass-pdsl/lib/python3.12/site-packages/nvidia_cutlass_dsl/python_packages/cutlass/cute/core.py", line 4123, in right_inverse
    raise TypeError(f"expects input of type Layout, but got {type(Layout)}")
TypeError: expects input of type Layout, but got <class 'nanobind.nb_type_0'>

The above exception was the direct cause of the following exception:

Traceback (most recent call last):
  File "/media/datassd/sina/libgen/cutlass-pdsl/cutlass/examples/python/CuTeDSL/ampere/tensorop_gemm_tunable.py", line 1009, in <module>
    elapsed_time = run(
                   ^^^^
  File "/media/datassd/sina/libgen/cutlass-pdsl/cutlass/examples/python/CuTeDSL/ampere/tensorop_gemm_tunable.py", line 908, in run
    compiled_gemm = cute.compile(tensor_op_gemm, mA, mB, mC)
                    ^^^^^^^^^^^^^^^^^^^^^^^^^^^^^^^^^^^^^^^^
  File "/home/sina/miniconda3/envs/cutlass-pdsl/lib/python3.12/site-packages/nvidia_cutlass_dsl/python_packages/cutlass/base_dsl/dsl.py", line 1132, in build_ir_module
    raise DSLRuntimeError(
cutlass.base_dsl.common.DSLRuntimeError: DSLRuntimeError: 💥💥💥 Error during runtime code generation for function `__call__` 💥💥💥

      Result: FAILED
    Rank 2: CTA(128x64x32) stages=8 splitK=1 est=0.028ms
ERROR running kernel: /media/datassd/sina/libgen/cutlass-pdsl/cutlass/examples/python/CuTeDSL/ampere/tensorop_gemm_tunable.py:457: UserWarning: This loop is no longer unrolled and may cause performance regression. Use `range(..., unroll_full=True)` for full unrolling, or switch to `range_constexpr` when bounds are compile-time constants.
  for rest_v in range(tApA.shape[0]):
/media/datassd/sina/libgen/cutlass-pdsl/cutlass/examples/python/CuTeDSL/ampere/tensorop_gemm_tunable.py:458: UserWarning: This loop is no longer unrolled and may cause performance regression. Use `range(..., unroll_full=True)` for full unrolling, or switch to `range_constexpr` when bounds are compile-time constants.
  for m in range(tApA.shape[1]):
/media/datassd/sina/libgen/cutlass-pdsl/cutlass/examples/python/CuTeDSL/ampere/tensorop_gemm_tunable.py:462: UserWarning: This loop is no longer unrolled and may cause performance regression. Use `range(..., unroll_full=True)` for full unrolling, or switch to `range_constexpr` when bounds are compile-time constants.
  for rest_v in range(tBpB.shape[0]):
/media/datassd/sina/libgen/cutlass-pdsl/cutlass/examples/python/CuTeDSL/ampere/tensorop_gemm_tunable.py:463: UserWarning: This loop is no longer unrolled and may cause performance regression. Use `range(..., unroll_full=True)` for full unrolling, or switch to `range_constexpr` when bounds are compile-time constants.
  for n in range(tBpB.shape[1]):
/media/datassd/sina/libgen/cutlass-pdsl/cutlass/examples/python/CuTeDSL/ampere/tensorop_gemm_tunable.py:483: UserWarning: This loop is no longer unrolled and may cause performance regression. Use `range(..., unroll_full=True)` for full unrolling, or switch to `range_constexpr` when bounds are compile-time constants.
  for k in range(tApA.shape[2]):
/media/datassd/sina/libgen/cutlass-pdsl/cutlass/examples/python/CuTeDSL/ampere/tensorop_gemm_tunable.py:491: UserWarning: This loop is no longer unrolled and may cause performance regression. Use `range(..., unroll_full=True)` for full unrolling, or switch to `range_constexpr` when bounds are compile-time constants.
  for k in range(tBpB.shape[2]):
/media/datassd/sina/libgen/cutlass-pdsl/cutlass/examples/python/CuTeDSL/ampere/tensorop_gemm_tunable.py:503: UserWarning: This loop is no longer unrolled and may cause performance regression. Use `range(..., unroll_full=True)` for full unrolling, or switch to `range_constexpr` when bounds are compile-time constants.
  for k_tile in range(1, num_smem_stages - 1):
Traceback (most recent call last):
  File "/home/sina/miniconda3/envs/cutlass-pdsl/lib/python3.12/site-packages/nvidia_cutlass_dsl/python_packages/cutlass/base_dsl/dsl.py", line 1117, in build_ir_module
    result = funcBody(*ir_args, **ir_kwargs)
             ^^^^^^^^^^^^^^^^^^^^^^^^^^^^^^^
  File "/home/sina/miniconda3/envs/cutlass-pdsl/lib/python3.12/site-packages/nvidia_cutlass_dsl/python_packages/cutlass/base_dsl/dsl.py", line 260, in __call__
    ret = self.__func__(*args, **kwargs)
          ^^^^^^^^^^^^^^^^^^^^^^^^^^^^^^
  File "/media/datassd/sina/libgen/cutlass-pdsl/cutlass/examples/python/CuTeDSL/ampere/tensorop_gemm_tunable.py", line 290, in __call__
    ).launch(
  ^^^^^^^^^^^
  File "/media/datassd/sina/libgen/cutlass-pdsl/cutlass/examples/python/CuTeDSL/ampere/tensorop_gemm_tunable.py", line 320, in kernel
    if grid_dim[0] <= offset_tile_x or grid_dim[1] <= offset_tile_y:
^^^^^^^^^^^^^^^^^^^^^^^^^^^^^^^^^^^^^^^^^^^^^^^^^^^^^^^^^^^^^^^^^^^^
  File "/media/datassd/sina/libgen/cutlass-pdsl/cutlass/examples/python/CuTeDSL/ampere/tensorop_gemm_tunable.py", line 687, in else_block_5
    cute.autovec_copy(tCrD, tCsC)
  File "/home/sina/miniconda3/envs/cutlass-pdsl/lib/python3.12/site-packages/nvidia_cutlass_dsl/python_packages/cutlass/cute/core.py", line 4123, in right_inverse
    raise TypeError(f"expects input of type Layout, but got {type(Layout)}")
TypeError: expects input of type Layout, but got <class 'nanobind.nb_type_0'>

The above exception was the direct cause of the following exception:

Traceback (most recent call last):
  File "/media/datassd/sina/libgen/cutlass-pdsl/cutlass/examples/python/CuTeDSL/ampere/tensorop_gemm_tunable.py", line 1009, in <module>
    elapsed_time = run(
                   ^^^^
  File "/media/datassd/sina/libgen/cutlass-pdsl/cutlass/examples/python/CuTeDSL/ampere/tensorop_gemm_tunable.py", line 908, in run
    compiled_gemm = cute.compile(tensor_op_gemm, mA, mB, mC)
                    ^^^^^^^^^^^^^^^^^^^^^^^^^^^^^^^^^^^^^^^^
  File "/home/sina/miniconda3/envs/cutlass-pdsl/lib/python3.12/site-packages/nvidia_cutlass_dsl/python_packages/cutlass/base_dsl/dsl.py", line 1132, in build_ir_module
    raise DSLRuntimeError(
cutlass.base_dsl.common.DSLRuntimeError: DSLRuntimeError: 💥💥💥 Error during runtime code generation for function `__call__` 💥💥💥

      Result: FAILED
    Rank 3: CTA(128x64x64) stages=4 splitK=1 est=0.028ms
ERROR running kernel: /media/datassd/sina/libgen/cutlass-pdsl/cutlass/examples/python/CuTeDSL/ampere/tensorop_gemm_tunable.py:457: UserWarning: This loop is no longer unrolled and may cause performance regression. Use `range(..., unroll_full=True)` for full unrolling, or switch to `range_constexpr` when bounds are compile-time constants.
  for rest_v in range(tApA.shape[0]):
/media/datassd/sina/libgen/cutlass-pdsl/cutlass/examples/python/CuTeDSL/ampere/tensorop_gemm_tunable.py:458: UserWarning: This loop is no longer unrolled and may cause performance regression. Use `range(..., unroll_full=True)` for full unrolling, or switch to `range_constexpr` when bounds are compile-time constants.
  for m in range(tApA.shape[1]):
/media/datassd/sina/libgen/cutlass-pdsl/cutlass/examples/python/CuTeDSL/ampere/tensorop_gemm_tunable.py:462: UserWarning: This loop is no longer unrolled and may cause performance regression. Use `range(..., unroll_full=True)` for full unrolling, or switch to `range_constexpr` when bounds are compile-time constants.
  for rest_v in range(tBpB.shape[0]):
/media/datassd/sina/libgen/cutlass-pdsl/cutlass/examples/python/CuTeDSL/ampere/tensorop_gemm_tunable.py:463: UserWarning: This loop is no longer unrolled and may cause performance regression. Use `range(..., unroll_full=True)` for full unrolling, or switch to `range_constexpr` when bounds are compile-time constants.
  for n in range(tBpB.shape[1]):
/media/datassd/sina/libgen/cutlass-pdsl/cutlass/examples/python/CuTeDSL/ampere/tensorop_gemm_tunable.py:483: UserWarning: This loop is no longer unrolled and may cause performance regression. Use `range(..., unroll_full=True)` for full unrolling, or switch to `range_constexpr` when bounds are compile-time constants.
  for k in range(tApA.shape[2]):
/media/datassd/sina/libgen/cutlass-pdsl/cutlass/examples/python/CuTeDSL/ampere/tensorop_gemm_tunable.py:491: UserWarning: This loop is no longer unrolled and may cause performance regression. Use `range(..., unroll_full=True)` for full unrolling, or switch to `range_constexpr` when bounds are compile-time constants.
  for k in range(tBpB.shape[2]):
/media/datassd/sina/libgen/cutlass-pdsl/cutlass/examples/python/CuTeDSL/ampere/tensorop_gemm_tunable.py:503: UserWarning: This loop is no longer unrolled and may cause performance regression. Use `range(..., unroll_full=True)` for full unrolling, or switch to `range_constexpr` when bounds are compile-time constants.
  for k_tile in range(1, num_smem_stages - 1):
Traceback (most recent call last):
  File "/home/sina/miniconda3/envs/cutlass-pdsl/lib/python3.12/site-packages/nvidia_cutlass_dsl/python_packages/cutlass/base_dsl/dsl.py", line 1117, in build_ir_module
    result = funcBody(*ir_args, **ir_kwargs)
             ^^^^^^^^^^^^^^^^^^^^^^^^^^^^^^^
  File "/home/sina/miniconda3/envs/cutlass-pdsl/lib/python3.12/site-packages/nvidia_cutlass_dsl/python_packages/cutlass/base_dsl/dsl.py", line 260, in __call__
    ret = self.__func__(*args, **kwargs)
          ^^^^^^^^^^^^^^^^^^^^^^^^^^^^^^
  File "/media/datassd/sina/libgen/cutlass-pdsl/cutlass/examples/python/CuTeDSL/ampere/tensorop_gemm_tunable.py", line 290, in __call__
    ).launch(
  ^^^^^^^^^^^
  File "/media/datassd/sina/libgen/cutlass-pdsl/cutlass/examples/python/CuTeDSL/ampere/tensorop_gemm_tunable.py", line 320, in kernel
    if grid_dim[0] <= offset_tile_x or grid_dim[1] <= offset_tile_y:
^^^^^^^^^^^^^^^^^^^^^^^^^^^^^^^^^^^^^^^^^^^^^^^^^^^^^^^^^^^^^^^^^^^^
  File "/media/datassd/sina/libgen/cutlass-pdsl/cutlass/examples/python/CuTeDSL/ampere/tensorop_gemm_tunable.py", line 687, in else_block_5
    cute.autovec_copy(tCrD, tCsC)
  File "/home/sina/miniconda3/envs/cutlass-pdsl/lib/python3.12/site-packages/nvidia_cutlass_dsl/python_packages/cutlass/cute/core.py", line 4123, in right_inverse
    raise TypeError(f"expects input of type Layout, but got {type(Layout)}")
TypeError: expects input of type Layout, but got <class 'nanobind.nb_type_0'>

The above exception was the direct cause of the following exception:

Traceback (most recent call last):
  File "/media/datassd/sina/libgen/cutlass-pdsl/cutlass/examples/python/CuTeDSL/ampere/tensorop_gemm_tunable.py", line 1009, in <module>
    elapsed_time = run(
                   ^^^^
  File "/media/datassd/sina/libgen/cutlass-pdsl/cutlass/examples/python/CuTeDSL/ampere/tensorop_gemm_tunable.py", line 908, in run
    compiled_gemm = cute.compile(tensor_op_gemm, mA, mB, mC)
                    ^^^^^^^^^^^^^^^^^^^^^^^^^^^^^^^^^^^^^^^^
  File "/home/sina/miniconda3/envs/cutlass-pdsl/lib/python3.12/site-packages/nvidia_cutlass_dsl/python_packages/cutlass/base_dsl/dsl.py", line 1132, in build_ir_module
    raise DSLRuntimeError(
cutlass.base_dsl.common.DSLRuntimeError: DSLRuntimeError: 💥💥💥 Error during runtime code generation for function `__call__` 💥💥💥

      Result: FAILED
    Rank 4: CTA(64x64x64) stages=3 splitK=1 est=0.032ms
ERROR running kernel: /media/datassd/sina/libgen/cutlass-pdsl/cutlass/examples/python/CuTeDSL/ampere/tensorop_gemm_tunable.py:457: UserWarning: This loop is no longer unrolled and may cause performance regression. Use `range(..., unroll_full=True)` for full unrolling, or switch to `range_constexpr` when bounds are compile-time constants.
  for rest_v in range(tApA.shape[0]):
/media/datassd/sina/libgen/cutlass-pdsl/cutlass/examples/python/CuTeDSL/ampere/tensorop_gemm_tunable.py:458: UserWarning: This loop is no longer unrolled and may cause performance regression. Use `range(..., unroll_full=True)` for full unrolling, or switch to `range_constexpr` when bounds are compile-time constants.
  for m in range(tApA.shape[1]):
/media/datassd/sina/libgen/cutlass-pdsl/cutlass/examples/python/CuTeDSL/ampere/tensorop_gemm_tunable.py:462: UserWarning: This loop is no longer unrolled and may cause performance regression. Use `range(..., unroll_full=True)` for full unrolling, or switch to `range_constexpr` when bounds are compile-time constants.
  for rest_v in range(tBpB.shape[0]):
/media/datassd/sina/libgen/cutlass-pdsl/cutlass/examples/python/CuTeDSL/ampere/tensorop_gemm_tunable.py:463: UserWarning: This loop is no longer unrolled and may cause performance regression. Use `range(..., unroll_full=True)` for full unrolling, or switch to `range_constexpr` when bounds are compile-time constants.
  for n in range(tBpB.shape[1]):
/media/datassd/sina/libgen/cutlass-pdsl/cutlass/examples/python/CuTeDSL/ampere/tensorop_gemm_tunable.py:483: UserWarning: This loop is no longer unrolled and may cause performance regression. Use `range(..., unroll_full=True)` for full unrolling, or switch to `range_constexpr` when bounds are compile-time constants.
  for k in range(tApA.shape[2]):
/media/datassd/sina/libgen/cutlass-pdsl/cutlass/examples/python/CuTeDSL/ampere/tensorop_gemm_tunable.py:491: UserWarning: This loop is no longer unrolled and may cause performance regression. Use `range(..., unroll_full=True)` for full unrolling, or switch to `range_constexpr` when bounds are compile-time constants.
  for k in range(tBpB.shape[2]):
/media/datassd/sina/libgen/cutlass-pdsl/cutlass/examples/python/CuTeDSL/ampere/tensorop_gemm_tunable.py:503: UserWarning: This loop is no longer unrolled and may cause performance regression. Use `range(..., unroll_full=True)` for full unrolling, or switch to `range_constexpr` when bounds are compile-time constants.
  for k_tile in range(1, num_smem_stages - 1):
Traceback (most recent call last):
  File "/home/sina/miniconda3/envs/cutlass-pdsl/lib/python3.12/site-packages/nvidia_cutlass_dsl/python_packages/cutlass/base_dsl/dsl.py", line 1117, in build_ir_module
    result = funcBody(*ir_args, **ir_kwargs)
             ^^^^^^^^^^^^^^^^^^^^^^^^^^^^^^^
  File "/home/sina/miniconda3/envs/cutlass-pdsl/lib/python3.12/site-packages/nvidia_cutlass_dsl/python_packages/cutlass/base_dsl/dsl.py", line 260, in __call__
    ret = self.__func__(*args, **kwargs)
          ^^^^^^^^^^^^^^^^^^^^^^^^^^^^^^
  File "/media/datassd/sina/libgen/cutlass-pdsl/cutlass/examples/python/CuTeDSL/ampere/tensorop_gemm_tunable.py", line 290, in __call__
    ).launch(
  ^^^^^^^^^^^
  File "/media/datassd/sina/libgen/cutlass-pdsl/cutlass/examples/python/CuTeDSL/ampere/tensorop_gemm_tunable.py", line 320, in kernel
    if grid_dim[0] <= offset_tile_x or grid_dim[1] <= offset_tile_y:
^^^^^^^^^^^^^^^^^^^^^^^^^^^^^^^^^^^^^^^^^^^^^^^^^^^^^^^^^^^^^^^^^^^^
  File "/media/datassd/sina/libgen/cutlass-pdsl/cutlass/examples/python/CuTeDSL/ampere/tensorop_gemm_tunable.py", line 687, in else_block_5
    cute.autovec_copy(tCrD, tCsC)
  File "/home/sina/miniconda3/envs/cutlass-pdsl/lib/python3.12/site-packages/nvidia_cutlass_dsl/python_packages/cutlass/cute/core.py", line 4123, in right_inverse
    raise TypeError(f"expects input of type Layout, but got {type(Layout)}")
TypeError: expects input of type Layout, but got <class 'nanobind.nb_type_0'>

The above exception was the direct cause of the following exception:

Traceback (most recent call last):
  File "/media/datassd/sina/libgen/cutlass-pdsl/cutlass/examples/python/CuTeDSL/ampere/tensorop_gemm_tunable.py", line 1009, in <module>
    elapsed_time = run(
                   ^^^^
  File "/media/datassd/sina/libgen/cutlass-pdsl/cutlass/examples/python/CuTeDSL/ampere/tensorop_gemm_tunable.py", line 908, in run
    compiled_gemm = cute.compile(tensor_op_gemm, mA, mB, mC)
                    ^^^^^^^^^^^^^^^^^^^^^^^^^^^^^^^^^^^^^^^^
  File "/home/sina/miniconda3/envs/cutlass-pdsl/lib/python3.12/site-packages/nvidia_cutlass_dsl/python_packages/cutlass/base_dsl/dsl.py", line 1132, in build_ir_module
    raise DSLRuntimeError(
cutlass.base_dsl.common.DSLRuntimeError: DSLRuntimeError: 💥💥💥 Error during runtime code generation for function `__call__` 💥💥💥

      Result: FAILED
    Rank 5: CTA(64x32x64) stages=2 splitK=1 est=0.040ms
ERROR running kernel: Traceback (most recent call last):
  File "/media/datassd/sina/libgen/cutlass-pdsl/cutlass/examples/python/CuTeDSL/ampere/tensorop_gemm_tunable.py", line 1009, in <module>
    elapsed_time = run(
                   ^^^^
  File "/media/datassd/sina/libgen/cutlass-pdsl/cutlass/examples/python/CuTeDSL/ampere/tensorop_gemm_tunable.py", line 899, in run
    tensor_op_gemm = TensorOpGemm(
                     ^^^^^^^^^^^^^
  File "/media/datassd/sina/libgen/cutlass-pdsl/cutlass/examples/python/CuTeDSL/ampere/tensorop_gemm_tunable.py", line 135, in __init__
    assert self.num_stages >= 3, "num_stages must be greater than or equal to 3"
           ^^^^^^^^^^^^^^^^^^^^
AssertionError: num_stages must be greater than or equal to 3

      Result: FAILED
    Rank 6: CTA(128x64x32) stages=8 splitK=1 est=0.028ms
ERROR running kernel: /media/datassd/sina/libgen/cutlass-pdsl/cutlass/examples/python/CuTeDSL/ampere/tensorop_gemm_tunable.py:457: UserWarning: This loop is no longer unrolled and may cause performance regression. Use `range(..., unroll_full=True)` for full unrolling, or switch to `range_constexpr` when bounds are compile-time constants.
  for rest_v in range(tApA.shape[0]):
/media/datassd/sina/libgen/cutlass-pdsl/cutlass/examples/python/CuTeDSL/ampere/tensorop_gemm_tunable.py:458: UserWarning: This loop is no longer unrolled and may cause performance regression. Use `range(..., unroll_full=True)` for full unrolling, or switch to `range_constexpr` when bounds are compile-time constants.
  for m in range(tApA.shape[1]):
/media/datassd/sina/libgen/cutlass-pdsl/cutlass/examples/python/CuTeDSL/ampere/tensorop_gemm_tunable.py:462: UserWarning: This loop is no longer unrolled and may cause performance regression. Use `range(..., unroll_full=True)` for full unrolling, or switch to `range_constexpr` when bounds are compile-time constants.
  for rest_v in range(tBpB.shape[0]):
/media/datassd/sina/libgen/cutlass-pdsl/cutlass/examples/python/CuTeDSL/ampere/tensorop_gemm_tunable.py:463: UserWarning: This loop is no longer unrolled and may cause performance regression. Use `range(..., unroll_full=True)` for full unrolling, or switch to `range_constexpr` when bounds are compile-time constants.
  for n in range(tBpB.shape[1]):
/media/datassd/sina/libgen/cutlass-pdsl/cutlass/examples/python/CuTeDSL/ampere/tensorop_gemm_tunable.py:483: UserWarning: This loop is no longer unrolled and may cause performance regression. Use `range(..., unroll_full=True)` for full unrolling, or switch to `range_constexpr` when bounds are compile-time constants.
  for k in range(tApA.shape[2]):
/media/datassd/sina/libgen/cutlass-pdsl/cutlass/examples/python/CuTeDSL/ampere/tensorop_gemm_tunable.py:491: UserWarning: This loop is no longer unrolled and may cause performance regression. Use `range(..., unroll_full=True)` for full unrolling, or switch to `range_constexpr` when bounds are compile-time constants.
  for k in range(tBpB.shape[2]):
/media/datassd/sina/libgen/cutlass-pdsl/cutlass/examples/python/CuTeDSL/ampere/tensorop_gemm_tunable.py:503: UserWarning: This loop is no longer unrolled and may cause performance regression. Use `range(..., unroll_full=True)` for full unrolling, or switch to `range_constexpr` when bounds are compile-time constants.
  for k_tile in range(1, num_smem_stages - 1):
Traceback (most recent call last):
  File "/home/sina/miniconda3/envs/cutlass-pdsl/lib/python3.12/site-packages/nvidia_cutlass_dsl/python_packages/cutlass/base_dsl/dsl.py", line 1117, in build_ir_module
    result = funcBody(*ir_args, **ir_kwargs)
             ^^^^^^^^^^^^^^^^^^^^^^^^^^^^^^^
  File "/home/sina/miniconda3/envs/cutlass-pdsl/lib/python3.12/site-packages/nvidia_cutlass_dsl/python_packages/cutlass/base_dsl/dsl.py", line 260, in __call__
    ret = self.__func__(*args, **kwargs)
          ^^^^^^^^^^^^^^^^^^^^^^^^^^^^^^
  File "/media/datassd/sina/libgen/cutlass-pdsl/cutlass/examples/python/CuTeDSL/ampere/tensorop_gemm_tunable.py", line 290, in __call__
    ).launch(
  ^^^^^^^^^^^
  File "/media/datassd/sina/libgen/cutlass-pdsl/cutlass/examples/python/CuTeDSL/ampere/tensorop_gemm_tunable.py", line 320, in kernel
    if grid_dim[0] <= offset_tile_x or grid_dim[1] <= offset_tile_y:
^^^^^^^^^^^^^^^^^^^^^^^^^^^^^^^^^^^^^^^^^^^^^^^^^^^^^^^^^^^^^^^^^^^^
  File "/media/datassd/sina/libgen/cutlass-pdsl/cutlass/examples/python/CuTeDSL/ampere/tensorop_gemm_tunable.py", line 687, in else_block_5
    cute.autovec_copy(tCrD, tCsC)
  File "/home/sina/miniconda3/envs/cutlass-pdsl/lib/python3.12/site-packages/nvidia_cutlass_dsl/python_packages/cutlass/cute/core.py", line 4123, in right_inverse
    raise TypeError(f"expects input of type Layout, but got {type(Layout)}")
TypeError: expects input of type Layout, but got <class 'nanobind.nb_type_0'>

The above exception was the direct cause of the following exception:

Traceback (most recent call last):
  File "/media/datassd/sina/libgen/cutlass-pdsl/cutlass/examples/python/CuTeDSL/ampere/tensorop_gemm_tunable.py", line 1009, in <module>
    elapsed_time = run(
                   ^^^^
  File "/media/datassd/sina/libgen/cutlass-pdsl/cutlass/examples/python/CuTeDSL/ampere/tensorop_gemm_tunable.py", line 908, in run
    compiled_gemm = cute.compile(tensor_op_gemm, mA, mB, mC)
                    ^^^^^^^^^^^^^^^^^^^^^^^^^^^^^^^^^^^^^^^^
  File "/home/sina/miniconda3/envs/cutlass-pdsl/lib/python3.12/site-packages/nvidia_cutlass_dsl/python_packages/cutlass/base_dsl/dsl.py", line 1132, in build_ir_module
    raise DSLRuntimeError(
cutlass.base_dsl.common.DSLRuntimeError: DSLRuntimeError: 💥💥💥 Error during runtime code generation for function `__call__` 💥💥💥

      Result: FAILED
    Rank 7: CTA(256x32x32) stages=5 splitK=1 est=0.034ms
ERROR running kernel: /media/datassd/sina/libgen/cutlass-pdsl/cutlass/examples/python/CuTeDSL/ampere/tensorop_gemm_tunable.py:457: UserWarning: This loop is no longer unrolled and may cause performance regression. Use `range(..., unroll_full=True)` for full unrolling, or switch to `range_constexpr` when bounds are compile-time constants.
  for rest_v in range(tApA.shape[0]):
/media/datassd/sina/libgen/cutlass-pdsl/cutlass/examples/python/CuTeDSL/ampere/tensorop_gemm_tunable.py:458: UserWarning: This loop is no longer unrolled and may cause performance regression. Use `range(..., unroll_full=True)` for full unrolling, or switch to `range_constexpr` when bounds are compile-time constants.
  for m in range(tApA.shape[1]):
/media/datassd/sina/libgen/cutlass-pdsl/cutlass/examples/python/CuTeDSL/ampere/tensorop_gemm_tunable.py:462: UserWarning: This loop is no longer unrolled and may cause performance regression. Use `range(..., unroll_full=True)` for full unrolling, or switch to `range_constexpr` when bounds are compile-time constants.
  for rest_v in range(tBpB.shape[0]):
/media/datassd/sina/libgen/cutlass-pdsl/cutlass/examples/python/CuTeDSL/ampere/tensorop_gemm_tunable.py:463: UserWarning: This loop is no longer unrolled and may cause performance regression. Use `range(..., unroll_full=True)` for full unrolling, or switch to `range_constexpr` when bounds are compile-time constants.
  for n in range(tBpB.shape[1]):
/media/datassd/sina/libgen/cutlass-pdsl/cutlass/examples/python/CuTeDSL/ampere/tensorop_gemm_tunable.py:483: UserWarning: This loop is no longer unrolled and may cause performance regression. Use `range(..., unroll_full=True)` for full unrolling, or switch to `range_constexpr` when bounds are compile-time constants.
  for k in range(tApA.shape[2]):
/media/datassd/sina/libgen/cutlass-pdsl/cutlass/examples/python/CuTeDSL/ampere/tensorop_gemm_tunable.py:491: UserWarning: This loop is no longer unrolled and may cause performance regression. Use `range(..., unroll_full=True)` for full unrolling, or switch to `range_constexpr` when bounds are compile-time constants.
  for k in range(tBpB.shape[2]):
/media/datassd/sina/libgen/cutlass-pdsl/cutlass/examples/python/CuTeDSL/ampere/tensorop_gemm_tunable.py:503: UserWarning: This loop is no longer unrolled and may cause performance regression. Use `range(..., unroll_full=True)` for full unrolling, or switch to `range_constexpr` when bounds are compile-time constants.
  for k_tile in range(1, num_smem_stages - 1):
Traceback (most recent call last):
  File "/home/sina/miniconda3/envs/cutlass-pdsl/lib/python3.12/site-packages/nvidia_cutlass_dsl/python_packages/cutlass/base_dsl/dsl.py", line 1117, in build_ir_module
    result = funcBody(*ir_args, **ir_kwargs)
             ^^^^^^^^^^^^^^^^^^^^^^^^^^^^^^^
  File "/home/sina/miniconda3/envs/cutlass-pdsl/lib/python3.12/site-packages/nvidia_cutlass_dsl/python_packages/cutlass/base_dsl/dsl.py", line 260, in __call__
    ret = self.__func__(*args, **kwargs)
          ^^^^^^^^^^^^^^^^^^^^^^^^^^^^^^
  File "/media/datassd/sina/libgen/cutlass-pdsl/cutlass/examples/python/CuTeDSL/ampere/tensorop_gemm_tunable.py", line 290, in __call__
    ).launch(
  ^^^^^^^^^^^
  File "/media/datassd/sina/libgen/cutlass-pdsl/cutlass/examples/python/CuTeDSL/ampere/tensorop_gemm_tunable.py", line 320, in kernel
    if grid_dim[0] <= offset_tile_x or grid_dim[1] <= offset_tile_y:
^^^^^^^^^^^^^^^^^^^^^^^^^^^^^^^^^^^^^^^^^^^^^^^^^^^^^^^^^^^^^^^^^^^^
  File "/media/datassd/sina/libgen/cutlass-pdsl/cutlass/examples/python/CuTeDSL/ampere/tensorop_gemm_tunable.py", line 687, in else_block_5
    cute.autovec_copy(tCrD, tCsC)
  File "/home/sina/miniconda3/envs/cutlass-pdsl/lib/python3.12/site-packages/nvidia_cutlass_dsl/python_packages/cutlass/cute/core.py", line 4123, in right_inverse
    raise TypeError(f"expects input of type Layout, but got {type(Layout)}")
TypeError: expects input of type Layout, but got <class 'nanobind.nb_type_0'>

The above exception was the direct cause of the following exception:

Traceback (most recent call last):
  File "/media/datassd/sina/libgen/cutlass-pdsl/cutlass/examples/python/CuTeDSL/ampere/tensorop_gemm_tunable.py", line 1009, in <module>
    elapsed_time = run(
                   ^^^^
  File "/media/datassd/sina/libgen/cutlass-pdsl/cutlass/examples/python/CuTeDSL/ampere/tensorop_gemm_tunable.py", line 908, in run
    compiled_gemm = cute.compile(tensor_op_gemm, mA, mB, mC)
                    ^^^^^^^^^^^^^^^^^^^^^^^^^^^^^^^^^^^^^^^^
  File "/home/sina/miniconda3/envs/cutlass-pdsl/lib/python3.12/site-packages/nvidia_cutlass_dsl/python_packages/cutlass/base_dsl/dsl.py", line 1132, in build_ir_module
    raise DSLRuntimeError(
cutlass.base_dsl.common.DSLRuntimeError: DSLRuntimeError: 💥💥💥 Error during runtime code generation for function `__call__` 💥💥💥

      Result: FAILED
    Rank 8: CTA(256x32x32) stages=5 splitK=1 est=0.034ms
ERROR running kernel: /media/datassd/sina/libgen/cutlass-pdsl/cutlass/examples/python/CuTeDSL/ampere/tensorop_gemm_tunable.py:457: UserWarning: This loop is no longer unrolled and may cause performance regression. Use `range(..., unroll_full=True)` for full unrolling, or switch to `range_constexpr` when bounds are compile-time constants.
  for rest_v in range(tApA.shape[0]):
/media/datassd/sina/libgen/cutlass-pdsl/cutlass/examples/python/CuTeDSL/ampere/tensorop_gemm_tunable.py:458: UserWarning: This loop is no longer unrolled and may cause performance regression. Use `range(..., unroll_full=True)` for full unrolling, or switch to `range_constexpr` when bounds are compile-time constants.
  for m in range(tApA.shape[1]):
/media/datassd/sina/libgen/cutlass-pdsl/cutlass/examples/python/CuTeDSL/ampere/tensorop_gemm_tunable.py:462: UserWarning: This loop is no longer unrolled and may cause performance regression. Use `range(..., unroll_full=True)` for full unrolling, or switch to `range_constexpr` when bounds are compile-time constants.
  for rest_v in range(tBpB.shape[0]):
/media/datassd/sina/libgen/cutlass-pdsl/cutlass/examples/python/CuTeDSL/ampere/tensorop_gemm_tunable.py:463: UserWarning: This loop is no longer unrolled and may cause performance regression. Use `range(..., unroll_full=True)` for full unrolling, or switch to `range_constexpr` when bounds are compile-time constants.
  for n in range(tBpB.shape[1]):
/media/datassd/sina/libgen/cutlass-pdsl/cutlass/examples/python/CuTeDSL/ampere/tensorop_gemm_tunable.py:483: UserWarning: This loop is no longer unrolled and may cause performance regression. Use `range(..., unroll_full=True)` for full unrolling, or switch to `range_constexpr` when bounds are compile-time constants.
  for k in range(tApA.shape[2]):
/media/datassd/sina/libgen/cutlass-pdsl/cutlass/examples/python/CuTeDSL/ampere/tensorop_gemm_tunable.py:491: UserWarning: This loop is no longer unrolled and may cause performance regression. Use `range(..., unroll_full=True)` for full unrolling, or switch to `range_constexpr` when bounds are compile-time constants.
  for k in range(tBpB.shape[2]):
/media/datassd/sina/libgen/cutlass-pdsl/cutlass/examples/python/CuTeDSL/ampere/tensorop_gemm_tunable.py:503: UserWarning: This loop is no longer unrolled and may cause performance regression. Use `range(..., unroll_full=True)` for full unrolling, or switch to `range_constexpr` when bounds are compile-time constants.
  for k_tile in range(1, num_smem_stages - 1):
Traceback (most recent call last):
  File "/home/sina/miniconda3/envs/cutlass-pdsl/lib/python3.12/site-packages/nvidia_cutlass_dsl/python_packages/cutlass/base_dsl/dsl.py", line 1117, in build_ir_module
    result = funcBody(*ir_args, **ir_kwargs)
             ^^^^^^^^^^^^^^^^^^^^^^^^^^^^^^^
  File "/home/sina/miniconda3/envs/cutlass-pdsl/lib/python3.12/site-packages/nvidia_cutlass_dsl/python_packages/cutlass/base_dsl/dsl.py", line 260, in __call__
    ret = self.__func__(*args, **kwargs)
          ^^^^^^^^^^^^^^^^^^^^^^^^^^^^^^
  File "/media/datassd/sina/libgen/cutlass-pdsl/cutlass/examples/python/CuTeDSL/ampere/tensorop_gemm_tunable.py", line 290, in __call__
    ).launch(
  ^^^^^^^^^^^
  File "/media/datassd/sina/libgen/cutlass-pdsl/cutlass/examples/python/CuTeDSL/ampere/tensorop_gemm_tunable.py", line 320, in kernel
    if grid_dim[0] <= offset_tile_x or grid_dim[1] <= offset_tile_y:
^^^^^^^^^^^^^^^^^^^^^^^^^^^^^^^^^^^^^^^^^^^^^^^^^^^^^^^^^^^^^^^^^^^^
  File "/media/datassd/sina/libgen/cutlass-pdsl/cutlass/examples/python/CuTeDSL/ampere/tensorop_gemm_tunable.py", line 687, in else_block_5
    cute.autovec_copy(tCrD, tCsC)
  File "/home/sina/miniconda3/envs/cutlass-pdsl/lib/python3.12/site-packages/nvidia_cutlass_dsl/python_packages/cutlass/cute/core.py", line 4123, in right_inverse
    raise TypeError(f"expects input of type Layout, but got {type(Layout)}")
TypeError: expects input of type Layout, but got <class 'nanobind.nb_type_0'>

The above exception was the direct cause of the following exception:

Traceback (most recent call last):
  File "/media/datassd/sina/libgen/cutlass-pdsl/cutlass/examples/python/CuTeDSL/ampere/tensorop_gemm_tunable.py", line 1009, in <module>
    elapsed_time = run(
                   ^^^^
  File "/media/datassd/sina/libgen/cutlass-pdsl/cutlass/examples/python/CuTeDSL/ampere/tensorop_gemm_tunable.py", line 908, in run
    compiled_gemm = cute.compile(tensor_op_gemm, mA, mB, mC)
                    ^^^^^^^^^^^^^^^^^^^^^^^^^^^^^^^^^^^^^^^^
  File "/home/sina/miniconda3/envs/cutlass-pdsl/lib/python3.12/site-packages/nvidia_cutlass_dsl/python_packages/cutlass/base_dsl/dsl.py", line 1132, in build_ir_module
    raise DSLRuntimeError(
cutlass.base_dsl.common.DSLRuntimeError: DSLRuntimeError: 💥💥💥 Error during runtime code generation for function `__call__` 💥💥💥

      Result: FAILED

[8/9] Processing problem M=16384, N=64, K=256
  Got 8 configs from nvMatmulHeuristics
    Rank 1: CTA(128x64x32) stages=4 splitK=1 est=0.047ms
ERROR running kernel: /media/datassd/sina/libgen/cutlass-pdsl/cutlass/examples/python/CuTeDSL/ampere/tensorop_gemm_tunable.py:457: UserWarning: This loop is no longer unrolled and may cause performance regression. Use `range(..., unroll_full=True)` for full unrolling, or switch to `range_constexpr` when bounds are compile-time constants.
  for rest_v in range(tApA.shape[0]):
/media/datassd/sina/libgen/cutlass-pdsl/cutlass/examples/python/CuTeDSL/ampere/tensorop_gemm_tunable.py:458: UserWarning: This loop is no longer unrolled and may cause performance regression. Use `range(..., unroll_full=True)` for full unrolling, or switch to `range_constexpr` when bounds are compile-time constants.
  for m in range(tApA.shape[1]):
/media/datassd/sina/libgen/cutlass-pdsl/cutlass/examples/python/CuTeDSL/ampere/tensorop_gemm_tunable.py:462: UserWarning: This loop is no longer unrolled and may cause performance regression. Use `range(..., unroll_full=True)` for full unrolling, or switch to `range_constexpr` when bounds are compile-time constants.
  for rest_v in range(tBpB.shape[0]):
/media/datassd/sina/libgen/cutlass-pdsl/cutlass/examples/python/CuTeDSL/ampere/tensorop_gemm_tunable.py:463: UserWarning: This loop is no longer unrolled and may cause performance regression. Use `range(..., unroll_full=True)` for full unrolling, or switch to `range_constexpr` when bounds are compile-time constants.
  for n in range(tBpB.shape[1]):
/media/datassd/sina/libgen/cutlass-pdsl/cutlass/examples/python/CuTeDSL/ampere/tensorop_gemm_tunable.py:483: UserWarning: This loop is no longer unrolled and may cause performance regression. Use `range(..., unroll_full=True)` for full unrolling, or switch to `range_constexpr` when bounds are compile-time constants.
  for k in range(tApA.shape[2]):
/media/datassd/sina/libgen/cutlass-pdsl/cutlass/examples/python/CuTeDSL/ampere/tensorop_gemm_tunable.py:491: UserWarning: This loop is no longer unrolled and may cause performance regression. Use `range(..., unroll_full=True)` for full unrolling, or switch to `range_constexpr` when bounds are compile-time constants.
  for k in range(tBpB.shape[2]):
/media/datassd/sina/libgen/cutlass-pdsl/cutlass/examples/python/CuTeDSL/ampere/tensorop_gemm_tunable.py:503: UserWarning: This loop is no longer unrolled and may cause performance regression. Use `range(..., unroll_full=True)` for full unrolling, or switch to `range_constexpr` when bounds are compile-time constants.
  for k_tile in range(1, num_smem_stages - 1):
Traceback (most recent call last):
  File "/home/sina/miniconda3/envs/cutlass-pdsl/lib/python3.12/site-packages/nvidia_cutlass_dsl/python_packages/cutlass/base_dsl/dsl.py", line 1117, in build_ir_module
    result = funcBody(*ir_args, **ir_kwargs)
             ^^^^^^^^^^^^^^^^^^^^^^^^^^^^^^^
  File "/home/sina/miniconda3/envs/cutlass-pdsl/lib/python3.12/site-packages/nvidia_cutlass_dsl/python_packages/cutlass/base_dsl/dsl.py", line 260, in __call__
    ret = self.__func__(*args, **kwargs)
          ^^^^^^^^^^^^^^^^^^^^^^^^^^^^^^
  File "/media/datassd/sina/libgen/cutlass-pdsl/cutlass/examples/python/CuTeDSL/ampere/tensorop_gemm_tunable.py", line 290, in __call__
    ).launch(
  ^^^^^^^^^^^
  File "/media/datassd/sina/libgen/cutlass-pdsl/cutlass/examples/python/CuTeDSL/ampere/tensorop_gemm_tunable.py", line 320, in kernel
    if grid_dim[0] <= offset_tile_x or grid_dim[1] <= offset_tile_y:
^^^^^^^^^^^^^^^^^^^^^^^^^^^^^^^^^^^^^^^^^^^^^^^^^^^^^^^^^^^^^^^^^^^^
  File "/media/datassd/sina/libgen/cutlass-pdsl/cutlass/examples/python/CuTeDSL/ampere/tensorop_gemm_tunable.py", line 687, in else_block_5
    cute.autovec_copy(tCrD, tCsC)
  File "/home/sina/miniconda3/envs/cutlass-pdsl/lib/python3.12/site-packages/nvidia_cutlass_dsl/python_packages/cutlass/cute/core.py", line 4123, in right_inverse
    raise TypeError(f"expects input of type Layout, but got {type(Layout)}")
TypeError: expects input of type Layout, but got <class 'nanobind.nb_type_0'>

The above exception was the direct cause of the following exception:

Traceback (most recent call last):
  File "/media/datassd/sina/libgen/cutlass-pdsl/cutlass/examples/python/CuTeDSL/ampere/tensorop_gemm_tunable.py", line 1009, in <module>
    elapsed_time = run(
                   ^^^^
  File "/media/datassd/sina/libgen/cutlass-pdsl/cutlass/examples/python/CuTeDSL/ampere/tensorop_gemm_tunable.py", line 908, in run
    compiled_gemm = cute.compile(tensor_op_gemm, mA, mB, mC)
                    ^^^^^^^^^^^^^^^^^^^^^^^^^^^^^^^^^^^^^^^^
  File "/home/sina/miniconda3/envs/cutlass-pdsl/lib/python3.12/site-packages/nvidia_cutlass_dsl/python_packages/cutlass/base_dsl/dsl.py", line 1132, in build_ir_module
    raise DSLRuntimeError(
cutlass.base_dsl.common.DSLRuntimeError: DSLRuntimeError: 💥💥💥 Error during runtime code generation for function `__call__` 💥💥💥

      Result: FAILED
    Rank 2: CTA(128x64x32) stages=4 splitK=1 est=0.047ms
ERROR running kernel: /media/datassd/sina/libgen/cutlass-pdsl/cutlass/examples/python/CuTeDSL/ampere/tensorop_gemm_tunable.py:457: UserWarning: This loop is no longer unrolled and may cause performance regression. Use `range(..., unroll_full=True)` for full unrolling, or switch to `range_constexpr` when bounds are compile-time constants.
  for rest_v in range(tApA.shape[0]):
/media/datassd/sina/libgen/cutlass-pdsl/cutlass/examples/python/CuTeDSL/ampere/tensorop_gemm_tunable.py:458: UserWarning: This loop is no longer unrolled and may cause performance regression. Use `range(..., unroll_full=True)` for full unrolling, or switch to `range_constexpr` when bounds are compile-time constants.
  for m in range(tApA.shape[1]):
/media/datassd/sina/libgen/cutlass-pdsl/cutlass/examples/python/CuTeDSL/ampere/tensorop_gemm_tunable.py:462: UserWarning: This loop is no longer unrolled and may cause performance regression. Use `range(..., unroll_full=True)` for full unrolling, or switch to `range_constexpr` when bounds are compile-time constants.
  for rest_v in range(tBpB.shape[0]):
/media/datassd/sina/libgen/cutlass-pdsl/cutlass/examples/python/CuTeDSL/ampere/tensorop_gemm_tunable.py:463: UserWarning: This loop is no longer unrolled and may cause performance regression. Use `range(..., unroll_full=True)` for full unrolling, or switch to `range_constexpr` when bounds are compile-time constants.
  for n in range(tBpB.shape[1]):
/media/datassd/sina/libgen/cutlass-pdsl/cutlass/examples/python/CuTeDSL/ampere/tensorop_gemm_tunable.py:483: UserWarning: This loop is no longer unrolled and may cause performance regression. Use `range(..., unroll_full=True)` for full unrolling, or switch to `range_constexpr` when bounds are compile-time constants.
  for k in range(tApA.shape[2]):
/media/datassd/sina/libgen/cutlass-pdsl/cutlass/examples/python/CuTeDSL/ampere/tensorop_gemm_tunable.py:491: UserWarning: This loop is no longer unrolled and may cause performance regression. Use `range(..., unroll_full=True)` for full unrolling, or switch to `range_constexpr` when bounds are compile-time constants.
  for k in range(tBpB.shape[2]):
/media/datassd/sina/libgen/cutlass-pdsl/cutlass/examples/python/CuTeDSL/ampere/tensorop_gemm_tunable.py:503: UserWarning: This loop is no longer unrolled and may cause performance regression. Use `range(..., unroll_full=True)` for full unrolling, or switch to `range_constexpr` when bounds are compile-time constants.
  for k_tile in range(1, num_smem_stages - 1):
Traceback (most recent call last):
  File "/home/sina/miniconda3/envs/cutlass-pdsl/lib/python3.12/site-packages/nvidia_cutlass_dsl/python_packages/cutlass/base_dsl/dsl.py", line 1117, in build_ir_module
    result = funcBody(*ir_args, **ir_kwargs)
             ^^^^^^^^^^^^^^^^^^^^^^^^^^^^^^^
  File "/home/sina/miniconda3/envs/cutlass-pdsl/lib/python3.12/site-packages/nvidia_cutlass_dsl/python_packages/cutlass/base_dsl/dsl.py", line 260, in __call__
    ret = self.__func__(*args, **kwargs)
          ^^^^^^^^^^^^^^^^^^^^^^^^^^^^^^
  File "/media/datassd/sina/libgen/cutlass-pdsl/cutlass/examples/python/CuTeDSL/ampere/tensorop_gemm_tunable.py", line 290, in __call__
    ).launch(
  ^^^^^^^^^^^
  File "/media/datassd/sina/libgen/cutlass-pdsl/cutlass/examples/python/CuTeDSL/ampere/tensorop_gemm_tunable.py", line 320, in kernel
    if grid_dim[0] <= offset_tile_x or grid_dim[1] <= offset_tile_y:
^^^^^^^^^^^^^^^^^^^^^^^^^^^^^^^^^^^^^^^^^^^^^^^^^^^^^^^^^^^^^^^^^^^^
  File "/media/datassd/sina/libgen/cutlass-pdsl/cutlass/examples/python/CuTeDSL/ampere/tensorop_gemm_tunable.py", line 687, in else_block_5
    cute.autovec_copy(tCrD, tCsC)
  File "/home/sina/miniconda3/envs/cutlass-pdsl/lib/python3.12/site-packages/nvidia_cutlass_dsl/python_packages/cutlass/cute/core.py", line 4123, in right_inverse
    raise TypeError(f"expects input of type Layout, but got {type(Layout)}")
TypeError: expects input of type Layout, but got <class 'nanobind.nb_type_0'>

The above exception was the direct cause of the following exception:

Traceback (most recent call last):
  File "/media/datassd/sina/libgen/cutlass-pdsl/cutlass/examples/python/CuTeDSL/ampere/tensorop_gemm_tunable.py", line 1009, in <module>
    elapsed_time = run(
                   ^^^^
  File "/media/datassd/sina/libgen/cutlass-pdsl/cutlass/examples/python/CuTeDSL/ampere/tensorop_gemm_tunable.py", line 908, in run
    compiled_gemm = cute.compile(tensor_op_gemm, mA, mB, mC)
                    ^^^^^^^^^^^^^^^^^^^^^^^^^^^^^^^^^^^^^^^^
  File "/home/sina/miniconda3/envs/cutlass-pdsl/lib/python3.12/site-packages/nvidia_cutlass_dsl/python_packages/cutlass/base_dsl/dsl.py", line 1132, in build_ir_module
    raise DSLRuntimeError(
cutlass.base_dsl.common.DSLRuntimeError: DSLRuntimeError: 💥💥💥 Error during runtime code generation for function `__call__` 💥💥💥

      Result: FAILED
    Rank 3: CTA(128x64x64) stages=2 splitK=1 est=0.047ms
ERROR running kernel: Traceback (most recent call last):
  File "/media/datassd/sina/libgen/cutlass-pdsl/cutlass/examples/python/CuTeDSL/ampere/tensorop_gemm_tunable.py", line 1009, in <module>
    elapsed_time = run(
                   ^^^^
  File "/media/datassd/sina/libgen/cutlass-pdsl/cutlass/examples/python/CuTeDSL/ampere/tensorop_gemm_tunable.py", line 899, in run
    tensor_op_gemm = TensorOpGemm(
                     ^^^^^^^^^^^^^
  File "/media/datassd/sina/libgen/cutlass-pdsl/cutlass/examples/python/CuTeDSL/ampere/tensorop_gemm_tunable.py", line 135, in __init__
    assert self.num_stages >= 3, "num_stages must be greater than or equal to 3"
           ^^^^^^^^^^^^^^^^^^^^
AssertionError: num_stages must be greater than or equal to 3

      Result: FAILED
    Rank 4: CTA(256x64x32) stages=4 splitK=1 est=0.047ms
ERROR running kernel: /media/datassd/sina/libgen/cutlass-pdsl/cutlass/examples/python/CuTeDSL/ampere/tensorop_gemm_tunable.py:457: UserWarning: This loop is no longer unrolled and may cause performance regression. Use `range(..., unroll_full=True)` for full unrolling, or switch to `range_constexpr` when bounds are compile-time constants.
  for rest_v in range(tApA.shape[0]):
/media/datassd/sina/libgen/cutlass-pdsl/cutlass/examples/python/CuTeDSL/ampere/tensorop_gemm_tunable.py:458: UserWarning: This loop is no longer unrolled and may cause performance regression. Use `range(..., unroll_full=True)` for full unrolling, or switch to `range_constexpr` when bounds are compile-time constants.
  for m in range(tApA.shape[1]):
/media/datassd/sina/libgen/cutlass-pdsl/cutlass/examples/python/CuTeDSL/ampere/tensorop_gemm_tunable.py:462: UserWarning: This loop is no longer unrolled and may cause performance regression. Use `range(..., unroll_full=True)` for full unrolling, or switch to `range_constexpr` when bounds are compile-time constants.
  for rest_v in range(tBpB.shape[0]):
/media/datassd/sina/libgen/cutlass-pdsl/cutlass/examples/python/CuTeDSL/ampere/tensorop_gemm_tunable.py:463: UserWarning: This loop is no longer unrolled and may cause performance regression. Use `range(..., unroll_full=True)` for full unrolling, or switch to `range_constexpr` when bounds are compile-time constants.
  for n in range(tBpB.shape[1]):
/media/datassd/sina/libgen/cutlass-pdsl/cutlass/examples/python/CuTeDSL/ampere/tensorop_gemm_tunable.py:483: UserWarning: This loop is no longer unrolled and may cause performance regression. Use `range(..., unroll_full=True)` for full unrolling, or switch to `range_constexpr` when bounds are compile-time constants.
  for k in range(tApA.shape[2]):
/media/datassd/sina/libgen/cutlass-pdsl/cutlass/examples/python/CuTeDSL/ampere/tensorop_gemm_tunable.py:491: UserWarning: This loop is no longer unrolled and may cause performance regression. Use `range(..., unroll_full=True)` for full unrolling, or switch to `range_constexpr` when bounds are compile-time constants.
  for k in range(tBpB.shape[2]):
/media/datassd/sina/libgen/cutlass-pdsl/cutlass/examples/python/CuTeDSL/ampere/tensorop_gemm_tunable.py:503: UserWarning: This loop is no longer unrolled and may cause performance regression. Use `range(..., unroll_full=True)` for full unrolling, or switch to `range_constexpr` when bounds are compile-time constants.
  for k_tile in range(1, num_smem_stages - 1):
Traceback (most recent call last):
  File "/home/sina/miniconda3/envs/cutlass-pdsl/lib/python3.12/site-packages/nvidia_cutlass_dsl/python_packages/cutlass/base_dsl/dsl.py", line 1117, in build_ir_module
    result = funcBody(*ir_args, **ir_kwargs)
             ^^^^^^^^^^^^^^^^^^^^^^^^^^^^^^^
  File "/home/sina/miniconda3/envs/cutlass-pdsl/lib/python3.12/site-packages/nvidia_cutlass_dsl/python_packages/cutlass/base_dsl/dsl.py", line 260, in __call__
    ret = self.__func__(*args, **kwargs)
          ^^^^^^^^^^^^^^^^^^^^^^^^^^^^^^
  File "/media/datassd/sina/libgen/cutlass-pdsl/cutlass/examples/python/CuTeDSL/ampere/tensorop_gemm_tunable.py", line 290, in __call__
    ).launch(
  ^^^^^^^^^^^
  File "/media/datassd/sina/libgen/cutlass-pdsl/cutlass/examples/python/CuTeDSL/ampere/tensorop_gemm_tunable.py", line 320, in kernel
    if grid_dim[0] <= offset_tile_x or grid_dim[1] <= offset_tile_y:
^^^^^^^^^^^^^^^^^^^^^^^^^^^^^^^^^^^^^^^^^^^^^^^^^^^^^^^^^^^^^^^^^^^^
  File "/media/datassd/sina/libgen/cutlass-pdsl/cutlass/examples/python/CuTeDSL/ampere/tensorop_gemm_tunable.py", line 687, in else_block_5
    cute.autovec_copy(tCrD, tCsC)
  File "/home/sina/miniconda3/envs/cutlass-pdsl/lib/python3.12/site-packages/nvidia_cutlass_dsl/python_packages/cutlass/cute/core.py", line 4123, in right_inverse
    raise TypeError(f"expects input of type Layout, but got {type(Layout)}")
TypeError: expects input of type Layout, but got <class 'nanobind.nb_type_0'>

The above exception was the direct cause of the following exception:

Traceback (most recent call last):
  File "/media/datassd/sina/libgen/cutlass-pdsl/cutlass/examples/python/CuTeDSL/ampere/tensorop_gemm_tunable.py", line 1009, in <module>
    elapsed_time = run(
                   ^^^^
  File "/media/datassd/sina/libgen/cutlass-pdsl/cutlass/examples/python/CuTeDSL/ampere/tensorop_gemm_tunable.py", line 908, in run
    compiled_gemm = cute.compile(tensor_op_gemm, mA, mB, mC)
                    ^^^^^^^^^^^^^^^^^^^^^^^^^^^^^^^^^^^^^^^^
  File "/home/sina/miniconda3/envs/cutlass-pdsl/lib/python3.12/site-packages/nvidia_cutlass_dsl/python_packages/cutlass/base_dsl/dsl.py", line 1132, in build_ir_module
    raise DSLRuntimeError(
cutlass.base_dsl.common.DSLRuntimeError: DSLRuntimeError: 💥💥💥 Error during runtime code generation for function `__call__` 💥💥💥

      Result: FAILED
    Rank 5: CTA(256x64x64) stages=2 splitK=1 est=0.047ms
ERROR running kernel: Traceback (most recent call last):
  File "/media/datassd/sina/libgen/cutlass-pdsl/cutlass/examples/python/CuTeDSL/ampere/tensorop_gemm_tunable.py", line 1009, in <module>
    elapsed_time = run(
                   ^^^^
  File "/media/datassd/sina/libgen/cutlass-pdsl/cutlass/examples/python/CuTeDSL/ampere/tensorop_gemm_tunable.py", line 899, in run
    tensor_op_gemm = TensorOpGemm(
                     ^^^^^^^^^^^^^
  File "/media/datassd/sina/libgen/cutlass-pdsl/cutlass/examples/python/CuTeDSL/ampere/tensorop_gemm_tunable.py", line 135, in __init__
    assert self.num_stages >= 3, "num_stages must be greater than or equal to 3"
           ^^^^^^^^^^^^^^^^^^^^
AssertionError: num_stages must be greater than or equal to 3

      Result: FAILED
    Rank 6: CTA(64x64x64) stages=3 splitK=1 est=0.068ms
ERROR running kernel: /media/datassd/sina/libgen/cutlass-pdsl/cutlass/examples/python/CuTeDSL/ampere/tensorop_gemm_tunable.py:457: UserWarning: This loop is no longer unrolled and may cause performance regression. Use `range(..., unroll_full=True)` for full unrolling, or switch to `range_constexpr` when bounds are compile-time constants.
  for rest_v in range(tApA.shape[0]):
/media/datassd/sina/libgen/cutlass-pdsl/cutlass/examples/python/CuTeDSL/ampere/tensorop_gemm_tunable.py:458: UserWarning: This loop is no longer unrolled and may cause performance regression. Use `range(..., unroll_full=True)` for full unrolling, or switch to `range_constexpr` when bounds are compile-time constants.
  for m in range(tApA.shape[1]):
/media/datassd/sina/libgen/cutlass-pdsl/cutlass/examples/python/CuTeDSL/ampere/tensorop_gemm_tunable.py:462: UserWarning: This loop is no longer unrolled and may cause performance regression. Use `range(..., unroll_full=True)` for full unrolling, or switch to `range_constexpr` when bounds are compile-time constants.
  for rest_v in range(tBpB.shape[0]):
/media/datassd/sina/libgen/cutlass-pdsl/cutlass/examples/python/CuTeDSL/ampere/tensorop_gemm_tunable.py:463: UserWarning: This loop is no longer unrolled and may cause performance regression. Use `range(..., unroll_full=True)` for full unrolling, or switch to `range_constexpr` when bounds are compile-time constants.
  for n in range(tBpB.shape[1]):
/media/datassd/sina/libgen/cutlass-pdsl/cutlass/examples/python/CuTeDSL/ampere/tensorop_gemm_tunable.py:483: UserWarning: This loop is no longer unrolled and may cause performance regression. Use `range(..., unroll_full=True)` for full unrolling, or switch to `range_constexpr` when bounds are compile-time constants.
  for k in range(tApA.shape[2]):
/media/datassd/sina/libgen/cutlass-pdsl/cutlass/examples/python/CuTeDSL/ampere/tensorop_gemm_tunable.py:491: UserWarning: This loop is no longer unrolled and may cause performance regression. Use `range(..., unroll_full=True)` for full unrolling, or switch to `range_constexpr` when bounds are compile-time constants.
  for k in range(tBpB.shape[2]):
/media/datassd/sina/libgen/cutlass-pdsl/cutlass/examples/python/CuTeDSL/ampere/tensorop_gemm_tunable.py:503: UserWarning: This loop is no longer unrolled and may cause performance regression. Use `range(..., unroll_full=True)` for full unrolling, or switch to `range_constexpr` when bounds are compile-time constants.
  for k_tile in range(1, num_smem_stages - 1):
Traceback (most recent call last):
  File "/home/sina/miniconda3/envs/cutlass-pdsl/lib/python3.12/site-packages/nvidia_cutlass_dsl/python_packages/cutlass/base_dsl/dsl.py", line 1117, in build_ir_module
    result = funcBody(*ir_args, **ir_kwargs)
             ^^^^^^^^^^^^^^^^^^^^^^^^^^^^^^^
  File "/home/sina/miniconda3/envs/cutlass-pdsl/lib/python3.12/site-packages/nvidia_cutlass_dsl/python_packages/cutlass/base_dsl/dsl.py", line 260, in __call__
    ret = self.__func__(*args, **kwargs)
          ^^^^^^^^^^^^^^^^^^^^^^^^^^^^^^
  File "/media/datassd/sina/libgen/cutlass-pdsl/cutlass/examples/python/CuTeDSL/ampere/tensorop_gemm_tunable.py", line 290, in __call__
    ).launch(
  ^^^^^^^^^^^
  File "/media/datassd/sina/libgen/cutlass-pdsl/cutlass/examples/python/CuTeDSL/ampere/tensorop_gemm_tunable.py", line 320, in kernel
    if grid_dim[0] <= offset_tile_x or grid_dim[1] <= offset_tile_y:
^^^^^^^^^^^^^^^^^^^^^^^^^^^^^^^^^^^^^^^^^^^^^^^^^^^^^^^^^^^^^^^^^^^^
  File "/media/datassd/sina/libgen/cutlass-pdsl/cutlass/examples/python/CuTeDSL/ampere/tensorop_gemm_tunable.py", line 687, in else_block_5
    cute.autovec_copy(tCrD, tCsC)
  File "/home/sina/miniconda3/envs/cutlass-pdsl/lib/python3.12/site-packages/nvidia_cutlass_dsl/python_packages/cutlass/cute/core.py", line 4123, in right_inverse
    raise TypeError(f"expects input of type Layout, but got {type(Layout)}")
TypeError: expects input of type Layout, but got <class 'nanobind.nb_type_0'>

The above exception was the direct cause of the following exception:

Traceback (most recent call last):
  File "/media/datassd/sina/libgen/cutlass-pdsl/cutlass/examples/python/CuTeDSL/ampere/tensorop_gemm_tunable.py", line 1009, in <module>
    elapsed_time = run(
                   ^^^^
  File "/media/datassd/sina/libgen/cutlass-pdsl/cutlass/examples/python/CuTeDSL/ampere/tensorop_gemm_tunable.py", line 908, in run
    compiled_gemm = cute.compile(tensor_op_gemm, mA, mB, mC)
                    ^^^^^^^^^^^^^^^^^^^^^^^^^^^^^^^^^^^^^^^^
  File "/home/sina/miniconda3/envs/cutlass-pdsl/lib/python3.12/site-packages/nvidia_cutlass_dsl/python_packages/cutlass/base_dsl/dsl.py", line 1132, in build_ir_module
    raise DSLRuntimeError(
cutlass.base_dsl.common.DSLRuntimeError: DSLRuntimeError: 💥💥💥 Error during runtime code generation for function `__call__` 💥💥💥

      Result: FAILED
    Rank 7: CTA(128x64x32) stages=4 splitK=1 est=0.047ms
ERROR running kernel: /media/datassd/sina/libgen/cutlass-pdsl/cutlass/examples/python/CuTeDSL/ampere/tensorop_gemm_tunable.py:457: UserWarning: This loop is no longer unrolled and may cause performance regression. Use `range(..., unroll_full=True)` for full unrolling, or switch to `range_constexpr` when bounds are compile-time constants.
  for rest_v in range(tApA.shape[0]):
/media/datassd/sina/libgen/cutlass-pdsl/cutlass/examples/python/CuTeDSL/ampere/tensorop_gemm_tunable.py:458: UserWarning: This loop is no longer unrolled and may cause performance regression. Use `range(..., unroll_full=True)` for full unrolling, or switch to `range_constexpr` when bounds are compile-time constants.
  for m in range(tApA.shape[1]):
/media/datassd/sina/libgen/cutlass-pdsl/cutlass/examples/python/CuTeDSL/ampere/tensorop_gemm_tunable.py:462: UserWarning: This loop is no longer unrolled and may cause performance regression. Use `range(..., unroll_full=True)` for full unrolling, or switch to `range_constexpr` when bounds are compile-time constants.
  for rest_v in range(tBpB.shape[0]):
/media/datassd/sina/libgen/cutlass-pdsl/cutlass/examples/python/CuTeDSL/ampere/tensorop_gemm_tunable.py:463: UserWarning: This loop is no longer unrolled and may cause performance regression. Use `range(..., unroll_full=True)` for full unrolling, or switch to `range_constexpr` when bounds are compile-time constants.
  for n in range(tBpB.shape[1]):
/media/datassd/sina/libgen/cutlass-pdsl/cutlass/examples/python/CuTeDSL/ampere/tensorop_gemm_tunable.py:483: UserWarning: This loop is no longer unrolled and may cause performance regression. Use `range(..., unroll_full=True)` for full unrolling, or switch to `range_constexpr` when bounds are compile-time constants.
  for k in range(tApA.shape[2]):
/media/datassd/sina/libgen/cutlass-pdsl/cutlass/examples/python/CuTeDSL/ampere/tensorop_gemm_tunable.py:491: UserWarning: This loop is no longer unrolled and may cause performance regression. Use `range(..., unroll_full=True)` for full unrolling, or switch to `range_constexpr` when bounds are compile-time constants.
  for k in range(tBpB.shape[2]):
/media/datassd/sina/libgen/cutlass-pdsl/cutlass/examples/python/CuTeDSL/ampere/tensorop_gemm_tunable.py:503: UserWarning: This loop is no longer unrolled and may cause performance regression. Use `range(..., unroll_full=True)` for full unrolling, or switch to `range_constexpr` when bounds are compile-time constants.
  for k_tile in range(1, num_smem_stages - 1):
Traceback (most recent call last):
  File "/home/sina/miniconda3/envs/cutlass-pdsl/lib/python3.12/site-packages/nvidia_cutlass_dsl/python_packages/cutlass/base_dsl/dsl.py", line 1117, in build_ir_module
    result = funcBody(*ir_args, **ir_kwargs)
             ^^^^^^^^^^^^^^^^^^^^^^^^^^^^^^^
  File "/home/sina/miniconda3/envs/cutlass-pdsl/lib/python3.12/site-packages/nvidia_cutlass_dsl/python_packages/cutlass/base_dsl/dsl.py", line 260, in __call__
    ret = self.__func__(*args, **kwargs)
          ^^^^^^^^^^^^^^^^^^^^^^^^^^^^^^
  File "/media/datassd/sina/libgen/cutlass-pdsl/cutlass/examples/python/CuTeDSL/ampere/tensorop_gemm_tunable.py", line 290, in __call__
    ).launch(
  ^^^^^^^^^^^
  File "/media/datassd/sina/libgen/cutlass-pdsl/cutlass/examples/python/CuTeDSL/ampere/tensorop_gemm_tunable.py", line 320, in kernel
    if grid_dim[0] <= offset_tile_x or grid_dim[1] <= offset_tile_y:
^^^^^^^^^^^^^^^^^^^^^^^^^^^^^^^^^^^^^^^^^^^^^^^^^^^^^^^^^^^^^^^^^^^^
  File "/media/datassd/sina/libgen/cutlass-pdsl/cutlass/examples/python/CuTeDSL/ampere/tensorop_gemm_tunable.py", line 687, in else_block_5
    cute.autovec_copy(tCrD, tCsC)
  File "/home/sina/miniconda3/envs/cutlass-pdsl/lib/python3.12/site-packages/nvidia_cutlass_dsl/python_packages/cutlass/cute/core.py", line 4123, in right_inverse
    raise TypeError(f"expects input of type Layout, but got {type(Layout)}")
TypeError: expects input of type Layout, but got <class 'nanobind.nb_type_0'>

The above exception was the direct cause of the following exception:

Traceback (most recent call last):
  File "/media/datassd/sina/libgen/cutlass-pdsl/cutlass/examples/python/CuTeDSL/ampere/tensorop_gemm_tunable.py", line 1009, in <module>
    elapsed_time = run(
                   ^^^^
  File "/media/datassd/sina/libgen/cutlass-pdsl/cutlass/examples/python/CuTeDSL/ampere/tensorop_gemm_tunable.py", line 908, in run
    compiled_gemm = cute.compile(tensor_op_gemm, mA, mB, mC)
                    ^^^^^^^^^^^^^^^^^^^^^^^^^^^^^^^^^^^^^^^^
  File "/home/sina/miniconda3/envs/cutlass-pdsl/lib/python3.12/site-packages/nvidia_cutlass_dsl/python_packages/cutlass/base_dsl/dsl.py", line 1132, in build_ir_module
    raise DSLRuntimeError(
cutlass.base_dsl.common.DSLRuntimeError: DSLRuntimeError: 💥💥💥 Error during runtime code generation for function `__call__` 💥💥💥

      Result: FAILED
    Rank 8: CTA(256x64x32) stages=4 splitK=1 est=0.047ms
ERROR running kernel: /media/datassd/sina/libgen/cutlass-pdsl/cutlass/examples/python/CuTeDSL/ampere/tensorop_gemm_tunable.py:457: UserWarning: This loop is no longer unrolled and may cause performance regression. Use `range(..., unroll_full=True)` for full unrolling, or switch to `range_constexpr` when bounds are compile-time constants.
  for rest_v in range(tApA.shape[0]):
/media/datassd/sina/libgen/cutlass-pdsl/cutlass/examples/python/CuTeDSL/ampere/tensorop_gemm_tunable.py:458: UserWarning: This loop is no longer unrolled and may cause performance regression. Use `range(..., unroll_full=True)` for full unrolling, or switch to `range_constexpr` when bounds are compile-time constants.
  for m in range(tApA.shape[1]):
/media/datassd/sina/libgen/cutlass-pdsl/cutlass/examples/python/CuTeDSL/ampere/tensorop_gemm_tunable.py:462: UserWarning: This loop is no longer unrolled and may cause performance regression. Use `range(..., unroll_full=True)` for full unrolling, or switch to `range_constexpr` when bounds are compile-time constants.
  for rest_v in range(tBpB.shape[0]):
/media/datassd/sina/libgen/cutlass-pdsl/cutlass/examples/python/CuTeDSL/ampere/tensorop_gemm_tunable.py:463: UserWarning: This loop is no longer unrolled and may cause performance regression. Use `range(..., unroll_full=True)` for full unrolling, or switch to `range_constexpr` when bounds are compile-time constants.
  for n in range(tBpB.shape[1]):
/media/datassd/sina/libgen/cutlass-pdsl/cutlass/examples/python/CuTeDSL/ampere/tensorop_gemm_tunable.py:483: UserWarning: This loop is no longer unrolled and may cause performance regression. Use `range(..., unroll_full=True)` for full unrolling, or switch to `range_constexpr` when bounds are compile-time constants.
  for k in range(tApA.shape[2]):
/media/datassd/sina/libgen/cutlass-pdsl/cutlass/examples/python/CuTeDSL/ampere/tensorop_gemm_tunable.py:491: UserWarning: This loop is no longer unrolled and may cause performance regression. Use `range(..., unroll_full=True)` for full unrolling, or switch to `range_constexpr` when bounds are compile-time constants.
  for k in range(tBpB.shape[2]):
/media/datassd/sina/libgen/cutlass-pdsl/cutlass/examples/python/CuTeDSL/ampere/tensorop_gemm_tunable.py:503: UserWarning: This loop is no longer unrolled and may cause performance regression. Use `range(..., unroll_full=True)` for full unrolling, or switch to `range_constexpr` when bounds are compile-time constants.
  for k_tile in range(1, num_smem_stages - 1):
Traceback (most recent call last):
  File "/home/sina/miniconda3/envs/cutlass-pdsl/lib/python3.12/site-packages/nvidia_cutlass_dsl/python_packages/cutlass/base_dsl/dsl.py", line 1117, in build_ir_module
    result = funcBody(*ir_args, **ir_kwargs)
             ^^^^^^^^^^^^^^^^^^^^^^^^^^^^^^^
  File "/home/sina/miniconda3/envs/cutlass-pdsl/lib/python3.12/site-packages/nvidia_cutlass_dsl/python_packages/cutlass/base_dsl/dsl.py", line 260, in __call__
    ret = self.__func__(*args, **kwargs)
          ^^^^^^^^^^^^^^^^^^^^^^^^^^^^^^
  File "/media/datassd/sina/libgen/cutlass-pdsl/cutlass/examples/python/CuTeDSL/ampere/tensorop_gemm_tunable.py", line 290, in __call__
    ).launch(
  ^^^^^^^^^^^
  File "/media/datassd/sina/libgen/cutlass-pdsl/cutlass/examples/python/CuTeDSL/ampere/tensorop_gemm_tunable.py", line 320, in kernel
    if grid_dim[0] <= offset_tile_x or grid_dim[1] <= offset_tile_y:
^^^^^^^^^^^^^^^^^^^^^^^^^^^^^^^^^^^^^^^^^^^^^^^^^^^^^^^^^^^^^^^^^^^^
  File "/media/datassd/sina/libgen/cutlass-pdsl/cutlass/examples/python/CuTeDSL/ampere/tensorop_gemm_tunable.py", line 687, in else_block_5
    cute.autovec_copy(tCrD, tCsC)
  File "/home/sina/miniconda3/envs/cutlass-pdsl/lib/python3.12/site-packages/nvidia_cutlass_dsl/python_packages/cutlass/cute/core.py", line 4123, in right_inverse
    raise TypeError(f"expects input of type Layout, but got {type(Layout)}")
TypeError: expects input of type Layout, but got <class 'nanobind.nb_type_0'>

The above exception was the direct cause of the following exception:

Traceback (most recent call last):
  File "/media/datassd/sina/libgen/cutlass-pdsl/cutlass/examples/python/CuTeDSL/ampere/tensorop_gemm_tunable.py", line 1009, in <module>
    elapsed_time = run(
                   ^^^^
  File "/media/datassd/sina/libgen/cutlass-pdsl/cutlass/examples/python/CuTeDSL/ampere/tensorop_gemm_tunable.py", line 908, in run
    compiled_gemm = cute.compile(tensor_op_gemm, mA, mB, mC)
                    ^^^^^^^^^^^^^^^^^^^^^^^^^^^^^^^^^^^^^^^^
  File "/home/sina/miniconda3/envs/cutlass-pdsl/lib/python3.12/site-packages/nvidia_cutlass_dsl/python_packages/cutlass/base_dsl/dsl.py", line 1132, in build_ir_module
    raise DSLRuntimeError(
cutlass.base_dsl.common.DSLRuntimeError: DSLRuntimeError: 💥💥💥 Error during runtime code generation for function `__call__` 💥💥💥

      Result: FAILED

[9/9] Processing problem M=16384, N=64, K=512
  Got 8 configs from nvMatmulHeuristics
    Rank 1: CTA(128x64x32) stages=4 splitK=1 est=0.070ms
ERROR running kernel: /media/datassd/sina/libgen/cutlass-pdsl/cutlass/examples/python/CuTeDSL/ampere/tensorop_gemm_tunable.py:457: UserWarning: This loop is no longer unrolled and may cause performance regression. Use `range(..., unroll_full=True)` for full unrolling, or switch to `range_constexpr` when bounds are compile-time constants.
  for rest_v in range(tApA.shape[0]):
/media/datassd/sina/libgen/cutlass-pdsl/cutlass/examples/python/CuTeDSL/ampere/tensorop_gemm_tunable.py:458: UserWarning: This loop is no longer unrolled and may cause performance regression. Use `range(..., unroll_full=True)` for full unrolling, or switch to `range_constexpr` when bounds are compile-time constants.
  for m in range(tApA.shape[1]):
/media/datassd/sina/libgen/cutlass-pdsl/cutlass/examples/python/CuTeDSL/ampere/tensorop_gemm_tunable.py:462: UserWarning: This loop is no longer unrolled and may cause performance regression. Use `range(..., unroll_full=True)` for full unrolling, or switch to `range_constexpr` when bounds are compile-time constants.
  for rest_v in range(tBpB.shape[0]):
/media/datassd/sina/libgen/cutlass-pdsl/cutlass/examples/python/CuTeDSL/ampere/tensorop_gemm_tunable.py:463: UserWarning: This loop is no longer unrolled and may cause performance regression. Use `range(..., unroll_full=True)` for full unrolling, or switch to `range_constexpr` when bounds are compile-time constants.
  for n in range(tBpB.shape[1]):
/media/datassd/sina/libgen/cutlass-pdsl/cutlass/examples/python/CuTeDSL/ampere/tensorop_gemm_tunable.py:483: UserWarning: This loop is no longer unrolled and may cause performance regression. Use `range(..., unroll_full=True)` for full unrolling, or switch to `range_constexpr` when bounds are compile-time constants.
  for k in range(tApA.shape[2]):
/media/datassd/sina/libgen/cutlass-pdsl/cutlass/examples/python/CuTeDSL/ampere/tensorop_gemm_tunable.py:491: UserWarning: This loop is no longer unrolled and may cause performance regression. Use `range(..., unroll_full=True)` for full unrolling, or switch to `range_constexpr` when bounds are compile-time constants.
  for k in range(tBpB.shape[2]):
/media/datassd/sina/libgen/cutlass-pdsl/cutlass/examples/python/CuTeDSL/ampere/tensorop_gemm_tunable.py:503: UserWarning: This loop is no longer unrolled and may cause performance regression. Use `range(..., unroll_full=True)` for full unrolling, or switch to `range_constexpr` when bounds are compile-time constants.
  for k_tile in range(1, num_smem_stages - 1):
Traceback (most recent call last):
  File "/home/sina/miniconda3/envs/cutlass-pdsl/lib/python3.12/site-packages/nvidia_cutlass_dsl/python_packages/cutlass/base_dsl/dsl.py", line 1117, in build_ir_module
    result = funcBody(*ir_args, **ir_kwargs)
             ^^^^^^^^^^^^^^^^^^^^^^^^^^^^^^^
  File "/home/sina/miniconda3/envs/cutlass-pdsl/lib/python3.12/site-packages/nvidia_cutlass_dsl/python_packages/cutlass/base_dsl/dsl.py", line 260, in __call__
    ret = self.__func__(*args, **kwargs)
          ^^^^^^^^^^^^^^^^^^^^^^^^^^^^^^
  File "/media/datassd/sina/libgen/cutlass-pdsl/cutlass/examples/python/CuTeDSL/ampere/tensorop_gemm_tunable.py", line 290, in __call__
    ).launch(
  ^^^^^^^^^^^
  File "/media/datassd/sina/libgen/cutlass-pdsl/cutlass/examples/python/CuTeDSL/ampere/tensorop_gemm_tunable.py", line 320, in kernel
    if grid_dim[0] <= offset_tile_x or grid_dim[1] <= offset_tile_y:
^^^^^^^^^^^^^^^^^^^^^^^^^^^^^^^^^^^^^^^^^^^^^^^^^^^^^^^^^^^^^^^^^^^^
  File "/media/datassd/sina/libgen/cutlass-pdsl/cutlass/examples/python/CuTeDSL/ampere/tensorop_gemm_tunable.py", line 687, in else_block_5
    cute.autovec_copy(tCrD, tCsC)
  File "/home/sina/miniconda3/envs/cutlass-pdsl/lib/python3.12/site-packages/nvidia_cutlass_dsl/python_packages/cutlass/cute/core.py", line 4123, in right_inverse
    raise TypeError(f"expects input of type Layout, but got {type(Layout)}")
TypeError: expects input of type Layout, but got <class 'nanobind.nb_type_0'>

The above exception was the direct cause of the following exception:

Traceback (most recent call last):
  File "/media/datassd/sina/libgen/cutlass-pdsl/cutlass/examples/python/CuTeDSL/ampere/tensorop_gemm_tunable.py", line 1009, in <module>
    elapsed_time = run(
                   ^^^^
  File "/media/datassd/sina/libgen/cutlass-pdsl/cutlass/examples/python/CuTeDSL/ampere/tensorop_gemm_tunable.py", line 908, in run
    compiled_gemm = cute.compile(tensor_op_gemm, mA, mB, mC)
                    ^^^^^^^^^^^^^^^^^^^^^^^^^^^^^^^^^^^^^^^^
  File "/home/sina/miniconda3/envs/cutlass-pdsl/lib/python3.12/site-packages/nvidia_cutlass_dsl/python_packages/cutlass/base_dsl/dsl.py", line 1132, in build_ir_module
    raise DSLRuntimeError(
cutlass.base_dsl.common.DSLRuntimeError: DSLRuntimeError: 💥💥💥 Error during runtime code generation for function `__call__` 💥💥💥

      Result: FAILED
    Rank 2: CTA(128x64x32) stages=4 splitK=1 est=0.070ms
ERROR running kernel: /media/datassd/sina/libgen/cutlass-pdsl/cutlass/examples/python/CuTeDSL/ampere/tensorop_gemm_tunable.py:457: UserWarning: This loop is no longer unrolled and may cause performance regression. Use `range(..., unroll_full=True)` for full unrolling, or switch to `range_constexpr` when bounds are compile-time constants.
  for rest_v in range(tApA.shape[0]):
/media/datassd/sina/libgen/cutlass-pdsl/cutlass/examples/python/CuTeDSL/ampere/tensorop_gemm_tunable.py:458: UserWarning: This loop is no longer unrolled and may cause performance regression. Use `range(..., unroll_full=True)` for full unrolling, or switch to `range_constexpr` when bounds are compile-time constants.
  for m in range(tApA.shape[1]):
/media/datassd/sina/libgen/cutlass-pdsl/cutlass/examples/python/CuTeDSL/ampere/tensorop_gemm_tunable.py:462: UserWarning: This loop is no longer unrolled and may cause performance regression. Use `range(..., unroll_full=True)` for full unrolling, or switch to `range_constexpr` when bounds are compile-time constants.
  for rest_v in range(tBpB.shape[0]):
/media/datassd/sina/libgen/cutlass-pdsl/cutlass/examples/python/CuTeDSL/ampere/tensorop_gemm_tunable.py:463: UserWarning: This loop is no longer unrolled and may cause performance regression. Use `range(..., unroll_full=True)` for full unrolling, or switch to `range_constexpr` when bounds are compile-time constants.
  for n in range(tBpB.shape[1]):
/media/datassd/sina/libgen/cutlass-pdsl/cutlass/examples/python/CuTeDSL/ampere/tensorop_gemm_tunable.py:483: UserWarning: This loop is no longer unrolled and may cause performance regression. Use `range(..., unroll_full=True)` for full unrolling, or switch to `range_constexpr` when bounds are compile-time constants.
  for k in range(tApA.shape[2]):
/media/datassd/sina/libgen/cutlass-pdsl/cutlass/examples/python/CuTeDSL/ampere/tensorop_gemm_tunable.py:491: UserWarning: This loop is no longer unrolled and may cause performance regression. Use `range(..., unroll_full=True)` for full unrolling, or switch to `range_constexpr` when bounds are compile-time constants.
  for k in range(tBpB.shape[2]):
/media/datassd/sina/libgen/cutlass-pdsl/cutlass/examples/python/CuTeDSL/ampere/tensorop_gemm_tunable.py:503: UserWarning: This loop is no longer unrolled and may cause performance regression. Use `range(..., unroll_full=True)` for full unrolling, or switch to `range_constexpr` when bounds are compile-time constants.
  for k_tile in range(1, num_smem_stages - 1):
Traceback (most recent call last):
  File "/home/sina/miniconda3/envs/cutlass-pdsl/lib/python3.12/site-packages/nvidia_cutlass_dsl/python_packages/cutlass/base_dsl/dsl.py", line 1117, in build_ir_module
    result = funcBody(*ir_args, **ir_kwargs)
             ^^^^^^^^^^^^^^^^^^^^^^^^^^^^^^^
  File "/home/sina/miniconda3/envs/cutlass-pdsl/lib/python3.12/site-packages/nvidia_cutlass_dsl/python_packages/cutlass/base_dsl/dsl.py", line 260, in __call__
    ret = self.__func__(*args, **kwargs)
          ^^^^^^^^^^^^^^^^^^^^^^^^^^^^^^
  File "/media/datassd/sina/libgen/cutlass-pdsl/cutlass/examples/python/CuTeDSL/ampere/tensorop_gemm_tunable.py", line 290, in __call__
    ).launch(
  ^^^^^^^^^^^
  File "/media/datassd/sina/libgen/cutlass-pdsl/cutlass/examples/python/CuTeDSL/ampere/tensorop_gemm_tunable.py", line 320, in kernel
    if grid_dim[0] <= offset_tile_x or grid_dim[1] <= offset_tile_y:
^^^^^^^^^^^^^^^^^^^^^^^^^^^^^^^^^^^^^^^^^^^^^^^^^^^^^^^^^^^^^^^^^^^^
  File "/media/datassd/sina/libgen/cutlass-pdsl/cutlass/examples/python/CuTeDSL/ampere/tensorop_gemm_tunable.py", line 687, in else_block_5
    cute.autovec_copy(tCrD, tCsC)
  File "/home/sina/miniconda3/envs/cutlass-pdsl/lib/python3.12/site-packages/nvidia_cutlass_dsl/python_packages/cutlass/cute/core.py", line 4123, in right_inverse
    raise TypeError(f"expects input of type Layout, but got {type(Layout)}")
TypeError: expects input of type Layout, but got <class 'nanobind.nb_type_0'>

The above exception was the direct cause of the following exception:

Traceback (most recent call last):
  File "/media/datassd/sina/libgen/cutlass-pdsl/cutlass/examples/python/CuTeDSL/ampere/tensorop_gemm_tunable.py", line 1009, in <module>
    elapsed_time = run(
                   ^^^^
  File "/media/datassd/sina/libgen/cutlass-pdsl/cutlass/examples/python/CuTeDSL/ampere/tensorop_gemm_tunable.py", line 908, in run
    compiled_gemm = cute.compile(tensor_op_gemm, mA, mB, mC)
                    ^^^^^^^^^^^^^^^^^^^^^^^^^^^^^^^^^^^^^^^^
  File "/home/sina/miniconda3/envs/cutlass-pdsl/lib/python3.12/site-packages/nvidia_cutlass_dsl/python_packages/cutlass/base_dsl/dsl.py", line 1132, in build_ir_module
    raise DSLRuntimeError(
cutlass.base_dsl.common.DSLRuntimeError: DSLRuntimeError: 💥💥💥 Error during runtime code generation for function `__call__` 💥💥💥

      Result: FAILED
    Rank 3: CTA(128x64x64) stages=2 splitK=1 est=0.070ms
ERROR running kernel: Traceback (most recent call last):
  File "/media/datassd/sina/libgen/cutlass-pdsl/cutlass/examples/python/CuTeDSL/ampere/tensorop_gemm_tunable.py", line 1009, in <module>
    elapsed_time = run(
                   ^^^^
  File "/media/datassd/sina/libgen/cutlass-pdsl/cutlass/examples/python/CuTeDSL/ampere/tensorop_gemm_tunable.py", line 899, in run
    tensor_op_gemm = TensorOpGemm(
                     ^^^^^^^^^^^^^
  File "/media/datassd/sina/libgen/cutlass-pdsl/cutlass/examples/python/CuTeDSL/ampere/tensorop_gemm_tunable.py", line 135, in __init__
    assert self.num_stages >= 3, "num_stages must be greater than or equal to 3"
           ^^^^^^^^^^^^^^^^^^^^
AssertionError: num_stages must be greater than or equal to 3

      Result: FAILED
    Rank 4: CTA(256x64x32) stages=4 splitK=1 est=0.070ms
ERROR running kernel: /media/datassd/sina/libgen/cutlass-pdsl/cutlass/examples/python/CuTeDSL/ampere/tensorop_gemm_tunable.py:457: UserWarning: This loop is no longer unrolled and may cause performance regression. Use `range(..., unroll_full=True)` for full unrolling, or switch to `range_constexpr` when bounds are compile-time constants.
  for rest_v in range(tApA.shape[0]):
/media/datassd/sina/libgen/cutlass-pdsl/cutlass/examples/python/CuTeDSL/ampere/tensorop_gemm_tunable.py:458: UserWarning: This loop is no longer unrolled and may cause performance regression. Use `range(..., unroll_full=True)` for full unrolling, or switch to `range_constexpr` when bounds are compile-time constants.
  for m in range(tApA.shape[1]):
/media/datassd/sina/libgen/cutlass-pdsl/cutlass/examples/python/CuTeDSL/ampere/tensorop_gemm_tunable.py:462: UserWarning: This loop is no longer unrolled and may cause performance regression. Use `range(..., unroll_full=True)` for full unrolling, or switch to `range_constexpr` when bounds are compile-time constants.
  for rest_v in range(tBpB.shape[0]):
/media/datassd/sina/libgen/cutlass-pdsl/cutlass/examples/python/CuTeDSL/ampere/tensorop_gemm_tunable.py:463: UserWarning: This loop is no longer unrolled and may cause performance regression. Use `range(..., unroll_full=True)` for full unrolling, or switch to `range_constexpr` when bounds are compile-time constants.
  for n in range(tBpB.shape[1]):
/media/datassd/sina/libgen/cutlass-pdsl/cutlass/examples/python/CuTeDSL/ampere/tensorop_gemm_tunable.py:483: UserWarning: This loop is no longer unrolled and may cause performance regression. Use `range(..., unroll_full=True)` for full unrolling, or switch to `range_constexpr` when bounds are compile-time constants.
  for k in range(tApA.shape[2]):
/media/datassd/sina/libgen/cutlass-pdsl/cutlass/examples/python/CuTeDSL/ampere/tensorop_gemm_tunable.py:491: UserWarning: This loop is no longer unrolled and may cause performance regression. Use `range(..., unroll_full=True)` for full unrolling, or switch to `range_constexpr` when bounds are compile-time constants.
  for k in range(tBpB.shape[2]):
/media/datassd/sina/libgen/cutlass-pdsl/cutlass/examples/python/CuTeDSL/ampere/tensorop_gemm_tunable.py:503: UserWarning: This loop is no longer unrolled and may cause performance regression. Use `range(..., unroll_full=True)` for full unrolling, or switch to `range_constexpr` when bounds are compile-time constants.
  for k_tile in range(1, num_smem_stages - 1):
Traceback (most recent call last):
  File "/home/sina/miniconda3/envs/cutlass-pdsl/lib/python3.12/site-packages/nvidia_cutlass_dsl/python_packages/cutlass/base_dsl/dsl.py", line 1117, in build_ir_module
    result = funcBody(*ir_args, **ir_kwargs)
             ^^^^^^^^^^^^^^^^^^^^^^^^^^^^^^^
  File "/home/sina/miniconda3/envs/cutlass-pdsl/lib/python3.12/site-packages/nvidia_cutlass_dsl/python_packages/cutlass/base_dsl/dsl.py", line 260, in __call__
    ret = self.__func__(*args, **kwargs)
          ^^^^^^^^^^^^^^^^^^^^^^^^^^^^^^
  File "/media/datassd/sina/libgen/cutlass-pdsl/cutlass/examples/python/CuTeDSL/ampere/tensorop_gemm_tunable.py", line 290, in __call__
    ).launch(
  ^^^^^^^^^^^
  File "/media/datassd/sina/libgen/cutlass-pdsl/cutlass/examples/python/CuTeDSL/ampere/tensorop_gemm_tunable.py", line 320, in kernel
    if grid_dim[0] <= offset_tile_x or grid_dim[1] <= offset_tile_y:
^^^^^^^^^^^^^^^^^^^^^^^^^^^^^^^^^^^^^^^^^^^^^^^^^^^^^^^^^^^^^^^^^^^^
  File "/media/datassd/sina/libgen/cutlass-pdsl/cutlass/examples/python/CuTeDSL/ampere/tensorop_gemm_tunable.py", line 687, in else_block_5
    cute.autovec_copy(tCrD, tCsC)
  File "/home/sina/miniconda3/envs/cutlass-pdsl/lib/python3.12/site-packages/nvidia_cutlass_dsl/python_packages/cutlass/cute/core.py", line 4123, in right_inverse
    raise TypeError(f"expects input of type Layout, but got {type(Layout)}")
TypeError: expects input of type Layout, but got <class 'nanobind.nb_type_0'>

The above exception was the direct cause of the following exception:

Traceback (most recent call last):
  File "/media/datassd/sina/libgen/cutlass-pdsl/cutlass/examples/python/CuTeDSL/ampere/tensorop_gemm_tunable.py", line 1009, in <module>
    elapsed_time = run(
                   ^^^^
  File "/media/datassd/sina/libgen/cutlass-pdsl/cutlass/examples/python/CuTeDSL/ampere/tensorop_gemm_tunable.py", line 908, in run
    compiled_gemm = cute.compile(tensor_op_gemm, mA, mB, mC)
                    ^^^^^^^^^^^^^^^^^^^^^^^^^^^^^^^^^^^^^^^^
  File "/home/sina/miniconda3/envs/cutlass-pdsl/lib/python3.12/site-packages/nvidia_cutlass_dsl/python_packages/cutlass/base_dsl/dsl.py", line 1132, in build_ir_module
    raise DSLRuntimeError(
cutlass.base_dsl.common.DSLRuntimeError: DSLRuntimeError: 💥💥💥 Error during runtime code generation for function `__call__` 💥💥💥

      Result: FAILED
    Rank 5: CTA(256x64x64) stages=2 splitK=1 est=0.070ms
ERROR running kernel: Traceback (most recent call last):
  File "/media/datassd/sina/libgen/cutlass-pdsl/cutlass/examples/python/CuTeDSL/ampere/tensorop_gemm_tunable.py", line 1009, in <module>
    elapsed_time = run(
                   ^^^^
  File "/media/datassd/sina/libgen/cutlass-pdsl/cutlass/examples/python/CuTeDSL/ampere/tensorop_gemm_tunable.py", line 899, in run
    tensor_op_gemm = TensorOpGemm(
                     ^^^^^^^^^^^^^
  File "/media/datassd/sina/libgen/cutlass-pdsl/cutlass/examples/python/CuTeDSL/ampere/tensorop_gemm_tunable.py", line 135, in __init__
    assert self.num_stages >= 3, "num_stages must be greater than or equal to 3"
           ^^^^^^^^^^^^^^^^^^^^
AssertionError: num_stages must be greater than or equal to 3

      Result: FAILED
    Rank 6: CTA(64x64x64) stages=3 splitK=1 est=0.104ms
ERROR running kernel: /media/datassd/sina/libgen/cutlass-pdsl/cutlass/examples/python/CuTeDSL/ampere/tensorop_gemm_tunable.py:457: UserWarning: This loop is no longer unrolled and may cause performance regression. Use `range(..., unroll_full=True)` for full unrolling, or switch to `range_constexpr` when bounds are compile-time constants.
  for rest_v in range(tApA.shape[0]):
/media/datassd/sina/libgen/cutlass-pdsl/cutlass/examples/python/CuTeDSL/ampere/tensorop_gemm_tunable.py:458: UserWarning: This loop is no longer unrolled and may cause performance regression. Use `range(..., unroll_full=True)` for full unrolling, or switch to `range_constexpr` when bounds are compile-time constants.
  for m in range(tApA.shape[1]):
/media/datassd/sina/libgen/cutlass-pdsl/cutlass/examples/python/CuTeDSL/ampere/tensorop_gemm_tunable.py:462: UserWarning: This loop is no longer unrolled and may cause performance regression. Use `range(..., unroll_full=True)` for full unrolling, or switch to `range_constexpr` when bounds are compile-time constants.
  for rest_v in range(tBpB.shape[0]):
/media/datassd/sina/libgen/cutlass-pdsl/cutlass/examples/python/CuTeDSL/ampere/tensorop_gemm_tunable.py:463: UserWarning: This loop is no longer unrolled and may cause performance regression. Use `range(..., unroll_full=True)` for full unrolling, or switch to `range_constexpr` when bounds are compile-time constants.
  for n in range(tBpB.shape[1]):
/media/datassd/sina/libgen/cutlass-pdsl/cutlass/examples/python/CuTeDSL/ampere/tensorop_gemm_tunable.py:483: UserWarning: This loop is no longer unrolled and may cause performance regression. Use `range(..., unroll_full=True)` for full unrolling, or switch to `range_constexpr` when bounds are compile-time constants.
  for k in range(tApA.shape[2]):
/media/datassd/sina/libgen/cutlass-pdsl/cutlass/examples/python/CuTeDSL/ampere/tensorop_gemm_tunable.py:491: UserWarning: This loop is no longer unrolled and may cause performance regression. Use `range(..., unroll_full=True)` for full unrolling, or switch to `range_constexpr` when bounds are compile-time constants.
  for k in range(tBpB.shape[2]):
/media/datassd/sina/libgen/cutlass-pdsl/cutlass/examples/python/CuTeDSL/ampere/tensorop_gemm_tunable.py:503: UserWarning: This loop is no longer unrolled and may cause performance regression. Use `range(..., unroll_full=True)` for full unrolling, or switch to `range_constexpr` when bounds are compile-time constants.
  for k_tile in range(1, num_smem_stages - 1):
Traceback (most recent call last):
  File "/home/sina/miniconda3/envs/cutlass-pdsl/lib/python3.12/site-packages/nvidia_cutlass_dsl/python_packages/cutlass/base_dsl/dsl.py", line 1117, in build_ir_module
    result = funcBody(*ir_args, **ir_kwargs)
             ^^^^^^^^^^^^^^^^^^^^^^^^^^^^^^^
  File "/home/sina/miniconda3/envs/cutlass-pdsl/lib/python3.12/site-packages/nvidia_cutlass_dsl/python_packages/cutlass/base_dsl/dsl.py", line 260, in __call__
    ret = self.__func__(*args, **kwargs)
          ^^^^^^^^^^^^^^^^^^^^^^^^^^^^^^
  File "/media/datassd/sina/libgen/cutlass-pdsl/cutlass/examples/python/CuTeDSL/ampere/tensorop_gemm_tunable.py", line 290, in __call__
    ).launch(
  ^^^^^^^^^^^
  File "/media/datassd/sina/libgen/cutlass-pdsl/cutlass/examples/python/CuTeDSL/ampere/tensorop_gemm_tunable.py", line 320, in kernel
    if grid_dim[0] <= offset_tile_x or grid_dim[1] <= offset_tile_y:
^^^^^^^^^^^^^^^^^^^^^^^^^^^^^^^^^^^^^^^^^^^^^^^^^^^^^^^^^^^^^^^^^^^^
  File "/media/datassd/sina/libgen/cutlass-pdsl/cutlass/examples/python/CuTeDSL/ampere/tensorop_gemm_tunable.py", line 687, in else_block_5
    cute.autovec_copy(tCrD, tCsC)
  File "/home/sina/miniconda3/envs/cutlass-pdsl/lib/python3.12/site-packages/nvidia_cutlass_dsl/python_packages/cutlass/cute/core.py", line 4123, in right_inverse
    raise TypeError(f"expects input of type Layout, but got {type(Layout)}")
TypeError: expects input of type Layout, but got <class 'nanobind.nb_type_0'>

The above exception was the direct cause of the following exception:

Traceback (most recent call last):
  File "/media/datassd/sina/libgen/cutlass-pdsl/cutlass/examples/python/CuTeDSL/ampere/tensorop_gemm_tunable.py", line 1009, in <module>
    elapsed_time = run(
                   ^^^^
  File "/media/datassd/sina/libgen/cutlass-pdsl/cutlass/examples/python/CuTeDSL/ampere/tensorop_gemm_tunable.py", line 908, in run
    compiled_gemm = cute.compile(tensor_op_gemm, mA, mB, mC)
                    ^^^^^^^^^^^^^^^^^^^^^^^^^^^^^^^^^^^^^^^^
  File "/home/sina/miniconda3/envs/cutlass-pdsl/lib/python3.12/site-packages/nvidia_cutlass_dsl/python_packages/cutlass/base_dsl/dsl.py", line 1132, in build_ir_module
    raise DSLRuntimeError(
cutlass.base_dsl.common.DSLRuntimeError: DSLRuntimeError: 💥💥💥 Error during runtime code generation for function `__call__` 💥💥💥

      Result: FAILED
    Rank 7: CTA(128x64x32) stages=4 splitK=1 est=0.070ms
ERROR running kernel: /media/datassd/sina/libgen/cutlass-pdsl/cutlass/examples/python/CuTeDSL/ampere/tensorop_gemm_tunable.py:457: UserWarning: This loop is no longer unrolled and may cause performance regression. Use `range(..., unroll_full=True)` for full unrolling, or switch to `range_constexpr` when bounds are compile-time constants.
  for rest_v in range(tApA.shape[0]):
/media/datassd/sina/libgen/cutlass-pdsl/cutlass/examples/python/CuTeDSL/ampere/tensorop_gemm_tunable.py:458: UserWarning: This loop is no longer unrolled and may cause performance regression. Use `range(..., unroll_full=True)` for full unrolling, or switch to `range_constexpr` when bounds are compile-time constants.
  for m in range(tApA.shape[1]):
/media/datassd/sina/libgen/cutlass-pdsl/cutlass/examples/python/CuTeDSL/ampere/tensorop_gemm_tunable.py:462: UserWarning: This loop is no longer unrolled and may cause performance regression. Use `range(..., unroll_full=True)` for full unrolling, or switch to `range_constexpr` when bounds are compile-time constants.
  for rest_v in range(tBpB.shape[0]):
/media/datassd/sina/libgen/cutlass-pdsl/cutlass/examples/python/CuTeDSL/ampere/tensorop_gemm_tunable.py:463: UserWarning: This loop is no longer unrolled and may cause performance regression. Use `range(..., unroll_full=True)` for full unrolling, or switch to `range_constexpr` when bounds are compile-time constants.
  for n in range(tBpB.shape[1]):
/media/datassd/sina/libgen/cutlass-pdsl/cutlass/examples/python/CuTeDSL/ampere/tensorop_gemm_tunable.py:483: UserWarning: This loop is no longer unrolled and may cause performance regression. Use `range(..., unroll_full=True)` for full unrolling, or switch to `range_constexpr` when bounds are compile-time constants.
  for k in range(tApA.shape[2]):
/media/datassd/sina/libgen/cutlass-pdsl/cutlass/examples/python/CuTeDSL/ampere/tensorop_gemm_tunable.py:491: UserWarning: This loop is no longer unrolled and may cause performance regression. Use `range(..., unroll_full=True)` for full unrolling, or switch to `range_constexpr` when bounds are compile-time constants.
  for k in range(tBpB.shape[2]):
/media/datassd/sina/libgen/cutlass-pdsl/cutlass/examples/python/CuTeDSL/ampere/tensorop_gemm_tunable.py:503: UserWarning: This loop is no longer unrolled and may cause performance regression. Use `range(..., unroll_full=True)` for full unrolling, or switch to `range_constexpr` when bounds are compile-time constants.
  for k_tile in range(1, num_smem_stages - 1):
Traceback (most recent call last):
  File "/home/sina/miniconda3/envs/cutlass-pdsl/lib/python3.12/site-packages/nvidia_cutlass_dsl/python_packages/cutlass/base_dsl/dsl.py", line 1117, in build_ir_module
    result = funcBody(*ir_args, **ir_kwargs)
             ^^^^^^^^^^^^^^^^^^^^^^^^^^^^^^^
  File "/home/sina/miniconda3/envs/cutlass-pdsl/lib/python3.12/site-packages/nvidia_cutlass_dsl/python_packages/cutlass/base_dsl/dsl.py", line 260, in __call__
    ret = self.__func__(*args, **kwargs)
          ^^^^^^^^^^^^^^^^^^^^^^^^^^^^^^
  File "/media/datassd/sina/libgen/cutlass-pdsl/cutlass/examples/python/CuTeDSL/ampere/tensorop_gemm_tunable.py", line 290, in __call__
    ).launch(
  ^^^^^^^^^^^
  File "/media/datassd/sina/libgen/cutlass-pdsl/cutlass/examples/python/CuTeDSL/ampere/tensorop_gemm_tunable.py", line 320, in kernel
    if grid_dim[0] <= offset_tile_x or grid_dim[1] <= offset_tile_y:
^^^^^^^^^^^^^^^^^^^^^^^^^^^^^^^^^^^^^^^^^^^^^^^^^^^^^^^^^^^^^^^^^^^^
  File "/media/datassd/sina/libgen/cutlass-pdsl/cutlass/examples/python/CuTeDSL/ampere/tensorop_gemm_tunable.py", line 687, in else_block_5
    cute.autovec_copy(tCrD, tCsC)
  File "/home/sina/miniconda3/envs/cutlass-pdsl/lib/python3.12/site-packages/nvidia_cutlass_dsl/python_packages/cutlass/cute/core.py", line 4123, in right_inverse
    raise TypeError(f"expects input of type Layout, but got {type(Layout)}")
TypeError: expects input of type Layout, but got <class 'nanobind.nb_type_0'>

The above exception was the direct cause of the following exception:

Traceback (most recent call last):
  File "/media/datassd/sina/libgen/cutlass-pdsl/cutlass/examples/python/CuTeDSL/ampere/tensorop_gemm_tunable.py", line 1009, in <module>
    elapsed_time = run(
                   ^^^^
  File "/media/datassd/sina/libgen/cutlass-pdsl/cutlass/examples/python/CuTeDSL/ampere/tensorop_gemm_tunable.py", line 908, in run
    compiled_gemm = cute.compile(tensor_op_gemm, mA, mB, mC)
                    ^^^^^^^^^^^^^^^^^^^^^^^^^^^^^^^^^^^^^^^^
  File "/home/sina/miniconda3/envs/cutlass-pdsl/lib/python3.12/site-packages/nvidia_cutlass_dsl/python_packages/cutlass/base_dsl/dsl.py", line 1132, in build_ir_module
    raise DSLRuntimeError(
cutlass.base_dsl.common.DSLRuntimeError: DSLRuntimeError: 💥💥💥 Error during runtime code generation for function `__call__` 💥💥💥

      Result: FAILED
    Rank 8: CTA(256x64x32) stages=4 splitK=1 est=0.070ms
ERROR running kernel: /media/datassd/sina/libgen/cutlass-pdsl/cutlass/examples/python/CuTeDSL/ampere/tensorop_gemm_tunable.py:457: UserWarning: This loop is no longer unrolled and may cause performance regression. Use `range(..., unroll_full=True)` for full unrolling, or switch to `range_constexpr` when bounds are compile-time constants.
  for rest_v in range(tApA.shape[0]):
/media/datassd/sina/libgen/cutlass-pdsl/cutlass/examples/python/CuTeDSL/ampere/tensorop_gemm_tunable.py:458: UserWarning: This loop is no longer unrolled and may cause performance regression. Use `range(..., unroll_full=True)` for full unrolling, or switch to `range_constexpr` when bounds are compile-time constants.
  for m in range(tApA.shape[1]):
/media/datassd/sina/libgen/cutlass-pdsl/cutlass/examples/python/CuTeDSL/ampere/tensorop_gemm_tunable.py:462: UserWarning: This loop is no longer unrolled and may cause performance regression. Use `range(..., unroll_full=True)` for full unrolling, or switch to `range_constexpr` when bounds are compile-time constants.
  for rest_v in range(tBpB.shape[0]):
/media/datassd/sina/libgen/cutlass-pdsl/cutlass/examples/python/CuTeDSL/ampere/tensorop_gemm_tunable.py:463: UserWarning: This loop is no longer unrolled and may cause performance regression. Use `range(..., unroll_full=True)` for full unrolling, or switch to `range_constexpr` when bounds are compile-time constants.
  for n in range(tBpB.shape[1]):
/media/datassd/sina/libgen/cutlass-pdsl/cutlass/examples/python/CuTeDSL/ampere/tensorop_gemm_tunable.py:483: UserWarning: This loop is no longer unrolled and may cause performance regression. Use `range(..., unroll_full=True)` for full unrolling, or switch to `range_constexpr` when bounds are compile-time constants.
  for k in range(tApA.shape[2]):
/media/datassd/sina/libgen/cutlass-pdsl/cutlass/examples/python/CuTeDSL/ampere/tensorop_gemm_tunable.py:491: UserWarning: This loop is no longer unrolled and may cause performance regression. Use `range(..., unroll_full=True)` for full unrolling, or switch to `range_constexpr` when bounds are compile-time constants.
  for k in range(tBpB.shape[2]):
/media/datassd/sina/libgen/cutlass-pdsl/cutlass/examples/python/CuTeDSL/ampere/tensorop_gemm_tunable.py:503: UserWarning: This loop is no longer unrolled and may cause performance regression. Use `range(..., unroll_full=True)` for full unrolling, or switch to `range_constexpr` when bounds are compile-time constants.
  for k_tile in range(1, num_smem_stages - 1):
Traceback (most recent call last):
  File "/home/sina/miniconda3/envs/cutlass-pdsl/lib/python3.12/site-packages/nvidia_cutlass_dsl/python_packages/cutlass/base_dsl/dsl.py", line 1117, in build_ir_module
    result = funcBody(*ir_args, **ir_kwargs)
             ^^^^^^^^^^^^^^^^^^^^^^^^^^^^^^^
  File "/home/sina/miniconda3/envs/cutlass-pdsl/lib/python3.12/site-packages/nvidia_cutlass_dsl/python_packages/cutlass/base_dsl/dsl.py", line 260, in __call__
    ret = self.__func__(*args, **kwargs)
          ^^^^^^^^^^^^^^^^^^^^^^^^^^^^^^
  File "/media/datassd/sina/libgen/cutlass-pdsl/cutlass/examples/python/CuTeDSL/ampere/tensorop_gemm_tunable.py", line 290, in __call__
    ).launch(
  ^^^^^^^^^^^
  File "/media/datassd/sina/libgen/cutlass-pdsl/cutlass/examples/python/CuTeDSL/ampere/tensorop_gemm_tunable.py", line 320, in kernel
    if grid_dim[0] <= offset_tile_x or grid_dim[1] <= offset_tile_y:
^^^^^^^^^^^^^^^^^^^^^^^^^^^^^^^^^^^^^^^^^^^^^^^^^^^^^^^^^^^^^^^^^^^^
  File "/media/datassd/sina/libgen/cutlass-pdsl/cutlass/examples/python/CuTeDSL/ampere/tensorop_gemm_tunable.py", line 687, in else_block_5
    cute.autovec_copy(tCrD, tCsC)
  File "/home/sina/miniconda3/envs/cutlass-pdsl/lib/python3.12/site-packages/nvidia_cutlass_dsl/python_packages/cutlass/cute/core.py", line 4123, in right_inverse
    raise TypeError(f"expects input of type Layout, but got {type(Layout)}")
TypeError: expects input of type Layout, but got <class 'nanobind.nb_type_0'>

The above exception was the direct cause of the following exception:

Traceback (most recent call last):
  File "/media/datassd/sina/libgen/cutlass-pdsl/cutlass/examples/python/CuTeDSL/ampere/tensorop_gemm_tunable.py", line 1009, in <module>
    elapsed_time = run(
                   ^^^^
  File "/media/datassd/sina/libgen/cutlass-pdsl/cutlass/examples/python/CuTeDSL/ampere/tensorop_gemm_tunable.py", line 908, in run
    compiled_gemm = cute.compile(tensor_op_gemm, mA, mB, mC)
                    ^^^^^^^^^^^^^^^^^^^^^^^^^^^^^^^^^^^^^^^^
  File "/home/sina/miniconda3/envs/cutlass-pdsl/lib/python3.12/site-packages/nvidia_cutlass_dsl/python_packages/cutlass/base_dsl/dsl.py", line 1132, in build_ir_module
    raise DSLRuntimeError(
cutlass.base_dsl.common.DSLRuntimeError: DSLRuntimeError: 💥💥💥 Error during runtime code generation for function `__call__` 💥💥💥

      Result: FAILED

Done! Results written to nvmmh_cute_results.csv
