M,N,K,L,a_major,b_major,c_major,cta_m,cta_n,cta_k,stages,atom_m,atom_n,atom_k,split_k,avg_us,gflops
64,64,4096,1,m,n,n,16,16,16,3,1,1,1,1,33.48479986190796,1002.0795148359616
64,64,4096,1,m,n,n,16,16,16,3,1,1,1,2,20.049920082092285,1673.5444262428434
64,64,4096,1,m,n,n,16,16,16,3,1,1,1,4,13.619199991226196,2463.7594000834515
64,64,4096,1,m,n,n,16,16,16,3,1,1,1,8,12.390400171279907,2708.0991361180454
64,64,4096,1,m,n,n,16,16,16,3,1,1,1,16,13.312000036239624,2520.6153777534437
64,64,4096,1,m,n,n,16,16,16,3,1,1,1,32,18.903039693832397,1775.0812855219258
64,64,4096,1,m,n,n,16,16,16,3,1,1,1,64,30.72000026702881,1092.2666571723091
64,64,4096,1,m,n,n,16,16,16,3,1,1,1,128,65.12639999389648,515.2201258344489
64,64,4096,1,m,n,n,16,16,16,4,1,1,1,1,24.65791940689087,1360.7973749246225
64,64,4096,1,m,n,n,16,16,16,4,1,1,1,2,15.72864055633545,2133.3332578755117
64,64,4096,1,m,n,n,16,16,16,4,1,1,1,4,11.571199893951416,2899.823035426069
64,64,4096,1,m,n,n,16,16,16,4,1,1,1,8,11.424000263214111,2937.1876073959015
64,64,4096,1,m,n,n,16,16,16,4,1,1,1,16,13.148159980773926,2552.0249258501126
64,64,4096,1,m,n,n,16,16,16,4,1,1,1,32,18.882559537887573,1777.0065510808283
64,64,4096,1,m,n,n,16,16,16,4,1,1,1,64,30.453760623931885,1101.8157138081488
64,64,4096,1,m,n,n,16,16,16,5,1,1,1,1,22.759039402008057,1474.3342813071213
64,64,4096,1,m,n,n,16,16,16,5,1,1,1,2,14.827519655227661,2262.9834780336905
64,64,4096,1,m,n,n,16,16,16,5,1,1,1,4,10.99776029586792,3051.0241264857427
64,64,4096,1,m,n,n,16,16,16,5,1,1,1,8,15.33951997756958,2187.449936442954
64,64,4096,1,m,n,n,16,16,16,5,1,1,1,16,13.148159980773926,2552.0249258501126
64,64,4096,1,m,n,n,16,16,16,5,1,1,1,32,18.677760362625122,1796.491193191644
64,64,4096,1,m,n,n,16,16,16,5,1,1,1,64,30.515201091766357,1099.5972760950835
64,64,4096,1,m,n,n,16,16,16,6,1,1,1,1,22.753279209136963,1474.7075220052525
64,64,4096,1,m,n,n,16,16,16,6,1,1,1,2,14.827519655227661,2262.9834780336905
64,64,4096,1,m,n,n,16,16,16,6,1,1,1,4,11.018240451812744,3045.3530349738876
64,64,4096,1,m,n,n,16,16,16,6,1,1,1,8,10.978560447692871,3056.359908010655
64,64,4096,1,m,n,n,16,16,16,6,1,1,1,16,13.0457603931427,2572.0564374030178
64,64,4096,1,m,n,n,16,16,16,6,1,1,1,32,18.7391996383667,1790.6011274515986
64,64,4096,1,m,n,n,16,16,32,3,1,1,1,1,27.87328004837036,1203.82071796971
64,64,4096,1,m,n,n,16,16,32,3,1,1,1,2,16.302080154418945,2058.291437789583
64,64,4096,1,m,n,n,16,16,32,3,1,1,1,4,11.796480417251587,2844.4443438340154
64,64,4096,1,m,n,n,16,16,32,3,1,1,1,8,11.493760347366333,2919.360677960249
64,64,4096,1,m,n,n,16,16,32,3,1,1,1,16,13.192319869995117,2543.482293536324
64,64,4096,1,m,n,n,16,16,32,3,1,1,1,32,18.7391996383667,1790.6011274515986
64,64,4096,1,m,n,n,16,16,32,3,1,1,1,64,30.453760623931885,1101.8157138081488
64,64,4096,1,m,n,n,16,16,32,4,1,1,1,1,27.443199157714844,1222.6866046908078
64,64,4096,1,m,n,n,16,16,32,4,1,1,1,2,14.865280389785767,2257.2350551191703
64,64,4096,1,m,n,n,16,16,32,4,1,1,1,4,11.100159883499146,3022.8782605086685
64,64,4096,1,m,n,n,16,16,32,4,1,1,1,8,10.956799983978271,3062.4299110201355
64,64,4096,1,m,n,n,16,16,32,4,1,1,1,16,13.148159980773926,2552.0249258501126
64,64,4096,1,m,n,n,16,16,32,4,1,1,1,32,18.780159950256348,1786.6957517335727
64,64,4096,1,m,n,n,16,16,32,5,1,1,1,1,27.402238845825195,1224.514251875157
64,64,4096,1,m,n,n,16,16,32,5,1,1,1,2,14.909440279006958,2250.5494084339225
64,64,4096,1,m,n,n,16,16,32,5,1,1,1,4,15.296000242233276,2193.673605427514
64,64,4096,1,m,n,n,16,16,32,5,1,1,1,8,15.317120552062988,2190.648815875561
64,64,4096,1,m,n,n,16,16,32,5,1,1,1,16,13.2915198802948,2524.499252319952
64,64,4096,1,m,n,n,16,16,32,5,1,1,1,32,18.877439498901367,1777.4885201964391
64,64,4096,1,m,n,n,16,16,32,6,1,1,1,1,27.484159469604492,1220.8644050806356
64,64,4096,1,m,n,n,16,16,32,6,1,1,1,2,15.298559665679932,2193.3066075020406
64,64,4096,1,m,n,n,16,16,32,6,1,1,1,4,11.12064003944397,3017.3112231836717
64,64,4096,1,m,n,n,16,16,32,6,1,1,1,8,11.141120195388794,3011.7646530631514
64,64,4096,1,m,n,n,16,16,32,6,1,1,1,16,13.2915198802948,2524.499252319952
64,64,4096,1,m,n,n,16,16,64,3,1,1,1,1,19.251199960708618,1742.9787269616463
64,64,4096,1,m,n,n,16,16,64,3,1,1,1,2,13.373440504074097,2509.035127481066
64,64,4096,1,m,n,n,16,16,64,3,1,1,1,4,15.7695996761322,2127.7922514916927
64,64,4096,1,m,n,n,16,16,64,3,1,1,1,8,15.030399560928345,2232.437791422727
64,64,4096,1,m,n,n,16,16,64,3,1,1,1,16,13.250559568405151,2532.30301911232
64,64,4096,1,m,n,n,16,16,64,3,1,1,1,32,18.821120262145996,1782.8073745156607
64,64,4096,1,m,n,n,16,16,64,4,1,1,1,1,19.22943949699402,1744.9511206629445
64,64,4096,1,m,n,n,16,16,64,4,1,1,1,2,13.557759523391724,2474.924558302369
64,64,4096,1,m,n,n,16,16,64,4,1,1,1,4,15.278079509735107,2196.246719269873
64,64,4096,1,m,n,n,16,16,64,4,1,1,1,8,15.073280334472656,2226.086907125377
64,64,4096,1,m,n,n,16,16,64,4,1,1,1,16,13.332480192184448,2516.7434353039384
64,64,4096,1,m,n,n,16,16,64,5,1,1,1,1,19.271680116653442,1741.1264506722614
64,64,4096,1,m,n,n,16,16,64,5,1,1,1,2,15.21664023399353,2205.1143671676205
64,64,4096,1,m,n,n,16,16,64,5,1,1,1,4,10.60863971710205,3162.9344472795447
64,64,4096,1,m,n,n,16,16,64,5,1,1,1,8,11.427839994430542,2936.200718276861
64,64,4096,1,m,n,n,16,16,64,5,1,1,1,16,13.393919467926025,2505.1988762775295
64,64,4096,1,m,n,n,16,16,64,6,1,1,1,1,19.415040016174316,1728.2700407543025
64,64,4096,1,m,n,n,16,16,64,6,1,1,1,2,13.69920015335083,2449.371614721066
64,64,4096,1,m,n,n,16,16,64,6,1,1,1,4,10.711040496826172,3132.6958393951213
64,64,4096,1,m,n,n,16,16,64,6,1,1,1,8,15.363839864730835,2183.9873557278747
64,64,4096,1,m,n,n,16,16,64,6,1,1,1,16,13.434879779815674,2497.561016542298
64,64,4096,1,m,n,n,16,16,128,3,1,1,1,1,19.84511971473694,1690.8152977823843
64,64,4096,1,m,n,n,16,16,128,3,1,1,1,2,15.7695996761322,2127.7922514916927
64,64,4096,1,m,n,n,16,16,128,3,1,1,1,4,11.079679727554321,3028.465878535521
64,64,4096,1,m,n,n,16,16,128,3,1,1,1,8,11.36639952659607,2952.0721950241573
64,64,4096,1,m,n,n,16,16,128,3,1,1,1,16,15.52448034286499,2161.3884174500904
64,64,4096,1,m,n,n,16,16,128,4,1,1,1,1,20.008959770202637,1676.9703365573903
64,64,4096,1,m,n,n,16,16,128,4,1,1,1,2,14.008320569992065,2395.3215399623746
64,64,4096,1,m,n,n,16,16,128,4,1,1,1,4,14.99135971069336,2238.2514093144987
64,64,4096,1,m,n,n,16,16,128,4,1,1,1,8,11.943680047988892,2809.38805001311
64,64,4096,1,m,n,n,16,16,128,5,1,1,1,1,20.17280101776123,1663.3501698875061
64,64,4096,1,m,n,n,16,16,128,5,1,1,1,2,15.319039821624756,2190.3743570555703
64,64,4096,1,m,n,n,16,16,128,5,1,1,1,4,11.079679727554321,3028.465878535521
64,64,4096,1,m,n,n,16,16,128,5,1,1,1,8,12.288000583648682,2730.666536966966
64,64,4096,1,m,n,n,16,16,128,6,1,1,1,1,20.41856050491333,1643.329949333391
64,64,4096,1,m,n,n,16,16,128,6,1,1,1,2,15.237120389938354,2202.150481278422
64,64,4096,1,m,n,n,16,16,128,6,1,1,1,4,11.407359838485718,2941.472213999539
64,64,4096,1,m,n,n,16,16,128,6,1,1,1,8,12.38976001739502,2708.2390581326945
64,64,4096,1,m,n,n,16,16,256,3,1,1,1,1,21.50399923324585,1560.3810080184437
64,64,4096,1,m,n,n,16,16,256,3,1,1,1,2,14.86847996711731,2256.749316285726
64,64,4096,1,m,n,n,16,16,256,3,1,1,1,4,11.653120517730713,2879.437481912722
64,64,4096,1,m,n,n,16,16,256,3,1,1,1,8,12.681599855422974,2645.9147412423104
64,64,4096,1,m,n,n,16,16,256,4,1,1,1,1,21.85215950012207,1535.5201850788503
64,64,4096,1,m,n,n,16,16,256,4,1,1,1,2,15.626239776611328,2147.313267918927
64,64,4096,1,m,n,n,16,16,256,4,1,1,1,4,12.083200216293335,2776.949102834052
64,64,4096,1,m,n,n,16,16,256,4,1,1,1,8,15.011839866638184,2235.1978370466272
64,64,4096,1,m,n,n,16,16,256,5,1,1,1,1,22.20031976699829,1511.4391302543343
64,64,4096,1,m,n,n,16,16,256,5,1,1,1,2,15.687680244445799,2138.9033609274325
64,64,4096,1,m,n,n,16,16,256,5,1,1,1,4,12.533760070800781,2677.1241678839806
64,64,4096,1,m,n,n,16,16,256,5,1,1,1,8,15.523840188980103,2161.4775462465313
64,64,4096,1,m,n,n,16,16,256,6,1,1,1,1,22.48703956604004,1492.1676062096658
64,64,4096,1,m,n,n,16,16,256,6,1,1,1,2,16.22015953063965,2068.686928548154
64,64,4096,1,m,n,n,16,16,256,6,1,1,1,4,12.69760012626648,2642.5806188831475
64,64,4096,1,m,n,n,16,16,256,6,1,1,1,8,15.626239776611328,2147.313267918927
64,64,4096,1,m,n,n,16,32,16,3,1,1,1,1,44.27775859832764,757.8168602524371
64,64,4096,1,m,n,n,16,32,16,3,1,1,1,2,26.746881008148193,1254.517563740533
64,64,4096,1,m,n,n,16,32,16,3,1,1,1,4,16.99839949607849,1973.975962133433
64,64,4096,1,m,n,n,16,32,16,3,1,1,1,8,13.660160303115845,2456.371759586623
64,64,4096,1,m,n,n,16,32,16,3,1,1,1,16,14.110720157623291,2377.939015527303
64,64,4096,1,m,n,n,16,32,16,3,1,1,1,32,19.066879749298096,1759.828164922225
64,64,4096,1,m,n,n,16,32,16,3,1,1,1,64,30.412800312042236,1103.2996519795583
64,64,4096,1,m,n,n,16,32,16,3,1,1,1,128,64.7372817993164,518.3169738886739
64,64,4096,1,m,n,n,16,32,16,4,1,1,1,1,38.015360832214355,882.6545708219571
64,64,4096,1,m,n,n,16,32,16,4,1,1,1,2,23.244800567626953,1443.5241938247163
64,64,4096,1,m,n,n,16,32,16,4,1,1,1,4,15.58527946472168,2152.956709948814
64,64,4096,1,m,n,n,16,32,16,4,1,1,1,8,12.82047986984253,2617.2524227372887
64,64,4096,1,m,n,n,16,32,16,4,1,1,1,16,13.701119422912598,2449.028503750314
64,64,4096,1,m,n,n,16,32,16,4,1,1,1,32,18.96448016166687,1769.3304384806695
64,64,4096,1,m,n,n,16,32,16,4,1,1,1,64,30.412800312042236,1103.2996519795583
64,64,4096,1,m,n,n,16,32,16,5,1,1,1,1,38.051838874816895,881.8084221997134
64,64,4096,1,m,n,n,16,32,16,5,1,1,1,2,23.2857608795166,1440.984993946076
64,64,4096,1,m,n,n,16,32,16,5,1,1,1,4,15.237120389938354,2202.150481278422
64,64,4096,1,m,n,n,16,32,16,5,1,1,1,8,12.799999713897705,2621.4400585937515
64,64,4096,1,m,n,n,16,32,16,5,1,1,1,16,13.701119422912598,2449.028503750314
64,64,4096,1,m,n,n,16,32,16,5,1,1,1,32,19.066879749298096,1759.828164922225
64,64,4096,1,m,n,n,16,32,16,5,1,1,1,64,30.43328046798706,1102.5571835838102
64,64,4096,1,m,n,n,16,32,16,6,1,1,1,1,38.13375949859619,879.9140824611125
64,64,4096,1,m,n,n,16,32,16,6,1,1,1,2,23.38815927505493,1434.67605147482
64,64,4096,1,m,n,n,16,32,16,6,1,1,1,4,15.278079509735107,2196.246719269873
64,64,4096,1,m,n,n,16,32,16,6,1,1,1,8,12.802560329437256,2620.9157493948637
64,64,4096,1,m,n,n,16,32,16,6,1,1,1,16,13.803520202636719,2430.8604984394133
64,64,4096,1,m,n,n,16,32,16,6,1,1,1,32,19.066879749298096,1759.828164922225
64,64,4096,1,m,n,n,16,32,32,3,1,1,1,1,37.02784061431885,906.1946752310567
64,64,4096,1,m,n,n,16,32,32,3,1,1,1,2,20.213758945465088,1659.979823175237
64,64,4096,1,m,n,n,16,32,32,3,1,1,1,4,15.298559665679932,2193.3066075020406
64,64,4096,1,m,n,n,16,32,32,3,1,1,1,8,15.523840188980103,2161.4775462465313
64,64,4096,1,m,n,n,16,32,32,3,1,1,1,16,13.532799482345581,2479.4893358003233
64,64,4096,1,m,n,n,16,32,32,3,1,1,1,32,19.04639959335327,1761.7204677208222
64,64,4096,1,m,n,n,16,32,32,3,1,1,1,64,30.43328046798706,1102.5571835838102
64,64,4096,1,m,n,n,16,32,32,4,1,1,1,1,36.78208112716675,912.2494152517421
64,64,4096,1,m,n,n,16,32,32,4,1,1,1,2,20.213758945465088,1659.979823175237
64,64,4096,1,m,n,n,16,32,32,4,1,1,1,4,13.803520202636719,2430.8604984394133
64,64,4096,1,m,n,n,16,32,32,4,1,1,1,8,12.221440076828003,2745.5383153757475
64,64,4096,1,m,n,n,16,32,32,4,1,1,1,16,13.537280559539795,2478.6685813609747
64,64,4096,1,m,n,n,16,32,32,4,1,1,1,32,19.169280529022217,1750.4273021201147
64,64,4096,1,m,n,n,16,32,32,5,1,1,1,1,36.80255889892578,911.7418191532169
64,64,4096,1,m,n,n,16,32,32,5,1,1,1,2,20.31615972518921,1651.6129255666947
64,64,4096,1,m,n,n,16,32,32,5,1,1,1,4,13.844480514526367,2423.6685489782662
64,64,4096,1,m,n,n,16,32,32,5,1,1,1,8,12.267520427703857,2735.2252802631338
64,64,4096,1,m,n,n,16,32,32,5,1,1,1,16,13.680640459060669,2452.6945284770604
64,64,4096,1,m,n,n,16,32,32,5,1,1,1,32,19.21023964881897,1746.6951278800366
64,64,4096,1,m,n,n,16,32,32,6,1,1,1,1,36.92543983459473,908.707713443768
64,64,4096,1,m,n,n,16,32,32,6,1,1,1,2,20.398080348968506,1644.9798915365482
64,64,4096,1,m,n,n,16,32,32,6,1,1,1,4,13.905919790267944,2412.96027203343
64,64,4096,1,m,n,n,16,32,32,6,1,1,1,8,12.288000583648682,2730.666536966966
64,64,4096,1,m,n,n,16,32,32,6,1,1,1,16,13.967360258102417,2402.3459966628407
64,64,4096,1,m,n,n,16,32,64,3,1,1,1,1,32.030720710754395,1047.5703092354715
64,64,4096,1,m,n,n,16,32,64,3,1,1,1,2,18.984960317611694,1767.4217611544182
64,64,4096,1,m,n,n,16,32,64,3,1,1,1,4,13.312000036239624,2520.6153777534437
64,64,4096,1,m,n,n,16,32,64,3,1,1,1,8,12.09920048713684,2773.2767992127333
64,64,4096,1,m,n,n,16,32,64,3,1,1,1,16,13.864959478378296,2420.0887173400283
64,64,4096,1,m,n,n,16,32,64,3,1,1,1,32,19.496959447860718,1721.0084520990129
64,64,4096,1,m,n,n,16,32,64,4,1,1,1,1,32.133119106292725,1044.2320239440726
64,64,4096,1,m,n,n,16,32,64,4,1,1,1,2,19.08735990524292,1757.9399228901877
64,64,4096,1,m,n,n,16,32,64,4,1,1,1,4,13.373440504074097,2509.035127481066
64,64,4096,1,m,n,n,16,32,64,4,1,1,1,8,12.169599533081055,2757.2338686074095
64,64,4096,1,m,n,n,16,32,64,4,1,1,1,16,14.172159433364868,2367.6301524666974
64,64,4096,1,m,n,n,16,32,64,5,1,1,1,1,32.29696035385132,1038.934674730117
64,64,4096,1,m,n,n,16,32,64,5,1,1,1,2,19.271680116653442,1741.1264506722614
64,64,4096,1,m,n,n,16,32,64,5,1,1,1,4,13.537280559539795,2478.6685813609747
64,64,4096,1,m,n,n,16,32,64,5,1,1,1,8,12.288000583648682,2730.666536966966
64,64,4096,1,m,n,n,16,32,64,5,1,1,1,16,14.561280012130737,2304.3600543390703
64,64,4096,1,m,n,n,16,32,64,6,1,1,1,1,32.524800300598145,1031.656818485767
64,64,4096,1,m,n,n,16,32,64,6,1,1,1,2,19.517439603805542,1719.2025532620328
64,64,4096,1,m,n,n,16,32,64,6,1,1,1,4,13.721599578857422,2445.3732093816157
64,64,4096,1,m,n,n,16,32,64,6,1,1,1,8,12.537599802017212,2676.30427911739
64,64,4096,1,m,n,n,16,32,64,6,1,1,1,16,14.643199443817139,2291.46861850385
64,64,4096,1,m,n,n,16,32,128,3,1,1,1,1,32.57920026779175,1029.9341826745938
64,64,4096,1,m,n,n,16,32,128,3,1,1,1,2,19.619840383529663,1710.2296116622877
64,64,4096,1,m,n,n,16,32,128,3,1,1,1,4,13.844480514526367,2423.6685489782662
64,64,4096,1,m,n,n,16,32,128,3,1,1,1,8,12.6528000831604,2651.937261275278
64,64,4096,1,m,n,n,16,32,128,3,1,1,1,16,14.648959636688232,2290.5675783257075
64,64,4096,1,m,n,n,16,32,128,4,1,1,1,1,32.89088010787964,1020.1743428556474
64,64,4096,1,m,n,n,16,32,128,4,1,1,1,2,19.96799945831299,1680.4103019960153
64,64,4096,1,m,n,n,16,32,128,4,1,1,1,4,15.319039821624756,2190.3743570555703
64,64,4096,1,m,n,n,16,32,128,4,1,1,1,8,12.917120456695557,2597.6712156932117
64,64,4096,1,m,n,n,16,32,128,4,1,1,1,16,14.786560535430908,2269.251995391244
64,64,4096,1,m,n,n,16,32,128,5,1,1,1,1,33.218560218811035,1010.1109674524296
64,64,4096,1,m,n,n,16,32,128,5,1,1,1,2,20.295679569244385,1653.2795507299804
64,64,4096,1,m,n,n,16,32,128,5,1,1,1,4,14.438400268554688,2323.9715879797304
64,64,4096,1,m,n,n,16,32,128,5,1,1,1,8,13.41439962387085,2501.3741159380756
64,64,4096,1,m,n,n,16,32,128,5,1,1,1,16,17.26464033126831,1943.5349567768837
64,64,4096,1,m,n,n,16,32,128,6,1,1,1,1,33.607680797576904,998.415576549372
64,64,4096,1,m,n,n,16,32,128,6,1,1,1,2,20.66431999206543,1623.7859272835517
64,64,4096,1,m,n,n,16,32,128,6,1,1,1,4,14.807039499282837,2266.113492952131
64,64,4096,1,m,n,n,16,32,128,6,1,1,1,8,13.598719835281372,2467.4699094060516
64,64,4096,1,m,n,n,16,32,128,6,1,1,1,16,17.797119617462158,1885.3855411005443
64,64,4096,1,m,n,n,16,32,256,3,1,1,1,1,33.87392044067383,990.5683063395815
64,64,4096,1,m,n,n,16,32,256,3,1,1,1,2,21.278719902038574,1576.9008734771387
64,64,4096,1,m,n,n,16,32,256,3,1,1,1,4,14.86847996711731,2256.749316285726
64,64,4096,1,m,n,n,16,32,256,3,1,1,1,8,13.861759901046753,2420.6473232497833
64,64,4096,1,m,n,n,16,32,256,4,1,1,1,1,33.97631883621216,987.5829150813564
64,64,4096,1,m,n,n,16,32,256,4,1,1,1,2,21.890559196472168,1532.8266262566538
64,64,4096,1,m,n,n,16,32,256,4,1,1,1,4,15.46239972114563,2170.0662643013025
64,64,4096,1,m,n,n,16,32,256,4,1,1,1,8,15.298559665679932,2193.3066075020406
64,64,4096,1,m,n,n,16,64,16,3,1,1,1,1,65.76128005981445,510.2460288102652
64,64,4096,1,m,n,n,16,64,16,3,1,1,1,2,37.33504056930542,898.7383296855554
64,64,4096,1,m,n,n,16,64,16,3,1,1,1,4,22.48703956604004,1492.1676062096658
64,64,4096,1,m,n,n,16,64,16,3,1,1,1,8,16.547839641571045,2027.72281619804
64,64,4096,1,m,n,n,16,64,16,3,1,1,1,16,15.33951997756958,2187.449936442954
64,64,4096,1,m,n,n,16,64,16,3,1,1,1,32,20.090880393981934,1670.1324850876604
64,64,4096,1,m,n,n,16,64,16,3,1,1,1,64,31.129601001739502,1077.8947021558356
64,64,4096,1,m,n,n,16,64,16,3,1,1,1,128,65.10591983795166,515.3821969417962
64,64,4096,1,m,n,n,16,64,16,4,1,1,1,1,67.76832103729248,495.13447413777914
64,64,4096,1,m,n,n,16,64,16,4,1,1,1,2,36.474881172180176,919.9325925588583
64,64,4096,1,m,n,n,16,64,16,4,1,1,1,4,22.09791898727417,1518.443072369097
64,64,4096,1,m,n,n,16,64,16,4,1,1,1,8,16.25920057296753,2063.719667483987
64,64,4096,1,m,n,n,16,64,16,4,1,1,1,16,15.503360033035278,2164.3328883868185
64,64,4096,1,m,n,n,16,64,16,4,1,1,1,32,20.07040023803711,1671.836714865714
64,64,4096,1,m,n,n,16,64,16,4,1,1,1,64,31.272959709167477,1072.9535135800954
64,64,4096,1,m,n,n,16,64,16,5,1,1,1,1,67.8707218170166,494.3874339581166
64,64,4096,1,m,n,n,16,64,16,5,1,1,1,2,36.577279567718506,917.3572336859536
64,64,4096,1,m,n,n,16,64,16,5,1,1,1,4,22.13887929916382,1515.6337205048742
64,64,4096,1,m,n,n,16,64,16,5,1,1,1,8,16.28159999847412,2060.8805033377957
64,64,4096,1,m,n,n,16,64,16,5,1,1,1,16,15.278079509735107,2196.246719269873
64,64,4096,1,m,n,n,16,64,16,5,1,1,1,32,20.111360549926758,1668.431726272353
64,64,4096,1,m,n,n,16,64,16,5,1,1,1,64,31.436800956726074,1067.3615310345642
64,64,4096,1,m,n,n,16,64,16,6,1,1,1,1,67.93471813201904,493.92170781945293
64,64,4096,1,m,n,n,16,64,16,6,1,1,1,2,36.63872003555298,915.8188923477653
64,64,4096,1,m,n,n,16,64,16,6,1,1,1,4,22.159359455108643,1514.2329392677605
64,64,4096,1,m,n,n,16,64,16,6,1,1,1,8,16.465920209884644,2037.810919298453
64,64,4096,1,m,n,n,16,64,16,6,1,1,1,16,15.33951997756958,2187.449936442954
64,64,4096,1,m,n,n,16,64,16,6,1,1,1,32,20.31615972518921,1651.6129255666947
64,64,4096,1,m,n,n,16,64,32,3,1,1,1,1,63.05535793304444,532.1424395945845
64,64,4096,1,m,n,n,16,64,32,3,1,1,1,2,32.68608093261719,1026.5663867495443
64,64,4096,1,m,n,n,16,64,32,3,1,1,1,4,20.17280101776123,1663.3501698875061
64,64,4096,1,m,n,n,16,64,32,3,1,1,1,8,15.564800500869751,2155.789404311671
64,64,4096,1,m,n,n,16,64,32,3,1,1,1,16,14.970879554748535,2241.313336153122
64,64,4096,1,m,n,n,16,64,32,3,1,1,1,32,20.193281173706055,1661.6631894222166
64,64,4096,1,m,n,n,16,64,32,3,1,1,1,64,31.4572811126709,1066.6666289377558
64,64,4096,1,m,n,n,16,64,32,4,1,1,1,1,65.84320068359375,509.61119222080595
64,64,4096,1,m,n,n,16,64,32,4,1,1,1,2,32.76799917221069,1024.0000258684165
64,64,4096,1,m,n,n,16,64,32,4,1,1,1,4,20.213758945465088,1659.979823175237
64,64,4096,1,m,n,n,16,64,32,4,1,1,1,8,15.46239972114563,2170.0662643013025
64,64,4096,1,m,n,n,16,64,32,4,1,1,1,16,15.052800178527832,2229.1156198209515
64,64,4096,1,m,n,n,16,64,32,4,1,1,1,32,20.254719257354736,1656.6229121055812
64,64,4096,1,m,n,n,16,64,32,5,1,1,1,1,66.00704193115234,508.34624637471944
64,64,4096,1,m,n,n,16,64,32,5,1,1,1,2,32.92992115020752,1018.9648449792461
64,64,4096,1,m,n,n,16,64,32,5,1,1,1,4,20.357120037078857,1648.2897354283562
64,64,4096,1,m,n,n,16,64,32,5,1,1,1,8,15.523840188980103,2161.4775462465313
64,64,4096,1,m,n,n,16,64,32,5,1,1,1,16,15.155199766159058,2214.0540882163546
64,64,4096,1,m,n,n,16,64,32,5,1,1,1,32,20.684800148010254,1622.1782062142731
64,64,4096,1,m,n,n,16,64,32,6,1,1,1,1,66.1734390258789,507.06797914609876
64,64,4096,1,m,n,n,16,64,32,6,1,1,1,2,33.09567928314209,1013.86140809902
64,64,4096,1,m,n,n,16,64,32,6,1,1,1,4,20.52095890045166,1635.1298281320312
64,64,4096,1,m,n,n,16,64,32,6,1,1,1,8,15.687680244445799,2138.9033609274325
64,64,4096,1,m,n,n,16,64,32,6,1,1,1,16,15.21664023399353,2205.1143671676205
64,64,4096,1,m,n,n,16,64,32,6,1,1,1,32,20.828158855438232,1611.0128712235617
64,64,4096,1,m,n,n,16,64,64,3,1,1,1,1,61.07135772705078,549.4299332588358
64,64,4096,1,m,n,n,16,64,64,3,1,1,1,2,35.08224010467529,956.4506684830628
64,64,4096,1,m,n,n,16,64,64,3,1,1,1,4,21.790719032287598,1539.849692443923
64,64,4096,1,m,n,n,16,64,64,3,1,1,1,8,16.19968056678772,2071.302076708393
64,64,4096,1,m,n,n,16,64,64,3,1,1,1,16,15.626239776611328,2147.313267918927
64,64,4096,1,m,n,n,16,64,64,3,1,1,1,32,20.848639011383057,1609.4303317199633
64,64,4096,1,m,n,n,16,64,64,4,1,1,1,1,61.521921157836914,545.4061149019516
64,64,4096,1,m,n,n,16,64,64,4,1,1,1,2,35.30751943588257,950.3480430261855
64,64,4096,1,m,n,n,16,64,64,4,1,1,1,4,21.811199188232422,1538.4038131247405
64,64,4096,1,m,n,n,16,64,64,4,1,1,1,8,16.44544005393982,2040.3486857112948
64,64,4096,1,m,n,n,16,64,64,4,1,1,1,16,15.72864055633545,2133.3332578755117
64,64,4096,1,m,n,n,16,64,64,4,1,1,1,32,21.0534405708313,1593.7742758534357
64,64,4096,1,m,n,n,16,64,64,5,1,1,1,1,61.85023784637451,542.5109614508438
64,64,4096,1,m,n,n,16,64,64,5,1,1,1,2,35.61471939086914,942.1506774135258
64,64,4096,1,m,n,n,16,64,64,5,1,1,1,4,22.118399143218994,1517.0370958011688
64,64,4096,1,m,n,n,16,64,64,5,1,1,1,8,16.941440105438232,1980.6127336972359
64,64,4096,1,m,n,n,16,64,64,5,1,1,1,16,16.383999586105347,2048.000051736833
64,64,4096,1,m,n,n,16,64,64,6,1,1,1,1,62.17663764953613,539.6630192377463
64,64,4096,1,m,n,n,16,64,64,6,1,1,1,2,35.92191934585571,934.0935175801276
64,64,4096,1,m,n,n,16,64,64,6,1,1,1,4,22.466559410095215,1493.5278423149439
64,64,4096,1,m,n,n,16,64,64,6,1,1,1,8,17.03935980796814,1969.2307914238008
64,64,4096,1,m,n,n,16,64,64,6,1,1,1,16,16.383999586105347,2048.000051736833
64,64,4096,1,m,n,n,16,64,128,3,1,1,1,1,60.047359466552734,558.7994592616568
64,64,4096,1,m,n,n,16,64,128,3,1,1,1,2,35.69664001464844,939.9885251449615
64,64,4096,1,m,n,n,16,64,128,3,1,1,1,4,22.20031976699829,1511.4391302543343
64,64,4096,1,m,n,n,16,64,128,3,1,1,1,8,16.834559440612793,1993.1874141625053
64,64,4096,1,m,n,n,16,64,128,3,1,1,1,16,16.32256031036377,2055.7088693184432
64,64,4096,1,m,n,n,16,64,128,4,1,1,1,1,60.3545618057251,555.9551920533884
64,64,4096,1,m,n,n,16,64,128,4,1,1,1,2,36.20863914489746,926.6968544640405
64,64,4096,1,m,n,n,16,64,128,4,1,1,1,4,22.83519983291626,1469.417051110378
64,64,4096,1,m,n,n,16,64,128,4,1,1,1,8,17.46943950653076,1920.7503473397667
64,64,4096,1,m,n,n,16,64,128,4,1,1,1,16,16.732159852981567,2005.3855745360217
64,64,4096,1,m,n,n,32,16,16,3,1,1,1,1,42.741761207580566,785.0502892718627
64,64,4096,1,m,n,n,32,16,16,3,1,1,1,2,24.043519496917725,1395.5707276674505
64,64,4096,1,m,n,n,32,16,16,3,1,1,1,4,15.605759620666504,2150.1312858596325
64,64,4096,1,m,n,n,32,16,16,3,1,1,1,8,12.984319925308228,2584.227144203201
64,64,4096,1,m,n,n,32,16,16,3,1,1,1,16,13.742079734802246,2441.728810161271
64,64,4096,1,m,n,n,32,16,16,3,1,1,1,32,18.944000005722046,1771.243242708238
64,64,4096,1,m,n,n,32,16,16,3,1,1,1,64,30.28991937637329,1107.7755468102398
64,64,4096,1,m,n,n,32,16,16,3,1,1,1,128,64.25087928771973,522.2408217907963
64,64,4096,1,m,n,n,32,16,16,4,1,1,1,1,37.21280097961426,901.6905773468015
64,64,4096,1,m,n,n,32,16,16,4,1,1,1,2,21.975040435791016,1526.9338001012043
64,64,4096,1,m,n,n,32,16,16,4,1,1,1,4,15.175679922103882,2211.066138204909
64,64,4096,1,m,n,n,32,16,16,4,1,1,1,8,12.496639490127563,2685.0764180648926
64,64,4096,1,m,n,n,32,16,16,4,1,1,1,16,13.475840091705322,2489.969587918567
64,64,4096,1,m,n,n,32,16,16,4,1,1,1,32,18.903039693832397,1775.0812855219258
64,64,4096,1,m,n,n,32,16,16,4,1,1,1,64,30.392320156097412,1104.0431210141815
64,64,4096,1,m,n,n,32,16,16,5,1,1,1,1,37.258241176605225,900.5908744041606
64,64,4096,1,m,n,n,32,16,16,5,1,1,1,2,21.99552059173584,1525.5120632428714
64,64,4096,1,m,n,n,32,16,16,5,1,1,1,4,15.400960445404053,2178.7233412454675
64,64,4096,1,m,n,n,32,16,16,5,1,1,1,8,12.51904010772705,2680.2719466718063
64,64,4096,1,m,n,n,32,16,16,5,1,1,1,16,15.011839866638184,2235.1978370466272
64,64,4096,1,m,n,n,32,16,16,5,1,1,1,32,18.862080574035645,1778.9358850576075
64,64,4096,1,m,n,n,32,16,16,5,1,1,1,64,30.146560668945312,1113.0434535626885
64,64,4096,1,m,n,n,32,16,16,6,1,1,1,1,37.314560413360596,899.2316036499717
64,64,4096,1,m,n,n,32,16,16,6,1,1,1,2,22.118399143218994,1517.0370958011688
64,64,4096,1,m,n,n,32,16,16,6,1,1,1,4,14.704639911651611,2281.8941641278993
64,64,4096,1,m,n,n,32,16,16,6,1,1,1,8,12.554240226745605,2672.756884842422
64,64,4096,1,m,n,n,32,16,16,6,1,1,1,16,15.319039821624756,2190.3743570555703
64,64,4096,1,m,n,n,32,16,16,6,1,1,1,32,18.882559537887573,1777.0065510808283
64,64,4096,1,m,n,n,32,16,32,3,1,1,1,1,38.37951898574829,874.2796388995907
64,64,4096,1,m,n,n,32,16,32,3,1,1,1,2,20.91007947921753,1604.7013132278937
64,64,4096,1,m,n,n,32,16,32,3,1,1,1,4,14.970879554748535,2241.313336153122
64,64,4096,1,m,n,n,32,16,32,3,1,1,1,8,12.288000583648682,2730.666536966966
64,64,4096,1,m,n,n,32,16,32,3,1,1,1,16,15.46239972114563,2170.0662643013025
64,64,4096,1,m,n,n,32,16,32,3,1,1,1,32,19.00544047355652,1765.517197388107
64,64,4096,1,m,n,n,32,16,32,3,1,1,1,64,30.18752098083496,1111.53320676125
64,64,4096,1,m,n,n,32,16,32,4,1,1,1,1,38.852479457855225,863.6368249392624
64,64,4096,1,m,n,n,32,16,32,4,1,1,1,2,20.684800148010254,1622.1782062142731
64,64,4096,1,m,n,n,32,16,32,4,1,1,1,4,15.21664023399353,2205.1143671676205
64,64,4096,1,m,n,n,32,16,32,4,1,1,1,8,12.247040271759033,2739.7992703081563
64,64,4096,1,m,n,n,32,16,32,4,1,1,1,16,13.51680040359497,2482.42416830212
64,64,4096,1,m,n,n,32,16,32,4,1,1,1,32,19.025919437408447,1763.6168443994268
64,64,4096,1,m,n,n,32,16,32,5,1,1,1,1,39.01439905166626,860.052514343853
64,64,4096,1,m,n,n,32,16,32,5,1,1,1,2,20.848639011383057,1609.4303317199633
64,64,4096,1,m,n,n,32,16,32,5,1,1,1,4,14.069759845733643,2384.861743761367
64,64,4096,1,m,n,n,32,16,32,5,1,1,1,8,12.287360429763794,2730.8088007836714
64,64,4096,1,m,n,n,32,16,32,5,1,1,1,16,13.578239679336548,2471.191611904108
64,64,4096,1,m,n,n,32,16,32,5,1,1,1,32,18.984960317611694,1767.4217611544182
64,64,4096,1,m,n,n,32,16,32,6,1,1,1,1,39.01439905166626,860.052514343853
64,64,4096,1,m,n,n,32,16,32,6,1,1,1,2,20.930559635162354,1603.131143403836
64,64,4096,1,m,n,n,32,16,32,6,1,1,1,4,14.15168046951294,2371.056361277132
64,64,4096,1,m,n,n,32,16,32,6,1,1,1,8,12.349439859390259,2717.0812913013137
64,64,4096,1,m,n,n,32,16,32,6,1,1,1,16,13.701119422912598,2449.028503750314
64,64,4096,1,m,n,n,32,16,64,3,1,1,1,1,33.60703945159912,998.4346299924788
64,64,4096,1,m,n,n,32,16,64,3,1,1,1,2,19.742720127105713,1699.5850512985564
64,64,4096,1,m,n,n,32,16,64,3,1,1,1,4,13.660160303115845,2456.371759586623
64,64,4096,1,m,n,n,32,16,64,3,1,1,1,8,12.23039984703064,2743.5269835553677
64,64,4096,1,m,n,n,32,16,64,3,1,1,1,16,15.33951997756958,2187.449936442954
64,64,4096,1,m,n,n,32,16,64,3,1,1,1,32,19.496959447860718,1721.0084520990129
64,64,4096,1,m,n,n,32,16,64,4,1,1,1,1,33.812479972839355,992.3682624567426
64,64,4096,1,m,n,n,32,16,64,4,1,1,1,2,19.78368043899536,1696.066214952668
64,64,4096,1,m,n,n,32,16,64,4,1,1,1,4,13.680640459060669,2452.6945284770604
64,64,4096,1,m,n,n,32,16,64,4,1,1,1,8,12.270079851150513,2734.6547379521535
64,64,4096,1,m,n,n,32,16,64,4,1,1,1,16,13.926399946212769,2409.4117740116317
64,64,4096,1,m,n,n,32,16,64,5,1,1,1,1,33.97631883621216,987.5829150813564
64,64,4096,1,m,n,n,32,16,64,5,1,1,1,2,19.96799945831299,1680.4103019960153
64,64,4096,1,m,n,n,32,16,64,5,1,1,1,4,13.824000358581543,2427.2591962984416
64,64,4096,1,m,n,n,32,16,64,5,1,1,1,8,12.329599857330322,2721.453444415787
64,64,4096,1,m,n,n,32,16,64,5,1,1,1,16,14.049279689788818,2388.338245154857
64,64,4096,1,m,n,n,32,16,64,6,1,1,1,1,34.124159812927246,983.3042684112793
64,64,4096,1,m,n,n,32,16,64,6,1,1,1,2,20.147199630737305,1665.4638170561498
64,64,4096,1,m,n,n,32,16,64,6,1,1,1,4,14.008320569992065,2395.3215399623746
64,64,4096,1,m,n,n,32,16,64,6,1,1,1,8,15.298559665679932,2193.3066075020406
64,64,4096,1,m,n,n,32,16,128,3,1,1,1,1,31.150081157684326,1077.1860217681185
64,64,4096,1,m,n,n,32,16,128,3,1,1,1,2,20.705280303955078,1620.5736656262754
64,64,4096,1,m,n,n,32,16,128,3,1,1,1,4,15.09376049041748,2223.0664135225
64,64,4096,1,m,n,n,32,16,128,3,1,1,1,8,13.107199668884277,2560.000064671041
64,64,4096,1,m,n,n,32,16,128,3,1,1,1,16,14.725120067596436,2278.7204346020017
64,64,4096,1,m,n,n,32,16,128,4,1,1,1,1,31.559679508209232,1063.2057271453564
64,64,4096,1,m,n,n,32,16,128,4,1,1,1,2,20.41856050491333,1643.329949333391
64,64,4096,1,m,n,n,32,16,128,4,1,1,1,4,15.257600545883179,2199.194552190167
64,64,4096,1,m,n,n,32,16,128,4,1,1,1,8,13.148159980773926,2552.0249258501126
64,64,4096,1,m,n,n,32,16,128,5,1,1,1,1,31.84639930725098,1053.633463433969
64,64,4096,1,m,n,n,32,16,128,5,1,1,1,2,20.721280574798584,1619.3223135451008
64,64,4096,1,m,n,n,32,16,128,5,1,1,1,4,14.786560535430908,2269.251995391244
64,64,4096,1,m,n,n,32,16,128,5,1,1,1,8,13.41439962387085,2501.3741159380756
64,64,4096,1,m,n,n,32,16,128,6,1,1,1,1,32.17407941818237,1042.902628661927
64,64,4096,1,m,n,n,32,16,128,6,1,1,1,2,21.0534405708313,1593.7742758534357
64,64,4096,1,m,n,n,32,16,128,6,1,1,1,4,15.09376049041748,2223.0664135225
64,64,4096,1,m,n,n,32,16,128,6,1,1,1,8,13.573119640350342,2472.1237923998665
64,64,4096,1,m,n,n,32,16,256,3,1,1,1,1,33.43935966491699,1003.4412242410173
64,64,4096,1,m,n,n,32,16,256,3,1,1,1,2,21.50399923324585,1560.3810080184437
64,64,4096,1,m,n,n,32,16,256,3,1,1,1,4,15.380480289459229,2181.6244596078063
64,64,4096,1,m,n,n,32,16,256,3,1,1,1,8,13.946880102157593,2405.8736975023617
64,64,4096,1,m,n,n,32,16,256,4,1,1,1,1,34.14016008377075,982.8434289021044
64,64,4096,1,m,n,n,32,16,256,4,1,1,1,2,22.159359455108643,1514.2329392677605
64,64,4096,1,m,n,n,32,16,256,4,1,1,1,4,15.97440004348755,2100.5128147945366
64,64,4096,1,m,n,n,32,16,256,4,1,1,1,8,14.135680198669434,2373.740175811166
64,64,4096,1,m,n,n,32,32,16,3,1,1,1,1,59.14624214172363,567.312998847811
64,64,4096,1,m,n,n,32,32,16,3,1,1,1,2,32.91136026382446,1019.5395064506766
64,64,4096,1,m,n,n,32,32,16,3,1,1,1,4,20.193281173706055,1661.6631894222166
64,64,4096,1,m,n,n,32,32,16,3,1,1,1,8,15.192320346832275,2208.644317258382
64,64,4096,1,m,n,n,32,32,16,3,1,1,1,16,14.663679599761963,2288.268218881753
64,64,4096,1,m,n,n,32,32,16,3,1,1,1,32,19.72223997116089,1701.3499505667419
64,64,4096,1,m,n,n,32,32,16,3,1,1,1,64,30.740480422973633,1091.5389589982915
64,64,4096,1,m,n,n,32,32,16,3,1,1,1,128,64.59392070770264,519.4673373650585
64,64,4096,1,m,n,n,32,32,16,3,2,2,1,128,65.10591983795166,515.3821969417962
64,64,4096,1,m,n,n,32,32,16,4,1,1,1,1,59.16607856750488,567.122797596201
64,64,4096,1,m,n,n,32,32,16,4,1,1,1,2,32.91136026382446,1019.5395064506766
64,64,4096,1,m,n,n,32,32,16,4,1,1,1,4,20.193281173706055,1661.6631894222166
64,64,4096,1,m,n,n,32,32,16,4,1,1,1,8,15.175679922103882,2211.066138204909
64,64,4096,1,m,n,n,32,32,16,4,1,1,1,16,14.684159755706787,2285.076746523379
64,64,4096,1,m,n,n,32,32,16,4,1,1,1,32,19.701759815216064,1703.1185190921492
64,64,4096,1,m,n,n,32,32,16,4,1,1,1,64,30.760960578918457,1090.8122298039032
64,64,4096,1,m,n,n,32,32,16,4,2,2,1,1,37.84703969955444,886.5800936181284
64,64,4096,1,m,n,n,32,32,16,4,2,2,1,64,31.109120845794678,1078.6043156387004
64,64,4096,1,m,n,n,32,32,16,5,1,1,1,1,59.22815799713135,566.5283732380327
64,64,4096,1,m,n,n,32,32,16,5,1,1,1,2,32.93184041976929,1018.9054596492265
64,64,4096,1,m,n,n,32,32,16,5,1,1,1,4,20.193281173706055,1661.6631894222166
64,64,4096,1,m,n,n,32,32,16,5,1,1,1,8,15.196160078048706,2208.086242028363
64,64,4096,1,m,n,n,32,32,16,5,1,1,1,16,14.725120067596436,2278.7204346020017
64,64,4096,1,m,n,n,32,32,16,5,1,1,1,32,19.72223997116089,1701.3499505667419
64,64,4096,1,m,n,n,32,32,16,5,1,1,1,64,30.760960578918457,1090.8122298039032
64,64,4096,1,m,n,n,32,32,16,5,2,2,1,64,30.740480422973633,1091.5389589982915
64,64,4096,1,m,n,n,32,32,16,6,1,1,1,1,59.28703784942627,565.9657358024797
64,64,4096,1,m,n,n,32,32,16,6,1,1,1,2,33.05471897125244,1015.1177515434986
64,64,4096,1,m,n,n,32,32,16,6,1,1,1,4,20.31615972518921,1651.6129255666947
64,64,4096,1,m,n,n,32,32,16,6,1,1,1,8,15.237120389938354,2202.150481278422
64,64,4096,1,m,n,n,32,32,16,6,1,1,1,16,14.704639911651611,2281.8941641278993
64,64,4096,1,m,n,n,32,32,16,6,1,1,1,32,19.742720127105713,1699.5850512985564
64,64,4096,1,m,n,n,32,32,16,6,2,2,1,1,35.228800773620605,952.4715932177181
64,64,4096,1,m,n,n,32,32,32,3,1,1,1,1,51.65056228637695,649.643111607521
64,64,4096,1,m,n,n,32,32,32,3,1,1,1,2,30.617599487304688,1095.9197507927765
64,64,4096,1,m,n,n,32,32,32,3,1,1,1,4,19.04639959335327,1761.7204677208222
64,64,4096,1,m,n,n,32,32,32,3,1,1,1,8,14.725120067596436,2278.7204346020017
64,64,4096,1,m,n,n,32,32,32,3,1,1,1,16,14.540799856185913,2307.6056566259213
64,64,4096,1,m,n,n,32,32,32,3,1,1,1,32,19.865599870681763,1689.0721759437338
64,64,4096,1,m,n,n,32,32,32,3,1,1,1,64,31.006720066070557,1082.1664441934092
64,64,4096,1,m,n,n,32,32,32,3,2,2,1,1,26.236159801483154,1278.9383909036544
64,64,4096,1,m,n,n,32,32,32,3,2,2,1,2,16.650240421295166,2015.2521015303103
64,64,4096,1,m,n,n,32,32,32,3,2,2,1,4,12.390400171279907,2708.0991361180454
64,64,4096,1,m,n,n,32,32,32,3,2,2,1,8,11.36639952659607,2952.0721950241573
64,64,4096,1,m,n,n,32,32,32,3,2,2,1,16,12.799999713897705,2621.4400585937515
64,64,4096,1,m,n,n,32,32,32,3,2,2,1,32,18.96448016166687,1769.3304384806695
64,64,4096,1,m,n,n,32,32,32,3,2,2,1,64,30.351359844207764,1105.5330691024544
64,64,4096,1,m,n,n,32,32,32,4,1,1,1,1,51.65056228637695,649.643111607521
64,64,4096,1,m,n,n,32,32,32,4,1,1,1,2,30.351359844207764,1105.5330691024544
64,64,4096,1,m,n,n,32,32,32,4,1,1,1,4,18.92351984977722,1773.160187236257
64,64,4096,1,m,n,n,32,32,32,4,1,1,1,8,16.609280109405518,2020.2219349048592
64,64,4096,1,m,n,n,32,32,32,4,1,1,1,16,14.51583981513977,2311.5735932138978
64,64,4096,1,m,n,n,32,32,32,4,1,1,1,32,19.90656018257141,1685.5966923596159
64,64,4096,1,m,n,n,32,32,32,4,2,2,1,1,23.879680633544922,1405.14576031911
64,64,4096,1,m,n,n,32,32,32,4,2,2,1,2,15.912959575653074,2108.62296485303
64,64,4096,1,m,n,n,32,32,32,4,2,2,1,4,15.360000133514404,2184.5333143446182
64,64,4096,1,m,n,n,32,32,32,4,2,2,1,8,15.564800500869751,2155.789404311671
64,64,4096,1,m,n,n,32,32,32,4,2,2,1,16,12.70143985748291,2641.781748880367
64,64,4096,1,m,n,n,32,32,32,4,2,2,1,32,18.984960317611694,1767.4217611544182
64,64,4096,1,m,n,n,32,32,32,5,1,1,1,1,51.73056125640869,648.6384679586881
64,64,4096,1,m,n,n,32,32,32,5,1,1,1,2,30.453760623931885,1101.8157138081488
64,64,4096,1,m,n,n,32,32,32,5,1,1,1,4,18.96448016166687,1769.3304384806695
64,64,4096,1,m,n,n,32,32,32,5,1,1,1,8,14.704639911651611,2281.8941641278993
64,64,4096,1,m,n,n,32,32,32,5,1,1,1,16,14.520319700241089,2310.8604144193105
64,64,4096,1,m,n,n,32,32,32,5,1,1,1,32,19.94752049446106,1682.1354819170256
64,64,4096,1,m,n,n,32,32,32,5,2,2,1,1,23.859200477600098,1406.3519031789076
64,64,4096,1,m,n,n,32,32,32,5,2,2,1,2,15.9334397315979,2105.9126318755634
64,64,4096,1,m,n,n,32,32,32,5,2,2,1,4,15.33951997756958,2187.449936442954
64,64,4096,1,m,n,n,32,32,32,5,2,2,1,8,11.223039627075195,2989.7811212437578
64,64,4096,1,m,n,n,32,32,32,5,2,2,1,16,12.738560438156128,2634.0835106841096
64,64,4096,1,m,n,n,32,32,32,5,2,2,1,32,19.066879749298096,1759.828164922225
64,64,4096,1,m,n,n,32,32,32,6,1,1,1,1,51.797118186950684,647.8049971601203
64,64,4096,1,m,n,n,32,32,32,6,1,1,1,2,30.57663917541504,1097.3878393731134
64,64,4096,1,m,n,n,32,32,32,6,1,1,1,4,19.066879749298096,1759.828164922225
64,64,4096,1,m,n,n,32,32,32,6,1,1,1,8,14.786560535430908,2269.251995391244
64,64,4096,1,m,n,n,32,32,32,6,1,1,1,16,14.62272047996521,2294.6777958296743
64,64,4096,1,m,n,n,32,32,32,6,2,2,1,1,23.900160789489746,1403.9416845578623
64,64,4096,1,m,n,n,32,32,32,6,2,2,1,2,15.953919887542725,2103.209257444013
64,64,4096,1,m,n,n,32,32,32,6,2,2,1,4,12.06272006034851,2781.663823095515
64,64,4096,1,m,n,n,32,32,32,6,2,2,1,8,11.24351978302002,2984.3352124193316
64,64,4096,1,m,n,n,32,32,32,6,2,2,1,16,12.759040594100952,2629.8554152663833
64,64,4096,1,m,n,n,32,32,64,3,1,1,1,1,51.91999912261963,646.2718136946495
64,64,4096,1,m,n,n,32,32,64,3,1,1,1,2,29.122560024261475,1152.1800271695352
64,64,4096,1,m,n,n,32,32,64,3,1,1,1,4,18.513920307159424,1812.3893504621135
64,64,4096,1,m,n,n,32,32,64,3,1,1,1,8,15.175679922103882,2211.066138204909
64,64,4096,1,m,n,n,32,32,64,3,1,1,1,16,14.725120067596436,2278.7204346020017
64,64,4096,1,m,n,n,32,32,64,3,1,1,1,32,20.211200714111328,1660.1899350082906
64,64,4096,1,m,n,n,32,32,64,3,2,2,1,1,21.708800792694092,1545.660320918899
64,64,4096,1,m,n,n,32,32,64,3,2,2,1,2,15.646719932556154,2144.502627044742
64,64,4096,1,m,n,n,32,32,64,3,2,2,1,4,11.059199571609497,3034.0741916023376
64,64,4096,1,m,n,n,32,32,64,3,2,2,1,8,10.772479772567749,3114.8289630997283
64,64,4096,1,m,n,n,32,32,64,3,2,2,1,16,12.636159658432007,2655.4295693477884
64,64,4096,1,m,n,n,32,32,64,3,2,2,1,32,19.00544047355652,1765.517197388107
64,64,4096,1,m,n,n,32,32,64,4,1,1,1,1,51.819519996643066,647.5249481696029
64,64,4096,1,m,n,n,32,32,64,4,1,1,1,2,29.163520336151123,1150.561784490945
64,64,4096,1,m,n,n,32,32,64,4,1,1,1,4,18.472959995269775,1816.4079827267542
64,64,4096,1,m,n,n,32,32,64,4,1,1,1,8,14.62272047996521,2294.6777958296743
64,64,4096,1,m,n,n,32,32,64,4,1,1,1,16,14.74560022354126,2275.5555210584484
64,64,4096,1,m,n,n,32,32,64,4,2,2,1,1,21.811199188232422,1538.4038131247405
64,64,4096,1,m,n,n,32,32,64,4,2,2,1,2,15.052800178527832,2229.1156198209515
64,64,4096,1,m,n,n,32,32,64,4,2,2,1,4,11.694079637527466,2869.35210294964
64,64,4096,1,m,n,n,32,32,64,4,2,2,1,8,11.100159883499146,3022.8782605086685
64,64,4096,1,m,n,n,32,32,64,4,2,2,1,16,15.380480289459229,2181.6244596078063
64,64,4096,1,m,n,n,32,32,64,5,1,1,1,1,51.9539213180542,645.8498444147218
64,64,4096,1,m,n,n,32,32,64,5,1,1,1,2,29.3068790435791,1144.933650222694
64,64,4096,1,m,n,n,32,32,64,5,1,1,1,4,18.636800050735474,1800.4395555381745
64,64,4096,1,m,n,n,32,32,64,5,1,1,1,8,14.704639911651611,2281.8941641278993
64,64,4096,1,m,n,n,32,32,64,5,1,1,1,16,14.807039499282837,2266.113492952131
64,64,4096,1,m,n,n,32,32,64,5,2,2,1,1,21.910400390625,1531.4385589392168
64,64,4096,1,m,n,n,32,32,64,5,2,2,1,2,15.052800178527832,2229.1156198209515
64,64,4096,1,m,n,n,32,32,64,5,2,2,1,4,11.735039949417114,2859.336836059657
64,64,4096,1,m,n,n,32,32,64,5,2,2,1,8,11.12064003944397,3017.3112231836717
64,64,4096,1,m,n,n,32,32,64,5,2,2,1,16,12.963839769363403,2588.3096826988713
64,64,4096,1,m,n,n,32,32,64,6,1,1,1,1,52.1395206451416,643.5508340855187
64,64,4096,1,m,n,n,32,32,64,6,1,1,1,2,29.49120044708252,1137.7777605292242
64,64,4096,1,m,n,n,32,32,64,6,1,1,1,4,18.821120262145996,1782.8073745156607
64,64,4096,1,m,n,n,32,32,64,6,1,1,1,8,14.909440279006958,2250.5494084339225
64,64,4096,1,m,n,n,32,32,64,6,1,1,1,16,14.786560535430908,2269.251995391244
64,64,4096,1,m,n,n,32,32,64,6,2,2,1,1,21.934080123901367,1529.785238790846
64,64,4096,1,m,n,n,32,32,64,6,2,2,1,2,15.09376049041748,2223.0664135225
64,64,4096,1,m,n,n,32,32,64,6,2,2,1,4,15.460480451583862,2170.335657101942
64,64,4096,1,m,n,n,32,32,64,6,2,2,1,8,15.073280334472656,2226.086907125377
64,64,4096,1,m,n,n,32,32,128,3,1,1,1,1,51.44576072692871,652.229290147056
64,64,4096,1,m,n,n,32,32,128,3,1,1,1,2,30.08512020111084,1115.316534409627
64,64,4096,1,m,n,n,32,32,128,3,1,1,1,4,19.230719804763794,1744.8349484915261
64,64,4096,1,m,n,n,32,32,128,3,1,1,1,8,15.503360033035278,2164.3328883868185
64,64,4096,1,m,n,n,32,32,128,3,1,1,1,16,15.503360033035278,2164.3328883868185
64,64,4096,1,m,n,n,32,32,128,3,2,2,1,1,20.643839836120605,1625.3968382999021
64,64,4096,1,m,n,n,32,32,128,3,2,2,1,2,15.11423945426941,2220.0542807016122
64,64,4096,1,m,n,n,32,32,128,3,2,2,1,4,15.09376049041748,2223.0664135225
64,64,4096,1,m,n,n,32,32,128,3,2,2,1,8,11.141120195388794,3011.7646530631514
64,64,4096,1,m,n,n,32,32,128,3,2,2,1,16,13.004800081253052,2580.1574641943234
64,64,4096,1,m,n,n,32,32,128,4,1,1,1,1,51.773438453674316,648.1012851797304
64,64,4096,1,m,n,n,32,32,128,4,1,1,1,2,30.269439220428467,1108.525062378907
64,64,4096,1,m,n,n,32,32,128,4,1,1,1,4,19.374079704284668,1731.9239164985618
64,64,4096,1,m,n,n,32,32,128,4,1,1,1,8,15.421439409255981,2175.830096629019
64,64,4096,1,m,n,n,32,32,128,4,1,1,1,16,15.21664023399353,2205.1143671676205
64,64,4096,1,m,n,n,32,32,128,4,2,2,1,1,20.787200927734375,1614.1871200769283
64,64,4096,1,m,n,n,32,32,128,4,2,2,1,2,13.783040046691895,2434.472502897029
64,64,4096,1,m,n,n,32,32,128,4,2,2,1,4,11.386879682540894,2946.762672081962
64,64,4096,1,m,n,n,32,32,128,4,2,2,1,8,11.141120195388794,3011.7646530631514
64,64,4096,1,m,n,n,32,32,128,5,1,1,1,1,52.081918716430664,644.2625929872729
64,64,4096,1,m,n,n,32,32,128,5,1,1,1,2,30.57663917541504,1097.3878393731134
64,64,4096,1,m,n,n,32,32,128,5,1,1,1,4,19.701759815216064,1703.1185190921492
64,64,4096,1,m,n,n,32,32,128,5,1,1,1,8,15.7695996761322,2127.7922514916927
64,64,4096,1,m,n,n,32,32,128,5,1,1,1,16,15.355520248413086,2185.1706394296657
64,64,4096,1,m,n,n,32,32,128,5,2,2,1,1,20.951039791107178,1601.5640433389099
64,64,4096,1,m,n,n,32,32,128,5,2,2,1,2,13.926399946212769,2409.4117740116317
64,64,4096,1,m,n,n,32,32,128,5,2,2,1,4,11.46880030632019,2925.7142075713823
64,64,4096,1,m,n,n,32,32,128,5,2,2,1,8,15.27616024017334,2196.5226517955966
64,64,4096,1,m,n,n,32,32,128,6,1,1,1,1,52.408318519592285,640.2501157799222
64,64,4096,1,m,n,n,32,32,128,6,1,1,1,2,30.904319286346436,1085.7521788167776
64,64,4096,1,m,n,n,32,32,128,6,1,1,1,4,20.049920082092285,1673.5444262428434
64,64,4096,1,m,n,n,32,32,128,6,1,1,1,8,15.892479419708252,2111.3402832782135
64,64,4096,1,m,n,n,32,32,128,6,1,1,1,16,15.523840188980103,2161.4775462465313
64,64,4096,1,m,n,n,32,32,128,6,2,2,1,1,21.094400882720947,1590.6795450865561
64,64,4096,1,m,n,n,32,32,128,6,2,2,1,2,14.15168046951294,2371.056361277132
64,64,4096,1,m,n,n,32,32,128,6,2,2,1,4,11.550719738006592,2904.9646048974937
64,64,4096,1,m,n,n,32,32,128,6,2,2,1,8,11.161600351333618,3006.2384374827416
64,64,4096,1,m,n,n,32,32,256,3,1,1,1,1,51.05663776397705,657.2001892313068
64,64,4096,1,m,n,n,32,32,256,3,1,1,1,2,31.047680377960205,1080.7387731232657
64,64,4096,1,m,n,n,32,32,256,3,1,1,1,4,20.357120037078857,1648.2897354283562
64,64,4096,1,m,n,n,32,32,256,3,1,1,1,8,16.40447974205017,2045.4432281682646
64,64,4096,1,m,n,n,32,32,256,3,2,2,1,1,21.442561149597168,1564.8518740789682
64,64,4096,1,m,n,n,32,32,256,3,2,2,1,2,14.909440279006958,2250.5494084339225
64,64,4096,1,m,n,n,32,32,256,3,2,2,1,4,15.175679922103882,2211.066138204909
64,64,4096,1,m,n,n,32,32,256,3,2,2,1,8,15.11423945426941,2220.0542807016122
64,64,4096,1,m,n,n,32,64,16,3,1,1,1,1,95.64160346984863,350.83510504482666
64,64,4096,1,m,n,n,32,64,16,3,1,1,1,2,52.305917739868164,641.5035516033863
64,64,4096,1,m,n,n,32,64,16,3,1,1,1,4,30.04415988922119,1116.8370865992554
64,64,4096,1,m,n,n,32,64,16,3,1,1,1,8,20.723841190338135,1619.122231820795
64,64,4096,1,m,n,n,32,64,16,3,1,1,1,16,17.100800275802612,1962.1556569770037
64,64,4096,1,m,n,n,32,64,16,3,1,1,1,32,21.073920726776123,1592.2254067021508
64,64,4096,1,m,n,n,32,64,16,3,1,1,1,64,32.64512062072754,1027.8544346592216
64,64,4096,1,m,n,n,32,64,16,3,1,1,1,128,66.39935970306396,505.34270435821156
64,64,4096,1,m,n,n,32,64,16,4,1,1,1,1,83.82464408874512,400.2931639587511
64,64,4096,1,m,n,n,32,64,16,4,1,1,1,2,45.895681381225586,731.1021645214317
64,64,4096,1,m,n,n,32,64,16,4,1,1,1,4,30.105600357055664,1114.5578099104757
64,64,4096,1,m,n,n,32,64,16,4,1,1,1,8,20.828158855438232,1611.0128712235617
64,64,4096,1,m,n,n,32,64,16,4,1,1,1,16,17.121280431747437,1959.8085630196854
64,64,4096,1,m,n,n,32,64,16,4,1,1,1,32,21.11488103866577,1589.1366822552684
64,64,4096,1,m,n,n,32,64,16,4,1,1,1,64,32.624640464782715,1028.4996714744173
64,64,4096,1,m,n,n,32,64,16,5,1,1,1,1,83.91103744506836,399.88102902393643
64,64,4096,1,m,n,n,32,64,16,5,1,1,1,2,45.97760200500488,729.7995227403866
64,64,4096,1,m,n,n,32,64,16,5,1,1,1,4,30.208001136779785,1110.7796192163726
64,64,4096,1,m,n,n,32,64,16,5,1,1,1,8,20.951039791107178,1601.5640433389099
64,64,4096,1,m,n,n,32,64,16,5,1,1,1,16,17.26464033126831,1943.5349567768837
64,64,4096,1,m,n,n,32,64,16,5,1,1,1,32,21.25823974609375,1578.4200573881337
64,64,4096,1,m,n,n,32,64,16,5,1,1,1,64,32.68608093261719,1026.5663867495443
64,64,4096,1,m,n,n,32,64,16,6,1,1,1,1,84.00832176208496,399.4179540335009
64,64,4096,1,m,n,n,32,64,16,6,1,1,1,2,46.100478172302246,727.8543158400454
64,64,4096,1,m,n,n,32,64,16,6,1,1,1,4,30.33087968826294,1106.279552220982
64,64,4096,1,m,n,n,32,64,16,6,1,1,1,8,20.992000102996826,1598.439016547535
64,64,4096,1,m,n,n,32,64,16,6,1,1,1,16,17.38752007484436,1929.7997561219408
64,64,4096,1,m,n,n,32,64,16,6,1,1,1,32,21.2992000579834,1575.3846110959025
64,64,4096,1,m,n,n,32,64,32,3,1,1,1,1,87.59103775024414,383.0806537042823
64,64,4096,1,m,n,n,32,64,32,3,1,1,1,2,47.964158058166504,699.5730428397864
64,64,4096,1,m,n,n,32,64,32,3,1,1,1,4,31.39584064483643,1068.7540550222084
64,64,4096,1,m,n,n,32,64,32,3,1,1,1,8,21.565439701080322,1555.9354441689907
64,64,4096,1,m,n,n,32,64,32,3,1,1,1,16,17.838079929351807,1881.0562646256337
64,64,4096,1,m,n,n,32,64,32,3,1,1,1,32,21.50399923324585,1560.3810080184437
64,64,4096,1,m,n,n,32,64,32,3,1,1,1,64,33.075199127197266,1014.4891908574684
64,64,4096,1,m,n,n,32,64,32,3,2,2,1,1,34.9183988571167,960.9384478739147
64,64,4096,1,m,n,n,32,64,32,3,2,2,1,2,21.544959545135498,1557.4144815498641
64,64,4096,1,m,n,n,32,64,32,3,2,2,1,4,15.621119737625122,2148.01707967071
64,64,4096,1,m,n,n,32,64,32,3,2,2,1,8,15.319039821624756,2190.3743570555703
64,64,4096,1,m,n,n,32,64,32,3,2,2,1,16,15.380480289459229,2181.6244596078063
64,64,4096,1,m,n,n,32,64,32,3,2,2,1,32,19.12832021713257,1754.175568952807
64,64,4096,1,m,n,n,32,64,32,3,2,2,1,64,31.8668794631958,1052.9563159377817
64,64,4096,1,m,n,n,32,64,32,4,1,1,1,1,100.12672424316406,335.1196421697663
64,64,4096,1,m,n,n,32,64,32,4,1,1,1,2,54.86591815948486,611.5715024118178
64,64,4096,1,m,n,n,32,64,32,4,1,1,1,4,31.51871919631958,1064.5874215573497
64,64,4096,1,m,n,n,32,64,32,4,1,1,1,8,21.667840480804443,1548.582196261132
64,64,4096,1,m,n,n,32,64,32,4,1,1,1,16,17.756160497665405,1889.7346644513473
64,64,4096,1,m,n,n,32,64,32,4,1,1,1,32,21.667840480804443,1548.582196261132
64,64,4096,1,m,n,n,32,64,32,4,2,2,1,1,35.01888036727905,958.1811767846409
64,64,4096,1,m,n,n,32,64,32,4,2,2,1,2,21.15583896636963,1586.0600968526842
64,64,4096,1,m,n,n,32,64,32,4,2,2,1,4,15.441919565200806,2172.944358265971
64,64,4096,1,m,n,n,32,64,32,4,2,2,1,8,13.455359935760498,2493.759524843473
64,64,4096,1,m,n,n,32,64,32,4,2,2,1,16,13.434879779815674,2497.561016542298
64,64,4096,1,m,n,n,32,64,32,4,2,2,1,32,19.271680116653442,1741.1264506722614
64,64,4096,1,m,n,n,32,64,32,5,1,1,1,1,100.29055595397949,334.5722005509391
64,64,4096,1,m,n,n,32,64,32,5,1,1,1,2,54.927358627319336,610.887412731166
64,64,4096,1,m,n,n,32,64,32,5,1,1,1,4,31.641600131988522,1060.453070010125
64,64,4096,1,m,n,n,32,64,32,5,1,1,1,8,21.770238876342773,1541.2982921589735
64,64,4096,1,m,n,n,32,64,32,5,1,1,1,16,17.879040241241455,1876.7468246198268
64,64,4096,1,m,n,n,32,64,32,5,1,1,1,32,21.790719032287598,1539.849692443923
64,64,4096,1,m,n,n,32,64,32,5,2,2,1,1,35.06175994873047,957.0093471937925
64,64,4096,1,m,n,n,32,64,32,5,2,2,1,2,21.278719902038574,1576.9008734771387
64,64,4096,1,m,n,n,32,64,32,5,2,2,1,4,15.708160400390625,2136.1146782767496
64,64,4096,1,m,n,n,32,64,32,5,2,2,1,8,15.441919565200806,2172.944358265971
64,64,4096,1,m,n,n,32,64,32,5,2,2,1,16,13.434879779815674,2497.561016542298
64,64,4096,1,m,n,n,32,64,32,5,2,2,1,32,19.292160272598267,1739.278107058816
64,64,4096,1,m,n,n,32,64,32,6,1,1,1,1,100.45696258544922,334.0179827899776
64,64,4096,1,m,n,n,32,64,32,6,1,1,1,2,55.09119987487793,609.0706333535697
64,64,4096,1,m,n,n,32,64,32,6,1,1,1,4,31.84639930725098,1053.633463433969
64,64,4096,1,m,n,n,32,64,32,6,1,1,1,8,21.95456027984619,1528.35818947384
64,64,4096,1,m,n,n,32,64,32,6,1,1,1,16,18.06015968322754,1857.925543768142
64,64,4096,1,m,n,n,32,64,32,6,1,1,1,32,21.872639656066895,1534.0824211261986
64,64,4096,1,m,n,n,32,64,32,6,2,2,1,1,35.06175994873047,957.0093471937925
64,64,4096,1,m,n,n,32,64,32,6,2,2,1,2,21.278719902038574,1576.9008734771387
64,64,4096,1,m,n,n,32,64,32,6,2,2,1,4,16.814080476760864,1995.6150469468948
64,64,4096,1,m,n,n,32,64,32,6,2,2,1,8,13.496320247650146,2486.191153165781
64,64,4096,1,m,n,n,32,64,32,6,2,2,1,16,15.278079509735107,2196.246719269873
64,64,4096,1,m,n,n,32,64,64,3,1,1,1,1,88.84223937988281,377.6855720230525
64,64,4096,1,m,n,n,32,64,64,3,1,1,1,2,49.500160217285156,677.8651190765843
64,64,4096,1,m,n,n,32,64,64,3,1,1,1,4,29.020159244537354,1156.2456193728904
64,64,4096,1,m,n,n,32,64,64,3,1,1,1,8,20.66431999206543,1623.7859272835517
64,64,4096,1,m,n,n,32,64,64,3,1,1,1,16,17.489919662475586,1918.5012079838555
64,64,4096,1,m,n,n,32,64,64,3,1,1,1,32,21.708800792694092,1545.660320918899
64,64,4096,1,m,n,n,32,64,64,3,2,2,1,1,33.68959903717041,995.9878704100552
64,64,4096,1,m,n,n,32,64,64,3,2,2,1,2,18.882559537887573,1777.0065510808283
64,64,4096,1,m,n,n,32,64,64,3,2,2,1,4,14.438400268554688,2323.9715879797304
64,64,4096,1,m,n,n,32,64,64,3,2,2,1,8,13.16864013671875,2548.05596110403
64,64,4096,1,m,n,n,32,64,64,3,2,2,1,16,15.383039712905884,2181.261481880522
64,64,4096,1,m,n,n,32,64,64,3,2,2,1,32,19.496959447860718,1721.0084520990129
64,64,4096,1,m,n,n,32,64,64,4,1,1,1,1,89.64032173156738,374.32297599823994
64,64,4096,1,m,n,n,32,64,64,4,1,1,1,2,49.11104202270508,683.2360018850155
64,64,4096,1,m,n,n,32,64,64,4,1,1,1,4,28.99967908859253,1157.0621832570264
64,64,4096,1,m,n,n,32,64,64,4,1,1,1,8,20.725760459899902,1618.9722960911831
64,64,4096,1,m,n,n,32,64,64,4,1,1,1,16,17.71199941635132,1894.4463135552787
64,64,4096,1,m,n,n,32,64,64,4,2,2,1,1,33.99679899215698,986.9879810667165
64,64,4096,1,m,n,n,32,64,64,4,2,2,1,2,18.984960317611694,1767.4217611544182
64,64,4096,1,m,n,n,32,64,64,4,2,2,1,4,14.561280012130737,2304.3600543390703
64,64,4096,1,m,n,n,32,64,64,4,2,2,1,8,15.33951997756958,2187.449936442954
64,64,4096,1,m,n,n,32,64,64,4,2,2,1,16,13.598719835281372,2467.4699094060516
64,64,4096,1,m,n,n,32,64,64,5,1,1,1,1,89.94815826416016,373.04190155241645
64,64,4096,1,m,n,n,32,64,64,5,1,1,1,2,49.45919990539551,678.4265023328763
64,64,4096,1,m,n,n,32,64,64,5,1,1,1,4,29.34783935546875,1143.3356845653916
64,64,4096,1,m,n,n,32,64,64,5,1,1,1,8,21.04896068572998,1594.1134814674263
64,64,4096,1,m,n,n,32,64,64,5,1,1,1,16,17.920000553131104,1872.4570850605887
64,64,4096,1,m,n,n,32,64,64,5,2,2,1,1,34.03775930404663,985.800260830061
64,64,4096,1,m,n,n,32,64,64,5,2,2,1,2,19.066879749298096,1759.828164922225
64,64,4096,1,m,n,n,32,64,64,5,2,2,1,4,14.684159755706787,2285.076746523379
64,64,4096,1,m,n,n,32,64,64,5,2,2,1,8,13.332480192184448,2516.7434353039384
64,64,4096,1,m,n,n,32,64,64,5,2,2,1,16,13.63968014717102,2460.0600335162153
64,64,4096,1,m,n,n,32,64,64,6,1,1,1,1,90.29631614685059,371.60355407445195
64,64,4096,1,m,n,n,32,64,64,6,1,1,1,2,49.82783794403076,673.4073438564623
64,64,4096,1,m,n,n,32,64,64,6,1,1,1,4,29.675519466400146,1130.710855390138
64,64,4096,1,m,n,n,32,64,64,6,1,1,1,8,21.381120681762695,1569.348608963266
64,64,4096,1,m,n,n,32,64,64,6,1,1,1,16,18.124799728393555,1851.2994627706164
64,64,4096,1,m,n,n,32,64,64,6,2,2,1,1,34.01727914810181,986.3937634139786
64,64,4096,1,m,n,n,32,64,64,6,2,2,1,2,19.292160272598267,1739.278107058816
64,64,4096,1,m,n,n,32,64,64,6,2,2,1,4,14.86847996711731,2256.749316285726
64,64,4096,1,m,n,n,32,64,64,6,2,2,1,8,13.51680040359497,2482.42416830212
64,64,4096,1,m,n,n,32,64,64,6,2,2,1,16,15.257600545883179,2199.194552190167
64,64,4096,1,m,n,n,32,64,128,3,1,1,1,1,90.84927558898926,369.3417672563889
64,64,4096,1,m,n,n,32,64,128,3,1,1,1,2,50.81088066101074,660.3788708930543
64,64,4096,1,m,n,n,32,64,128,3,1,1,1,4,30.146560668945312,1113.0434535626885
64,64,4096,1,m,n,n,32,64,128,3,1,1,1,8,21.790719032287598,1539.849692443923
64,64,4096,1,m,n,n,32,64,128,3,1,1,1,16,18.595839738845825,1804.4053116841174
64,64,4096,1,m,n,n,32,64,128,3,2,2,1,1,34.14016008377075,982.8434289021044
64,64,4096,1,m,n,n,32,64,128,3,2,2,1,2,19.804160594940186,1694.312255202218
64,64,4096,1,m,n,n,32,64,128,3,2,2,1,4,15.544320344924927,2158.6297281215775
64,64,4096,1,m,n,n,32,64,128,3,2,2,1,8,13.88543963432312,2416.5192376809964
64,64,4096,1,m,n,n,32,64,128,3,2,2,1,16,14.090240001678467,2381.395348553531
64,64,4096,1,m,n,n,32,64,128,4,1,1,1,1,91.42271995544434,367.02508978460764
64,64,4096,1,m,n,n,32,64,128,4,1,1,1,2,51.28191947937012,654.3131056843222
64,64,4096,1,m,n,n,32,64,128,4,1,1,1,4,30.78144073486328,1090.0864676550377
64,64,4096,1,m,n,n,32,64,128,4,1,1,1,8,22.20031976699829,1511.4391302543343
64,64,4096,1,m,n,n,32,64,128,4,1,1,1,16,18.718719482421875,1792.5602246195233
64,64,4096,1,m,n,n,32,64,128,4,2,2,1,1,33.89823913574219,989.8576697637466
64,64,4096,1,m,n,n,32,64,128,4,2,2,1,2,19.94752049446106,1682.1354819170256
64,64,4096,1,m,n,n,32,64,128,4,2,2,1,4,15.544320344924927,2158.6297281215775
64,64,4096,1,m,n,n,32,64,128,4,2,2,1,8,14.008320569992065,2395.3215399623746
64,64,4096,1,m,n,n,64,16,16,3,1,1,1,1,63.7337589263916,526.4781579688909
64,64,4096,1,m,n,n,64,16,16,3,1,1,1,2,35.16416072845459,954.2224613041309
64,64,4096,1,m,n,n,64,16,16,3,1,1,1,4,21.340160369873047,1572.3608172771953
64,64,4096,1,m,n,n,64,16,16,3,1,1,1,8,16.061439514160156,2089.129804985263
64,64,4096,1,m,n,n,64,16,16,3,1,1,1,16,15.052800178527832,2229.1156198209515
64,64,4096,1,m,n,n,64,16,16,3,1,1,1,32,19.96799945831299,1680.4103019960153
64,64,4096,1,m,n,n,64,16,16,3,1,1,1,64,31.109120845794678,1078.6043156387004
64,64,4096,1,m,n,n,64,16,16,3,1,1,1,128,64.88192081451416,517.1615078401599
64,64,4096,1,m,n,n,64,16,16,4,1,1,1,1,64.3891191482544,521.1195997687394
64,64,4096,1,m,n,n,64,16,16,4,1,1,1,2,35.16416072845459,954.2224613041309
64,64,4096,1,m,n,n,64,16,16,4,1,1,1,4,21.422080993652344,1566.3479196975607
64,64,4096,1,m,n,n,64,16,16,4,1,1,1,8,15.93024015426636,2106.335602920187
64,64,4096,1,m,n,n,64,16,16,4,1,1,1,16,15.09376049041748,2223.0664135225
64,64,4096,1,m,n,n,64,16,16,4,1,1,1,32,19.94752049446106,1682.1354819170256
64,64,4096,1,m,n,n,64,16,16,4,1,1,1,64,31.191039085388184,1075.771535156037
64,64,4096,1,m,n,n,64,16,16,5,1,1,1,1,64.44799900054932,520.6435036053485
64,64,4096,1,m,n,n,64,16,16,5,1,1,1,2,35.30751943588257,950.3480430261855
64,64,4096,1,m,n,n,64,16,16,5,1,1,1,4,21.50399923324585,1560.3810080184437
64,64,4096,1,m,n,n,64,16,16,5,1,1,1,8,15.96992015838623,2101.102051056885
64,64,4096,1,m,n,n,64,16,16,5,1,1,1,16,15.134719610214233,2217.050124757814
64,64,4096,1,m,n,n,64,16,16,5,1,1,1,32,19.988479614257812,1678.6885569858734
64,64,4096,1,m,n,n,64,16,16,5,1,1,1,64,31.252479553222656,1073.6566339594635
64,64,4096,1,m,n,n,64,16,16,6,1,1,1,1,64.55296039581299,519.7969511275334
64,64,4096,1,m,n,n,64,16,16,6,1,1,1,2,35.389440059661865,948.1481465496971
64,64,4096,1,m,n,n,64,16,16,6,1,1,1,4,21.60640001296997,1552.9857810582894
64,64,4096,1,m,n,n,64,16,16,6,1,1,1,8,16.03584051132202,2092.464811951021
64,64,4096,1,m,n,n,64,16,16,6,1,1,1,16,15.21664023399353,2205.1143671676205
64,64,4096,1,m,n,n,64,16,16,6,1,1,1,32,20.254719257354736,1656.6229121055812
64,64,4096,1,m,n,n,64,16,32,3,1,1,1,1,59.1871976852417,566.9204373966634
64,64,4096,1,m,n,n,64,16,32,3,1,1,1,2,32.93184041976929,1018.9054596492265
64,64,4096,1,m,n,n,64,16,32,3,1,1,1,4,20.336639881134033,1649.9496571765476
64,64,4096,1,m,n,n,64,16,32,3,1,1,1,8,15.523840188980103,2161.4775462465313
64,64,4096,1,m,n,n,64,16,32,3,1,1,1,16,15.052800178527832,2229.1156198209515
64,64,4096,1,m,n,n,64,16,32,3,1,1,1,32,20.254719257354736,1656.6229121055812
64,64,4096,1,m,n,n,64,16,32,3,1,1,1,64,31.580159664154056,1062.5162240103205
64,64,4096,1,m,n,n,64,16,32,4,1,1,1,1,59.98591899871826,559.3718085858944
64,64,4096,1,m,n,n,64,16,32,4,1,1,1,2,33.05471897125244,1015.1177515434986
64,64,4096,1,m,n,n,64,16,32,4,1,1,1,4,20.37760019302368,1646.6331502316666
64,64,4096,1,m,n,n,64,16,32,4,1,1,1,8,15.564800500869751,2155.789404311671
64,64,4096,1,m,n,n,64,16,32,4,1,1,1,16,15.421439409255981,2175.830096629019
64,64,4096,1,m,n,n,64,16,32,4,1,1,1,32,20.254719257354736,1656.6229121055812
64,64,4096,1,m,n,n,64,16,32,5,1,1,1,1,60.149760246276855,557.8481420809479
64,64,4096,1,m,n,n,64,16,32,5,1,1,1,2,33.218560218811035,1010.1109674524296
64,64,4096,1,m,n,n,64,16,32,5,1,1,1,4,20.541439056396484,1633.4995765328986
64,64,4096,1,m,n,n,64,16,32,5,1,1,1,8,15.687680244445799,2138.9033609274325
64,64,4096,1,m,n,n,64,16,32,5,1,1,1,16,15.196160078048706,2208.086242028363
64,64,4096,1,m,n,n,64,16,32,5,1,1,1,32,20.295679569244385,1653.2795507299804
64,64,4096,1,m,n,n,64,16,32,6,1,1,1,1,60.31360149383545,556.332753623236
64,64,4096,1,m,n,n,64,16,32,6,1,1,1,2,33.38239908218384,1005.1534018688302
64,64,4096,1,m,n,n,64,16,32,6,1,1,1,4,20.746240615844727,1617.3740882178506
64,64,4096,1,m,n,n,64,16,32,6,1,1,1,8,15.892479419708252,2111.3402832782135
64,64,4096,1,m,n,n,64,16,32,6,1,1,1,16,15.380480289459229,2181.6244596078063
64,64,4096,1,m,n,n,64,16,64,3,1,1,1,1,58.25024127960205,576.0393650377896
64,64,4096,1,m,n,n,64,16,64,3,1,1,1,2,33.28000068664551,1008.2461330436397
64,64,4096,1,m,n,n,64,16,64,3,1,1,1,4,20.848639011383057,1609.4303317199633
64,64,4096,1,m,n,n,64,16,64,3,1,1,1,8,16.05631947517395,2089.7959866756128
64,64,4096,1,m,n,n,64,16,64,3,1,1,1,16,15.687680244445799,2138.9033609274325
64,64,4096,1,m,n,n,64,16,64,3,1,1,1,32,21.01248025894165,1596.881071939199
64,64,4096,1,m,n,n,64,16,64,4,1,1,1,1,57.21856117248535,586.4256512646335
64,64,4096,1,m,n,n,64,16,64,4,1,1,1,2,33.62816095352173,997.8075234734474
64,64,4096,1,m,n,n,64,16,64,4,1,1,1,4,21.094400882720947,1590.6795450865561
64,64,4096,1,m,n,n,64,16,64,4,1,1,1,8,16.22015953063965,2068.686928548154
64,64,4096,1,m,n,n,64,16,64,4,1,1,1,16,15.749119520187378,2130.5592326599335
64,64,4096,1,m,n,n,64,16,64,5,1,1,1,1,57.487359046936035,583.6836576994989
64,64,4096,1,m,n,n,64,16,64,5,1,1,1,2,33.9353609085083,988.7748679162332
64,64,4096,1,m,n,n,64,16,64,5,1,1,1,4,21.422080993652344,1566.3479196975607
64,64,4096,1,m,n,n,64,16,64,5,1,1,1,8,16.56831979751587,2025.2163411905474
64,64,4096,1,m,n,n,64,16,64,5,1,1,1,16,16.05952024459839,2089.379476406589
64,64,4096,1,m,n,n,64,16,64,6,1,1,1,1,57.75360107421875,580.9928969949326
64,64,4096,1,m,n,n,64,16,64,6,1,1,1,2,34.303998947143555,978.1492837526464
64,64,4096,1,m,n,n,64,16,64,6,1,1,1,4,21.74976110458374,1542.749450840103
64,64,4096,1,m,n,n,64,16,64,6,1,1,1,8,17.03935980796814,1969.2307914238008
64,64,4096,1,m,n,n,64,16,64,6,1,1,1,16,16.22015953063965,2068.686928548154
64,64,4096,1,m,n,n,64,16,128,3,1,1,1,1,55.1526403427124,608.3921239581002
64,64,4096,1,m,n,n,64,16,128,3,1,1,1,2,33.48479986190796,1002.0795148359616
64,64,4096,1,m,n,n,64,16,128,3,1,1,1,4,21.544959545135498,1557.4144815498641
64,64,4096,1,m,n,n,64,16,128,3,1,1,1,8,16.91648006439209,1983.535101408569
64,64,4096,1,m,n,n,64,16,128,3,1,1,1,16,16.69119954109192,2010.3068037376604
64,64,4096,1,m,n,n,64,16,128,4,1,1,1,1,55.808000564575195,601.2477003395653
64,64,4096,1,m,n,n,64,16,128,4,1,1,1,2,33.955841064453125,988.1784973698283
64,64,4096,1,m,n,n,64,16,128,4,1,1,1,4,22.118399143218994,1517.0370958011688
64,64,4096,1,m,n,n,64,16,128,4,1,1,1,8,17.817599773406982,1883.2184147541839
64,64,4096,1,m,n,n,64,16,128,4,1,1,1,16,17.100800275802612,1962.1556569770037
64,64,4096,1,m,n,n,64,32,16,3,1,1,1,1,99.3075180053711,337.88410660092416
64,64,4096,1,m,n,n,64,32,16,3,1,1,1,2,53.41184139251709,628.2208425171599
64,64,4096,1,m,n,n,64,32,16,3,1,1,1,4,30.617599487304688,1095.9197507927765
64,64,4096,1,m,n,n,64,32,16,3,1,1,1,8,21.729280948638916,1544.2035141113029
64,64,4096,1,m,n,n,64,32,16,3,1,1,1,16,17.244160175323486,1945.8432106201747
64,64,4096,1,m,n,n,64,32,16,3,1,1,1,32,20.91007947921753,1604.7013132278937
64,64,4096,1,m,n,n,64,32,16,3,1,1,1,64,32.76799917221069,1024.0000258684165
64,64,4096,1,m,n,n,64,32,16,3,1,1,1,128,66.33471965789795,505.8351369094079
64,64,4096,1,m,n,n,64,32,16,3,2,2,1,1,46.59200191497803,720.1757945758752
64,64,4096,1,m,n,n,64,32,16,3,2,2,1,2,26.746881008148193,1254.517563740533
64,64,4096,1,m,n,n,64,32,16,3,2,2,1,4,18.20672035217285,1842.9695931478127
64,64,4096,1,m,n,n,64,32,16,3,2,2,1,8,15.872000455856321,2114.0644554114388
64,64,4096,1,m,n,n,64,32,16,3,2,2,1,16,13.905919790267944,2412.96027203343
64,64,4096,1,m,n,n,64,32,16,3,2,2,1,32,19.230719804763794,1744.8349484915261
64,64,4096,1,m,n,n,64,32,16,3,2,2,1,64,31.805438995361328,1054.9903745989407
64,64,4096,1,m,n,n,64,32,16,3,2,2,1,128,66.211838722229,506.7739039957354
64,64,4096,1,m,n,n,64,32,16,4,1,1,1,1,99.51231956481934,337.1887234338222
64,64,4096,1,m,n,n,64,32,16,4,1,1,1,2,53.55519771575928,626.5392236639282
64,64,4096,1,m,n,n,64,32,16,4,1,1,1,4,30.658559799194336,1094.4555849907133
64,64,4096,1,m,n,n,64,32,16,4,1,1,1,8,21.11488103866577,1589.1366822552684
64,64,4096,1,m,n,n,64,32,16,4,1,1,1,16,17.285120487213135,1941.2321727709261
64,64,4096,1,m,n,n,64,32,16,4,1,1,1,32,20.971519947052002,1600.000004039612
64,64,4096,1,m,n,n,64,32,16,4,1,1,1,64,32.80895948410034,1022.7216140841323
64,64,4096,1,m,n,n,64,32,16,4,2,2,1,1,43.233280181884766,776.1250559484424
64,64,4096,1,m,n,n,64,32,16,4,2,2,1,2,28.815360069274902,1164.463394499736
64,64,4096,1,m,n,n,64,32,16,4,2,2,1,4,19.08735990524292,1757.9399228901877
64,64,4096,1,m,n,n,64,32,16,4,2,2,1,8,15.155199766159058,2214.0540882163546
64,64,4096,1,m,n,n,64,32,16,4,2,2,1,16,14.192639589309692,2364.2136326264617
64,64,4096,1,m,n,n,64,32,16,4,2,2,1,32,19.374079704284668,1731.9239164985618
64,64,4096,1,m,n,n,64,32,16,4,2,2,1,64,31.969280242919922,1049.5835922809408
64,64,4096,1,m,n,n,64,32,16,5,1,1,1,1,99.55327987670898,337.04999013146767
64,64,4096,1,m,n,n,64,32,16,5,1,1,1,2,53.5756778717041,626.2997190693824
64,64,4096,1,m,n,n,64,32,16,5,1,1,1,4,30.760960578918457,1090.8122298039032
64,64,4096,1,m,n,n,64,32,16,5,1,1,1,8,21.15583896636963,1586.0600968526842
64,64,4096,1,m,n,n,64,32,16,5,1,1,1,16,17.38752007484436,1929.7997561219408
64,64,4096,1,m,n,n,64,32,16,5,1,1,1,32,20.992000102996826,1598.439016547535
64,64,4096,1,m,n,n,64,32,16,5,1,1,1,64,32.829439640045166,1022.0836044691573
64,64,4096,1,m,n,n,64,32,16,5,2,2,1,1,43.233280181884766,776.1250559484424
64,64,4096,1,m,n,n,64,32,16,5,2,2,1,2,28.815360069274902,1164.463394499736
64,64,4096,1,m,n,n,64,32,16,5,2,2,1,4,19.08735990524292,1757.9399228901877
64,64,4096,1,m,n,n,64,32,16,5,2,2,1,8,15.175679922103882,2211.066138204909
64,64,4096,1,m,n,n,64,32,16,5,2,2,1,16,14.213119745254517,2360.8069587398763
64,64,4096,1,m,n,n,64,32,16,5,2,2,1,32,19.374079704284668,1731.9239164985618
64,64,4096,1,m,n,n,64,32,16,5,2,2,1,64,31.969280242919922,1049.5835922809408
64,64,4096,1,m,n,n,64,32,16,6,1,1,1,1,99.69663619995117,336.5653373971753
64,64,4096,1,m,n,n,64,32,16,6,1,1,1,2,53.71903896331787,624.6283002738135
64,64,4096,1,m,n,n,64,32,16,6,1,1,1,4,30.904319286346436,1085.7521788167776
64,64,4096,1,m,n,n,64,32,16,6,1,1,1,8,21.2992000579834,1575.3846110959025
64,64,4096,1,m,n,n,64,32,16,6,1,1,1,16,17.42848038673401,1925.2643521084344
64,64,4096,1,m,n,n,64,32,16,6,1,1,1,32,21.094400882720947,1590.6795450865561
64,64,4096,1,m,n,n,64,32,16,6,2,2,1,1,43.35616111755371,773.9253461352864
64,64,4096,1,m,n,n,64,32,16,6,2,2,1,2,28.835840225219727,1163.6363545478869
64,64,4096,1,m,n,n,64,32,16,6,2,2,1,4,19.189759492874146,1748.5592777991815
64,64,4096,1,m,n,n,64,32,16,6,2,2,1,8,15.564800500869751,2155.789404311671
64,64,4096,1,m,n,n,64,32,16,6,2,2,1,16,14.23359990119934,2357.410088306098
64,64,4096,1,m,n,n,64,32,16,6,2,2,1,32,19.394559860229492,1730.0950494270696
64,64,4096,1,m,n,n,64,32,32,3,1,1,1,1,95.72352409362793,350.53485877912465
64,64,4096,1,m,n,n,64,32,32,3,1,1,1,2,52.797441482543945,635.5314018595743
64,64,4096,1,m,n,n,64,32,32,3,1,1,1,4,30.494720935821533,1100.3357620690435
64,64,4096,1,m,n,n,64,32,32,3,1,1,1,8,21.15583896636963,1586.0600968526842
64,64,4096,1,m,n,n,64,32,32,3,1,1,1,16,17.530879974365234,1914.018694387585
64,64,4096,1,m,n,n,64,32,32,3,1,1,1,32,21.278719902038574,1576.9008734771387
64,64,4096,1,m,n,n,64,32,32,3,1,1,1,64,33.19808006286621,1010.7341128299882
64,64,4096,1,m,n,n,64,32,32,3,2,2,1,1,39.30367946624756,853.7224111247706
64,64,4096,1,m,n,n,64,32,32,3,2,2,1,2,21.60640001296997,1552.9857810582894
64,64,4096,1,m,n,n,64,32,32,3,2,2,1,4,15.626239776611328,2147.313267918927
64,64,4096,1,m,n,n,64,32,32,3,2,2,1,8,13.475840091705322,2489.969587918567
64,64,4096,1,m,n,n,64,32,32,3,2,2,1,16,13.475840091705322,2489.969587918567
64,64,4096,1,m,n,n,64,32,32,3,2,2,1,32,19.066879749298096,1759.828164922225
64,64,4096,1,m,n,n,64,32,32,3,2,2,1,64,31.84639930725098,1053.633463433969
64,64,4096,1,m,n,n,64,32,32,4,1,1,1,1,95.92831611633301,349.7865214198932
64,64,4096,1,m,n,n,64,32,32,4,1,1,1,2,52.85888195037842,634.7926925790715
64,64,4096,1,m,n,n,64,32,32,4,1,1,1,4,30.515201091766357,1099.5972760950835
64,64,4096,1,m,n,n,64,32,32,4,1,1,1,8,21.15583896636963,1586.0600968526842
64,64,4096,1,m,n,n,64,32,32,4,1,1,1,16,17.55136013031006,1911.7852833555432
64,64,4096,1,m,n,n,64,32,32,4,1,1,1,32,21.2992000579834,1575.3846110959025
64,64,4096,1,m,n,n,64,32,32,4,2,2,1,1,39.44256067276001,850.7163690103291
64,64,4096,1,m,n,n,64,32,32,4,2,2,1,2,22.855679988861084,1468.1003591384306
64,64,4096,1,m,n,n,64,32,32,4,2,2,1,4,16.465920209884644,2037.810919298453
64,64,4096,1,m,n,n,64,32,32,4,2,2,1,8,13.88543963432312,2416.5192376809964
64,64,4096,1,m,n,n,64,32,32,4,2,2,1,16,13.63968014717102,2460.0600335162153
64,64,4096,1,m,n,n,64,32,32,4,2,2,1,32,19.271680116653442,1741.1264506722614
64,64,4096,1,m,n,n,64,32,32,5,1,1,1,1,96.11264228820801,349.11569592876305
64,64,4096,1,m,n,n,64,32,32,5,1,1,1,2,53.04192066192627,632.6021301880481
64,64,4096,1,m,n,n,64,32,32,5,1,1,1,4,30.699520111083984,1092.9953262652227
64,64,4096,1,m,n,n,64,32,32,5,1,1,1,8,21.340160369873047,1572.3608172771953
64,64,4096,1,m,n,n,64,32,32,5,1,1,1,16,17.653759717941284,1900.696086052371
64,64,4096,1,m,n,n,64,32,32,5,1,1,1,32,21.40160083770752,1567.846828583046
64,64,4096,1,m,n,n,64,32,32,5,2,2,1,1,39.42399978637695,851.1168877287487
64,64,4096,1,m,n,n,64,32,32,5,2,2,1,2,22.896640300750732,1465.4740415736812
64,64,4096,1,m,n,n,64,32,32,5,2,2,1,4,16.32256031036377,2055.7088693184432
64,64,4096,1,m,n,n,64,32,32,5,2,2,1,8,13.926399946212769,2409.4117740116317
64,64,4096,1,m,n,n,64,32,32,5,2,2,1,16,15.319039821624756,2190.3743570555703
64,64,4096,1,m,n,n,64,32,32,5,2,2,1,32,19.251199960708618,1742.9787269616463
64,64,4096,1,m,n,n,64,32,32,6,1,1,1,1,96.2764835357666,348.5215783513174
64,64,4096,1,m,n,n,64,32,32,6,1,1,1,2,53.22751998901367,630.3963064017588
64,64,4096,1,m,n,n,64,32,32,6,1,1,1,4,30.842878818511963,1087.9150483145095
64,64,4096,1,m,n,n,64,32,32,6,1,1,1,8,21.483519077301025,1561.8685132201092
64,64,4096,1,m,n,n,64,32,32,6,1,1,1,16,17.87328004837036,1877.3516617650384
64,64,4096,1,m,n,n,64,32,32,6,1,1,1,32,21.4630389213562,1563.3588571939174
64,64,4096,1,m,n,n,64,32,32,6,2,2,1,1,39.526400566101074,848.9119049402439
64,64,4096,1,m,n,n,64,32,32,6,2,2,1,2,22.896640300750732,1465.4740415736812
64,64,4096,1,m,n,n,64,32,32,6,2,2,1,4,16.343040466308594,2053.1327734990887
64,64,4096,1,m,n,n,64,32,32,6,2,2,1,8,15.237120389938354,2202.150481278422
64,64,4096,1,m,n,n,64,32,32,6,2,2,1,16,13.721599578857422,2445.3732093816157
64,64,4096,1,m,n,n,64,32,64,3,1,1,1,1,91.2384033203125,367.76654104960363
64,64,4096,1,m,n,n,64,32,64,3,1,1,1,2,50.626559257507324,662.7831812414602
64,64,4096,1,m,n,n,64,32,64,3,1,1,1,4,29.69599962234497,1129.9310488525102
64,64,4096,1,m,n,n,64,32,64,3,1,1,1,8,21.011838912963867,1596.9298136631733
64,64,4096,1,m,n,n,64,32,64,3,1,1,1,16,17.85856008529663,1878.899073594749
64,64,4096,1,m,n,n,64,32,64,3,1,1,1,32,21.729280948638916,1544.2035141113029
64,64,4096,1,m,n,n,64,32,64,3,2,2,1,1,34.93887901306152,960.3751736698833
64,64,4096,1,m,n,n,64,32,64,3,2,2,1,2,19.619840383529663,1710.2296116622877
64,64,4096,1,m,n,n,64,32,64,3,2,2,1,4,14.766080379486084,2272.3993868146495
64,64,4096,1,m,n,n,64,32,64,3,2,2,1,8,13.864959478378296,2420.0887173400283
64,64,4096,1,m,n,n,64,32,64,3,2,2,1,16,13.537280559539795,2478.6685813609747
64,64,4096,1,m,n,n,64,32,64,3,2,2,1,32,19.374079704284668,1731.9239164985618
64,64,4096,1,m,n,n,64,32,64,4,1,1,1,1,90.43968200683594,371.0144845208962
64,64,4096,1,m,n,n,64,32,64,4,1,1,1,2,51.03616237640381,657.4638538165958
64,64,4096,1,m,n,n,64,32,64,4,1,1,1,4,30.064640045166016,1116.0762926012512
64,64,4096,1,m,n,n,64,32,64,4,1,1,1,8,21.340160369873047,1572.3608172771953
64,64,4096,1,m,n,n,64,32,64,4,1,1,1,16,18.083839416503906,1855.492698601223
64,64,4096,1,m,n,n,64,32,64,4,1,1,1,32,21.765120029449463,1541.660783611527
64,64,4096,1,m,n,n,64,32,64,4,2,2,1,1,35.041279792785645,957.5686789529941
64,64,4096,1,m,n,n,64,32,64,4,2,2,1,2,19.701759815216064,1703.1185190921492
64,64,4096,1,m,n,n,64,32,64,4,2,2,1,4,14.950400590896606,2244.383472937274
64,64,4096,1,m,n,n,64,32,64,4,2,2,1,8,13.373440504074097,2509.035127481066
64,64,4096,1,m,n,n,64,32,64,4,2,2,1,16,15.257600545883179,2199.194552190167
64,64,4096,1,m,n,n,64,32,64,5,1,1,1,1,90.76736450195312,369.6750719172636
64,64,4096,1,m,n,n,64,32,64,5,1,1,1,2,51.38432025909424,653.009163706148
64,64,4096,1,m,n,n,64,32,64,5,1,1,1,4,30.392320156097412,1104.0431210141815
64,64,4096,1,m,n,n,64,32,64,5,1,1,1,8,21.667840480804443,1548.582196261132
64,64,4096,1,m,n,n,64,32,64,5,1,1,1,16,18.37056040763855,1826.532846872104
64,64,4096,1,m,n,n,64,32,64,5,1,1,1,32,21.89311981201172,1532.647347117256
64,64,4096,1,m,n,n,64,32,64,5,2,2,1,1,35.08224010467529,956.4506684830628
64,64,4096,1,m,n,n,64,32,64,5,2,2,1,2,19.78368043899536,1696.066214952668
64,64,4096,1,m,n,n,64,32,64,5,2,2,1,4,15.319039821624756,2190.3743570555703
64,64,4096,1,m,n,n,64,32,64,5,2,2,1,8,13.434879779815674,2497.561016542298
64,64,4096,1,m,n,n,64,32,64,5,2,2,1,16,15.298559665679932,2193.3066075020406
64,64,4096,1,m,n,n,64,32,64,6,1,1,1,1,91.0745620727539,368.42814542655077
64,64,4096,1,m,n,n,64,32,64,6,1,1,1,2,51.73247814178467,648.6144334326382
64,64,4096,1,m,n,n,64,32,64,6,1,1,1,4,30.760960578918457,1090.8122298039032
64,64,4096,1,m,n,n,64,32,64,6,1,1,1,8,22.016000747680664,1524.0929714964188
64,64,4096,1,m,n,n,64,32,64,6,1,1,1,16,18.554879426956177,1808.3885768210791
64,64,4096,1,m,n,n,64,32,64,6,1,1,1,32,22.056961059570312,1521.2626938669343
64,64,4096,1,m,n,n,64,32,64,6,2,2,1,1,35.22559881210327,952.5581716575655
64,64,4096,1,m,n,n,64,32,64,6,2,2,1,2,19.865599870681763,1689.0721759437338
64,64,4096,1,m,n,n,64,32,64,6,2,2,1,4,15.052800178527832,2229.1156198209515
64,64,4096,1,m,n,n,64,32,64,6,2,2,1,8,13.537280559539795,2478.6685813609747
64,64,4096,1,m,n,n,64,32,128,3,1,1,1,1,96.99328422546387,345.945930874984
64,64,4096,1,m,n,n,64,32,128,3,1,1,1,2,54.476799964904785,615.9398500208629
64,64,4096,1,m,n,n,64,32,128,3,1,1,1,4,32.35840082168579,1036.9619989845933
64,64,4096,1,m,n,n,64,32,128,3,1,1,1,8,23.03999900817871,1456.3556182484595
64,64,4096,1,m,n,n,64,32,128,3,1,1,1,16,19.394559860229492,1730.0950494270696
64,64,4096,1,m,n,n,64,32,128,3,2,2,1,1,35.5948805809021,942.6757851802748
64,64,4096,1,m,n,n,64,32,128,3,2,2,1,2,21.11488103866577,1589.1366822552684
64,64,4096,1,m,n,n,64,32,128,3,2,2,1,4,15.9334397315979,2105.9126318755634
64,64,4096,1,m,n,n,64,32,128,3,2,2,1,8,14.315520524978638,2343.9197995945783
64,64,4096,1,m,n,n,64,32,128,3,2,2,1,16,14.094079732894897,2380.746571319984
64,64,4096,1,m,n,n,64,32,128,4,1,1,1,1,94.78143692016602,354.0190261966882
64,64,4096,1,m,n,n,64,32,128,4,1,1,1,2,53.51232051849365,627.0412434909026
64,64,4096,1,m,n,n,64,32,128,4,1,1,1,4,32.133119106292725,1044.2320239440726
64,64,4096,1,m,n,n,64,32,128,4,1,1,1,8,23.265280723571777,1442.2534762713403
64,64,4096,1,m,n,n,64,32,128,4,1,1,1,16,19.496959447860718,1721.0084520990129
64,64,4096,1,m,n,n,64,32,128,4,2,2,1,1,34.021759033203125,986.263877986231
64,64,4096,1,m,n,n,64,32,128,4,2,2,1,2,21.031041145324707,1595.4717490274752
64,64,4096,1,m,n,n,64,32,128,4,2,2,1,4,16.240639686584473,2066.078223982614
64,64,4096,1,m,n,n,64,32,128,4,2,2,1,8,14.376959800720215,2333.9031662534862
64,64,4096,1,m,n,n,64,64,16,3,1,1,1,1,169.881591796875,197.5165857882975
64,64,4096,1,m,n,n,64,64,16,3,1,1,1,2,88.82176399230957,377.7726369283235
64,64,4096,1,m,n,n,64,64,16,3,1,1,1,4,48.762879371643066,688.1142465822642
64,64,4096,1,m,n,n,64,64,16,3,1,1,1,8,31.192960739135742,1075.7052618574123
64,64,4096,1,m,n,n,64,64,16,3,1,1,1,16,23.93791913986206,1401.7271845539938
64,64,4096,1,m,n,n,64,64,16,3,1,1,1,32,22.958080768585205,1461.5521366191188
64,64,4096,1,m,n,n,64,64,16,3,1,1,1,64,33.68959903717041,995.9878704100552
64,64,4096,1,m,n,n,64,64,16,3,1,1,1,128,69.3452787399292,483.87478729217753
64,64,4096,1,m,n,n,64,64,16,3,2,2,1,1,64.67584133148193,518.8093623401677
64,64,4096,1,m,n,n,64,64,16,3,2,2,1,2,35.22559881210327,952.5581716575655
64,64,4096,1,m,n,n,64,64,16,3,2,2,1,4,23.654398918151855,1418.528203405375
64,64,4096,1,m,n,n,64,64,16,3,2,2,1,8,18.7007999420166,1794.277897418203
64,64,4096,1,m,n,n,64,64,16,3,2,2,1,16,17.346559762954712,1934.3565789718602
64,64,4096,1,m,n,n,64,64,16,3,2,2,1,32,19.68127965927124,1704.8907683293628
64,64,4096,1,m,n,n,64,64,16,3,2,2,1,64,31.8668794631958,1052.9563159377817
64,64,4096,1,m,n,n,64,64,16,3,2,2,1,128,68.79487991333008,487.7460654379064
64,64,4096,1,m,n,n,64,64,16,4,1,1,1,1,170.4960060119629,196.80479786515141
64,64,4096,1,m,n,n,64,64,16,4,1,1,1,2,88.90368461608887,377.42453695701687
64,64,4096,1,m,n,n,64,64,16,4,1,1,1,4,48.84479999542236,686.9601677792652
64,64,4096,1,m,n,n,64,64,16,4,1,1,1,8,31.231999397277832,1074.3606764709593
64,64,4096,1,m,n,n,64,64,16,4,1,1,1,16,23.961598873138428,1400.3419461968952
64,64,4096,1,m,n,n,64,64,16,4,1,1,1,32,23.019518852233887,1457.6513182309097
64,64,4096,1,m,n,n,64,64,16,4,1,1,1,64,33.84959936141968,991.2800338264537
64,64,4096,1,m,n,n,64,64,16,4,2,2,1,1,64.69632148742676,518.6451289432437
64,64,4096,1,m,n,n,64,64,16,4,2,2,1,2,38.58432054519653,869.639053529408
64,64,4096,1,m,n,n,64,64,16,4,2,2,1,4,25.292799472808838,1326.639703765211
64,64,4096,1,m,n,n,64,64,16,4,2,2,1,8,19.351680278778076,1733.9286055070527
64,64,4096,1,m,n,n,64,64,16,4,2,2,1,16,17.67423987388611,1898.4936404295981
64,64,4096,1,m,n,n,64,64,16,4,2,2,1,32,19.886080026626587,1687.3326444966574
64,64,4096,1,m,n,n,64,64,16,4,2,2,1,64,31.989760398864746,1048.9116386501844
64,64,4096,1,m,n,n,64,64,16,5,1,1,1,1,170.53695678710938,196.75753943403504
64,64,4096,1,m,n,n,64,64,16,5,1,1,1,2,88.985595703125,377.0771183231134
64,64,4096,1,m,n,n,64,64,16,5,1,1,1,4,48.92672061920166,685.8099536479319
64,64,4096,1,m,n,n,64,64,16,5,1,1,1,8,31.39584064483643,1068.7540550222084
64,64,4096,1,m,n,n,64,64,16,5,1,1,1,16,24.104959964752197,1392.0135959182435
64,64,4096,1,m,n,n,64,64,16,5,1,1,1,32,23.08095932006836,1453.7711164728407
64,64,4096,1,m,n,n,64,64,16,5,1,1,1,64,34.01727914810181,986.3937634139786
64,64,4096,1,m,n,n,64,64,16,5,2,2,1,1,64.69632148742676,518.6451289432437
64,64,4096,1,m,n,n,64,64,16,5,2,2,1,2,38.42047929763794,873.3475639400183
64,64,4096,1,m,n,n,64,64,16,5,2,2,1,4,25.21087884902954,1330.9505075540685
64,64,4096,1,m,n,n,64,64,16,5,2,2,1,8,19.3503999710083,1734.0433298677478
64,64,4096,1,m,n,n,64,64,16,5,2,2,1,16,17.715200185775757,1894.1040263796851
64,64,4096,1,m,n,n,64,64,16,5,2,2,1,32,19.886080026626587,1687.3326444966574
64,64,4096,1,m,n,n,64,64,16,5,2,2,1,64,31.989760398864746,1048.9116386501844
64,64,4096,1,m,n,n,64,64,16,6,1,1,1,1,170.68159103393555,196.5908086322478
64,64,4096,1,m,n,n,64,64,16,6,1,1,1,2,89.1494369506836,376.3841157915772
64,64,4096,1,m,n,n,64,64,16,6,1,1,1,4,49.07008171081543,683.8063200657834
64,64,4096,1,m,n,n,64,64,16,6,1,1,1,8,31.4572811126709,1066.6666289377558
64,64,4096,1,m,n,n,64,64,16,6,1,1,1,16,24.248321056365967,1383.783723499936
64,64,4096,1,m,n,n,64,64,16,6,1,1,1,32,23.22432041168213,1444.79715251955
64,64,4096,1,m,n,n,64,64,16,6,2,2,1,1,64.71231937408447,518.5169118422549
64,64,4096,1,m,n,n,64,64,16,6,2,2,1,2,38.42047929763794,873.3475639400183
64,64,4096,1,m,n,n,64,64,16,6,2,2,1,4,25.25183916091919,1328.79160944167
64,64,4096,1,m,n,n,64,64,16,6,2,2,1,8,19.394559860229492,1730.0950494270696
64,64,4096,1,m,n,n,64,64,16,6,2,2,1,16,17.694720029830933,1896.2962930993942
64,64,4096,1,m,n,n,64,64,16,6,2,2,1,32,19.84511971473694,1690.8152977823843
64,64,4096,1,m,n,n,64,64,32,3,1,1,1,1,165.80095291137695,202.37779946859135
64,64,4096,1,m,n,n,64,64,32,3,1,1,1,2,87.20383644104004,384.781603303505
64,64,4096,1,m,n,n,64,64,32,3,1,1,1,4,48.1279993057251,697.1914994191025
64,64,4096,1,m,n,n,64,64,32,3,1,1,1,8,31.089279651641846,1079.2926814638488
64,64,4096,1,m,n,n,64,64,32,3,1,1,1,16,24.12287950515747,1390.9795467338827
64,64,4096,1,m,n,n,64,64,32,3,1,1,1,32,23.244800567626953,1443.5241938247163
64,64,4096,1,m,n,n,64,64,32,3,1,1,1,64,34.055678844451904,985.2815488793711
64,64,4096,1,m,n,n,64,64,32,3,2,2,1,1,54.90687847137451,611.1152725153275
64,64,4096,1,m,n,n,64,64,32,3,2,2,1,2,31.374719142913815,1069.473541648531
64,64,4096,1,m,n,n,64,64,32,3,2,2,1,4,21.790719032287598,1539.849692443923
64,64,4096,1,m,n,n,64,64,32,3,2,2,1,8,17.715200185775757,1894.1040263796851
64,64,4096,1,m,n,n,64,64,32,3,2,2,1,16,17.03935980796814,1969.2307914238008
64,64,4096,1,m,n,n,64,64,32,3,2,2,1,32,19.675519466400146,1705.3898910928808
64,64,4096,1,m,n,n,64,64,32,3,2,2,1,64,31.969280242919922,1049.5835922809408
64,64,4096,1,m,n,n,64,64,32,4,1,1,1,1,165.9494400024414,202.19671726223578
64,64,4096,1,m,n,n,64,64,32,4,1,1,1,2,87.06048011779785,385.41519590288175
64,64,4096,1,m,n,n,64,64,32,4,1,1,1,4,48.08703899383545,697.7853638337252
64,64,4096,1,m,n,n,64,64,32,4,1,1,1,8,31.088640689849854,1079.3148640607888
64,64,4096,1,m,n,n,64,64,32,4,1,1,1,16,24.16640043258667,1388.474551417026
64,64,4096,1,m,n,n,64,64,32,4,1,1,1,32,23.2857608795166,1440.984993946076
64,64,4096,1,m,n,n,64,64,32,4,2,2,1,1,54.374399185180664,617.0998209235388
64,64,4096,1,m,n,n,64,64,32,4,2,2,1,2,31.375360488891598,1069.4516804637162
64,64,4096,1,m,n,n,64,64,32,4,2,2,1,4,21.872639656066895,1534.0824211261986
64,64,4096,1,m,n,n,64,64,32,4,2,2,1,8,17.776639461517334,1887.5576608637562
64,64,4096,1,m,n,n,64,64,32,4,2,2,1,16,17.080320119857788,1964.5083794998204
64,64,4096,1,m,n,n,64,64,32,4,2,2,1,32,19.72223997116089,1701.3499505667419
64,64,4096,1,m,n,n,64,64,32,5,1,1,1,1,166.11391067504883,201.99652072269257
64,64,4096,1,m,n,n,64,64,32,5,1,1,1,2,87.14240074157715,385.05287568914315
64,64,4096,1,m,n,n,64,64,32,5,1,1,1,4,48.209919929504395,696.0067979591217
64,64,4096,1,m,n,n,64,64,32,5,1,1,1,8,31.231999397277832,1074.3606764709593
64,64,4096,1,m,n,n,64,64,32,5,1,1,1,16,24.289278984069824,1381.450310732021
64,64,4096,1,m,n,n,64,64,32,5,1,1,1,32,23.408639430999756,1433.4208572397552
64,64,4096,1,m,n,n,64,64,32,5,2,2,1,1,54.6233606338501,614.2872135773777
64,64,4096,1,m,n,n,64,64,32,5,2,2,1,2,31.4572811126709,1066.6666289377558
64,64,4096,1,m,n,n,64,64,32,5,2,2,1,4,21.89311981201172,1532.647347117256
64,64,4096,1,m,n,n,64,64,32,5,2,2,1,8,17.797119617462158,1885.3855411005443
64,64,4096,1,m,n,n,64,64,32,5,2,2,1,16,17.203199863433838,1950.4762059598822
64,64,4096,1,m,n,n,64,64,32,5,2,2,1,32,19.73695993423462,1700.0810718472592
64,64,4096,1,m,n,n,64,64,32,6,1,1,1,1,166.297607421875,201.77339000961604
64,64,4096,1,m,n,n,64,64,32,6,1,1,1,2,87.32671737670898,384.2401616363671
64,64,4096,1,m,n,n,64,64,32,6,1,1,1,4,48.455681800842285,692.4767282795046
64,64,4096,1,m,n,n,64,64,32,6,1,1,1,8,31.420800685882572,1067.9050586726796
64,64,4096,1,m,n,n,64,64,32,6,1,1,1,16,24.432640075683594,1373.3445053854334
64,64,4096,1,m,n,n,64,64,32,6,1,1,1,32,23.490560054779053,1428.4219670264308
64,64,4096,1,m,n,n,64,64,32,6,2,2,1,1,54.59968090057373,614.5536282730806
64,64,4096,1,m,n,n,64,64,32,6,2,2,1,2,31.5391993522644,1063.8961257458463
64,64,4096,1,m,n,n,64,64,32,6,2,2,1,4,21.931519508361816,1529.9638489347137
64,64,4096,1,m,n,n,64,64,32,6,2,2,1,8,17.817599773406982,1883.2184147541839
64,64,4096,1,m,n,n,64,64,32,6,2,2,1,16,17.229440212249756,1947.5056407313532
64,64,4096,1,m,n,n,64,64,64,3,1,1,1,1,168.1817626953125,199.51290474216927
64,64,4096,1,m,n,n,64,64,64,3,1,1,1,2,89.21088218688965,376.1248759955782
64,64,4096,1,m,n,n,64,64,64,3,1,1,1,4,49.438719749450684,678.7075427933755
64,64,4096,1,m,n,n,64,64,64,3,1,1,1,8,32.07168102264404,1046.2324059755106
64,64,4096,1,m,n,n,64,64,64,3,1,1,1,16,24.90367889404297,1347.368480888433
64,64,4096,1,m,n,n,64,64,64,3,1,1,1,32,24.002559185028076,1397.9522658954647
64,64,4096,1,m,n,n,64,64,64,3,2,2,1,1,48.37376117706299,693.6494327406206
64,64,4096,1,m,n,n,64,64,64,3,2,2,1,2,28.65151882171631,1171.1222783263954
64,64,4096,1,m,n,n,64,64,64,3,2,2,1,4,20.602879524230957,1628.6282682251663
64,64,4096,1,m,n,n,64,64,64,3,2,2,1,8,17.244160175323486,1945.8432106201747
64,64,4096,1,m,n,n,64,64,64,3,2,2,1,16,17.03935980796814,1969.2307914238008
64,64,4096,1,m,n,n,64,64,64,3,2,2,1,32,19.742720127105713,1699.5850512985564
64,64,4096,1,m,n,n,64,64,64,4,1,1,1,1,168.55039596557617,199.07655397530468
64,64,4096,1,m,n,n,64,64,64,4,1,1,1,2,89.37472343444824,375.4353659579204
64,64,4096,1,m,n,n,64,64,64,4,1,1,1,4,49.66400146484375,675.6288460516533
64,64,4096,1,m,n,n,64,64,64,4,1,1,1,8,32.35840082168579,1036.9619989845933
64,64,4096,1,m,n,n,64,64,64,4,1,1,1,16,25.169920921325684,1333.116305962264
64,64,4096,1,m,n,n,64,64,64,4,1,1,1,32,24.06399965286255,1394.382998838205
64,64,4096,1,m,n,n,64,64,64,4,2,2,1,1,48.660478591918945,689.5623095160514
64,64,4096,1,m,n,n,64,64,64,4,2,2,1,2,28.671998977661133,1170.2857560138327
64,64,4096,1,m,n,n,64,64,64,4,2,2,1,4,20.643839836120605,1625.3968382999021
64,64,4096,1,m,n,n,64,64,64,4,2,2,1,8,17.285120487213135,1941.2321727709261
64,64,4096,1,m,n,n,64,64,64,4,2,2,1,16,17.305599451065063,1938.9349727457673
64,64,4096,1,m,n,n,64,64,64,5,1,1,1,1,168.85631561279297,198.7158838461464
64,64,4096,1,m,n,n,64,64,64,5,1,1,1,2,89.70239639282227,374.0639419827689
64,64,4096,1,m,n,n,64,64,64,5,1,1,1,4,49.991679191589355,671.2003385884511
64,64,4096,1,m,n,n,64,64,64,5,1,1,1,8,32.68608093261719,1026.5663867495443
64,64,4096,1,m,n,n,64,64,64,5,1,1,1,16,25.538558959960938,1313.8733494167097
64,64,4096,1,m,n,n,64,64,64,5,1,1,1,32,24.186880588531494,1387.2988654812411
64,64,4096,1,m,n,n,64,64,64,5,2,2,1,1,48.762879371643066,688.1142465822642
64,64,4096,1,m,n,n,64,64,64,5,2,2,1,2,28.794879913330078,1165.2916109042906
64,64,4096,1,m,n,n,64,64,64,5,2,2,1,4,20.746240615844727,1617.3740882178506
64,64,4096,1,m,n,n,64,64,64,5,2,2,1,8,17.448960542678833,1923.0046350284538
64,64,4096,1,m,n,n,64,64,64,5,2,2,1,16,17.244160175323486,1945.8432106201747
64,64,4096,1,m,n,n,64,64,64,6,1,1,1,1,169.13984298706055,198.3827784596381
64,64,4096,1,m,n,n,64,64,64,6,1,1,1,2,90.03007888793945,372.702461382548
64,64,4096,1,m,n,n,64,64,64,6,1,1,1,4,50.31871795654297,666.8379752635748
64,64,4096,1,m,n,n,64,64,64,6,1,1,1,8,33.013761043548584,1016.3771390887035
64,64,4096,1,m,n,n,64,64,64,6,1,1,1,16,25.722880363464355,1304.458580294112
64,64,4096,1,m,n,n,64,64,64,6,1,1,1,32,24.37119960784912,1376.8067448429285
64,64,4096,1,m,n,n,64,64,64,6,2,2,1,1,48.82559776306152,687.2303368989216
64,64,4096,1,m,n,n,64,64,64,6,2,2,1,2,28.85632038116455,1162.8104885438568
64,64,4096,1,m,n,n,64,64,64,6,2,2,1,4,20.828158855438232,1611.0128712235617
64,64,4096,1,m,n,n,64,64,64,6,2,2,1,8,17.489919662475586,1918.5012079838555
64,64,4096,1,m,n,n,64,64,128,3,1,1,1,1,176.86527252197266,189.71746980929456
64,64,4096,1,m,n,n,64,64,128,3,1,1,1,2,91.46368026733398,366.86072440913887
64,64,4096,1,m,n,n,64,64,128,3,1,1,1,4,51.24095916748047,654.8361417343446
64,64,4096,1,m,n,n,64,64,128,3,1,1,1,8,33.50208044052124,1001.5626360748463
64,64,4096,1,m,n,n,64,64,128,3,1,1,1,16,26.19391918182373,1281.0008218733383
64,64,4096,1,m,n,n,64,64,128,3,1,1,1,32,24.944639205932617,1345.1560362524588
64,64,4096,1,m,n,n,64,64,128,3,2,2,1,1,51.015682220458984,657.7277915249276
64,64,4096,1,m,n,n,64,64,128,3,2,2,1,2,30.903680324554443,1085.7746277338822
64,64,4096,1,m,n,n,64,64,128,3,2,2,1,4,22.13887929916382,1515.6337205048742
64,64,4096,1,m,n,n,64,64,128,3,2,2,1,8,18.554879426956177,1808.3885768210791
64,64,4096,1,m,n,n,64,64,128,3,2,2,1,16,18.247679471969604,1838.8328253761367
64,64,4096,1,m,n,n,128,16,16,3,1,1,1,1,112.98815727233887,296.9729997376868
64,64,4096,1,m,n,n,128,16,16,3,1,1,1,64,41.062397956848145,817.1571478914078
64,64,4096,1,m,n,n,128,16,16,3,1,1,1,128,84.54143524169922,396.8992471451397
64,64,4096,1,m,n,n,128,16,16,4,1,1,1,1,113.25440406799316,296.27485373421183
64,64,4096,1,m,n,n,128,16,16,4,1,1,1,64,41.22623920440674,813.9096033870902
64,64,4096,1,m,n,n,128,16,16,5,1,1,1,1,113.42080116271973,295.84019559040996
64,64,4096,1,m,n,n,128,16,16,5,1,1,1,64,41.410560607910156,810.2868328131377
64,64,4096,1,m,n,n,128,16,16,6,1,1,1,1,113.58207702636719,295.4201303451301
64,64,4096,1,m,n,n,128,16,32,3,1,1,1,1,101.45792007446289,330.7226481222308
64,64,4096,1,m,n,n,128,16,32,3,1,1,1,64,44.23679828643799,758.5185479005844
64,64,4096,1,m,n,n,128,16,32,4,1,1,1,1,101.86752319335938,329.3928324566094
64,64,4096,1,m,n,n,128,16,32,5,1,1,1,1,102.17472076416016,328.40248301192224
64,64,4096,1,m,n,n,128,16,32,6,1,1,1,1,102.48191833496094,327.4180708671723
64,64,4096,1,m,n,n,128,16,32,6,1,1,1,64,54.579200744628906,614.7842317625376
64,64,4096,1,m,n,n,128,16,64,3,1,1,1,1,108.95359992980957,307.96992501043144
64,64,4096,1,m,n,n,128,16,64,3,1,1,1,64,57.11872100830078,587.4506888052291
64,64,4096,1,m,n,n,128,16,64,4,1,1,1,1,116.55488014221191,287.88526022298925
64,64,4096,1,m,n,n,128,16,64,4,1,1,1,64,57.99935817718506,578.5310916285132
64,64,4096,1,m,n,n,128,16,64,5,1,1,1,1,117.1884822845459,286.3287530128287
64,64,4096,1,m,n,n,128,16,64,5,1,1,1,64,59.22815799713135,566.5283732380327
64,64,4096,1,m,n,n,128,32,16,3,1,1,1,1,175.69791793823242,190.97797170138492
64,64,4096,1,m,n,n,128,32,16,3,1,1,1,64,44.564480781555176,752.9411632657878
64,64,4096,1,m,n,n,128,32,16,3,1,1,1,128,85.17631530761719,393.94087286843785
64,64,4096,1,m,n,n,128,32,16,3,2,2,1,1,77.20960140228271,434.5888515234319
64,64,4096,1,m,n,n,128,32,16,3,2,2,1,64,42.70080089569092,785.8033408311575
64,64,4096,1,m,n,n,128,32,16,3,2,2,1,128,84.21952247619629,398.4163174219349
64,64,4096,1,m,n,n,128,32,16,4,1,1,1,1,175.63648223876953,191.04477368423
64,64,4096,1,m,n,n,128,32,16,4,1,1,1,64,45.01503944396973,745.404922765096
64,64,4096,1,m,n,n,128,32,16,4,2,2,1,1,77.21216201782227,434.57443909231426
64,64,4096,1,m,n,n,128,32,16,4,2,2,1,64,42.84416198730469,783.1739598487803
64,64,4096,1,m,n,n,128,32,16,5,1,1,1,1,175.82080841064453,190.84448708500278
64,64,4096,1,m,n,n,128,32,16,5,1,1,1,64,45.158400535583496,743.0385399403173
64,64,4096,1,m,n,n,128,32,16,5,2,2,1,1,77.36959934234619,433.690135210961
64,64,4096,1,m,n,n,128,32,16,5,2,2,1,64,42.987518310546875,780.5622031399638
64,64,4096,1,m,n,n,128,32,16,6,1,1,1,1,175.98207473754883,190.6696011513756
64,64,4096,1,m,n,n,128,32,16,6,1,1,1,64,45.26080131530762,741.3574445190299
64,64,4096,1,m,n,n,128,32,16,6,2,2,1,1,77.37343788146973,433.6686196030589
64,64,4096,1,m,n,n,128,32,16,6,2,2,1,64,43.04895877838135,779.4481667428996
64,64,4096,1,m,n,n,128,32,32,3,1,1,1,1,292.33280181884766,114.78161804364656
64,64,4096,1,m,n,n,128,32,32,3,1,1,1,64,45.506558418273926,737.3537610026262
64,64,4096,1,m,n,n,128,32,32,3,2,2,1,1,63.91808032989502,524.9599460249483
64,64,4096,1,m,n,n,128,32,32,3,2,2,1,64,42.72128105163574,785.4266345488074
64,64,4096,1,m,n,n,128,32,32,4,1,1,1,1,292.96640396118164,114.5333783884858
64,64,4096,1,m,n,n,128,32,32,4,2,2,1,1,63.67231845855713,526.9861819440393
64,64,4096,1,m,n,n,128,32,32,5,1,1,1,1,293.29599380493164,114.40467210171556
64,64,4096,1,m,n,n,128,32,32,5,1,1,1,64,51.363840103149414,653.269536168161
64,64,4096,1,m,n,n,128,32,32,5,2,2,1,1,64.02048110961914,524.1202724257317
64,64,4096,1,m,n,n,128,32,32,6,1,1,1,1,293.6025619506836,114.28521528240661
64,64,4096,1,m,n,n,128,32,32,6,1,1,1,64,51.792001724243164,647.8689929509638
64,64,4096,1,m,n,n,128,32,32,6,2,2,1,1,64.14336204528809,523.1162029877553
64,64,4096,1,m,n,n,128,32,64,3,1,1,1,1,188.62144470214844,177.89298588495973
64,64,4096,1,m,n,n,128,32,64,3,1,1,1,64,52.5926399230957,638.0062314625281
64,64,4096,1,m,n,n,128,32,64,3,2,2,1,1,62.34111785888672,538.2391774872035
64,64,4096,1,m,n,n,128,32,64,4,1,1,1,1,188.96896362304688,177.56583597999722
64,64,4096,1,m,n,n,128,32,64,4,1,1,1,64,53.145599365234375,631.3680229552535
64,64,4096,1,m,n,n,128,32,64,4,2,2,1,1,61.069440841674805,549.4471791053619
64,64,4096,1,m,n,n,128,64,16,3,1,1,1,1,419.6403121948242,79.95998245378739
64,64,4096,1,m,n,n,128,64,16,3,1,1,1,64,49.00864124298096,684.6635848082338
64,64,4096,1,m,n,n,128,64,16,3,1,1,1,128,92.36479759216309,363.28160592263356
64,64,4096,1,m,n,n,128,64,16,3,2,2,1,1,107.78816223144531,311.29978752166795
64,64,4096,1,m,n,n,128,64,16,3,2,2,1,64,42.680320739746094,786.1804086385977
64,64,4096,1,m,n,n,128,64,16,3,2,2,1,128,89.3337631225586,375.60750635754675
64,64,4096,1,m,n,n,128,64,16,4,1,1,1,1,419.90142822265625,79.91025927686887
64,64,4096,1,m,n,n,128,64,16,4,1,1,1,64,49.23391819000244,681.5308070852188
64,64,4096,1,m,n,n,128,64,16,4,1,1,1,128,92.0576000213623,364.4938820066304
64,64,4096,1,m,n,n,128,64,16,4,2,2,1,1,107.86944389343262,311.06521725605086
64,64,4096,1,m,n,n,128,64,16,4,2,2,1,64,42.72128105163574,785.4266345488074
64,64,4096,1,m,n,n,128,64,16,5,1,1,1,1,420.08575439453125,79.87519607362533
64,64,4096,1,m,n,n,128,64,16,5,1,1,1,64,49.41823959350586,678.9888161942833
64,64,4096,1,m,n,n,128,64,16,5,1,1,1,128,92.18048095703125,364.00799444343284
64,64,4096,1,m,n,n,128,64,16,5,2,2,1,1,107.97056198120117,310.77389414572264
64,64,4096,1,m,n,n,128,64,16,5,2,2,1,64,42.782721519470215,784.2986796604217
64,64,4096,1,m,n,n,128,64,16,6,1,1,1,1,420.2751922607422,79.83919255263241
64,64,4096,1,m,n,n,128,64,16,6,1,1,1,64,49.52064037322998,677.5847757037278
64,64,4096,1,m,n,n,128,64,16,6,1,1,1,128,92.18048095703125,364.00799444343284
64,64,4096,1,m,n,n,128,64,16,6,2,2,1,1,108.13440322875977,310.303021037765
64,64,4096,1,m,n,n,128,64,32,3,1,1,1,1,670.6374359130859,50.03363994184874
64,64,4096,1,m,n,n,128,64,32,3,1,1,1,64,53.637118339538574,625.5823026805929
64,64,4096,1,m,n,n,128,64,32,3,2,2,1,1,96.29695892333984,348.4474730579191
64,64,4096,1,m,n,n,128,64,32,3,2,2,1,64,42.782721519470215,784.2986796604217
64,64,4096,1,m,n,n,128,64,32,4,1,1,1,1,664.9241638183594,50.4635473123913
64,64,4096,1,m,n,n,128,64,32,4,1,1,1,64,54.14912223815918,619.6671453402437
64,64,4096,1,m,n,n,128,64,32,4,2,2,1,1,96.93183898925781,346.1652265126072
64,64,4096,1,m,n,n,128,64,32,5,1,1,1,1,549.0892791748047,61.10924629675353
64,64,4096,1,m,n,n,128,64,32,5,1,1,1,64,51.48672103881836,651.7104084896313
64,64,4096,1,m,n,n,128,64,32,5,2,2,1,1,97.11359977722168,345.5173330715139
64,64,4096,1,m,n,n,128,64,32,6,1,1,1,1,655.994873046875,51.15044854565857
64,64,4096,1,m,n,n,128,64,32,6,1,1,1,64,54.190077781677246,619.1988159748578
64,64,4096,1,m,n,n,128,64,32,6,2,2,1,1,97.30048179626465,344.85370864102083
64,64,4096,1,m,n,n,128,64,64,3,1,1,1,1,657.8348541259766,51.00737941984185
64,64,4096,1,m,n,n,128,64,64,3,2,2,1,1,89.53856468200684,374.7483793063628
64,64,4096,1,m,n,n,128,64,64,4,1,1,1,1,690.7698822021484,48.57541254263972
64,64,4096,1,m,n,n,128,64,64,4,2,2,1,1,89.80480194091797,373.63739215276325
64,64,4096,1,m,n,n,256,16,16,3,1,1,1,64,70.32832145690918,477.11123065206544
64,64,4096,1,m,n,n,256,16,16,3,1,1,1,128,142.7455997467041,235.0645628274419
64,64,4096,1,m,n,n,256,16,16,4,1,1,1,64,71.04512214660645,472.2974778023205
64,64,4096,1,m,n,n,256,16,16,5,1,1,1,64,72.45823860168457,463.0864984788617
64,64,4096,1,m,n,n,256,16,16,6,1,1,1,64,86.13887786865234,389.5387637991407
64,64,4096,1,m,n,n,256,16,32,3,1,1,1,64,86.50752067565918,387.8787848492956
64,64,4096,1,m,n,n,256,16,32,4,1,1,1,64,87.94112205505371,381.555650142762
64,64,4096,1,m,n,n,256,16,32,5,1,1,1,64,93.77792358398438,357.8073678497452
64,64,4096,1,m,n,n,256,32,16,3,1,1,1,64,74.79296207427979,448.6308747429444
64,64,4096,1,m,n,n,256,32,16,3,1,1,1,128,185.18016815185547,181.1988418353955
64,64,4096,1,m,n,n,256,32,16,3,2,2,1,64,64.04096126556396,523.9526599367716
64,64,4096,1,m,n,n,256,32,16,3,2,2,1,128,143.8310432434082,233.2906112849029
64,64,4096,1,m,n,n,256,32,16,4,1,1,1,64,70.79936027526855,473.9369377002853
64,64,4096,1,m,n,n,256,32,16,4,1,1,1,128,155.54559707641602,215.720873047377
64,64,4096,1,m,n,n,256,32,16,4,2,2,1,64,64.36863899230957,521.2854042790763
64,64,4096,1,m,n,n,256,32,16,5,1,1,1,64,71.14751815795898,471.6177439317524
64,64,4096,1,m,n,n,256,32,16,5,2,2,1,64,64.57344055175781,519.6320919760343
64,64,4096,1,m,n,n,256,32,16,6,1,1,1,64,81.67424201965332,410.83248733334773
64,64,4096,1,m,n,n,256,32,16,6,1,1,1,128,163.10272216796875,205.72576321224426
64,64,4096,1,m,n,n,256,32,16,6,2,2,1,64,66.10943794250488,507.5588757717493
64,64,4096,1,m,n,n,256,32,32,3,1,1,1,64,91.34079933166504,367.3542627775945
64,64,4096,1,m,n,n,256,32,32,3,2,2,1,64,65.83936214447021,509.64090336069887
64,64,4096,1,m,n,n,256,32,32,4,1,1,1,64,98.2425594329834,341.54680205465644
64,64,4096,1,m,n,n,256,32,32,5,1,1,1,64,99.00032043457031,338.93255953829214
64,64,4096,1,m,n,n,256,64,16,3,1,1,1,64,88.04415702819824,381.10912901640245
64,64,4096,1,m,n,n,256,64,16,3,1,1,1,128,216.7398452758789,154.81432109213696
64,64,4096,1,m,n,n,256,64,16,3,2,2,1,64,64.69183921813965,518.6810640342917
64,64,4096,1,m,n,n,256,64,16,3,2,2,1,128,147.68128395080566,227.20842548455474
64,64,4096,1,m,n,n,256,64,16,4,1,1,1,64,88.06591987609863,381.01494933804446
64,64,4096,1,m,n,n,256,64,16,4,1,1,1,128,216.8012809753418,154.77045084349095
64,64,4096,1,m,n,n,256,64,16,4,2,2,1,64,65.08543968200684,515.5443700455829
64,64,4096,1,m,n,n,256,64,16,5,1,1,1,64,80.9984016418457,414.26042143855074
64,64,4096,1,m,n,n,256,64,16,5,2,2,1,64,65.16736030578613,514.8962892244193
64,64,4096,1,m,n,n,256,64,16,6,1,1,1,64,81.03936195373535,414.05103879218507
64,64,4096,1,m,n,n,256,64,16,6,1,1,1,128,169.51295852661133,197.9461174629454
64,64,4096,1,m,n,n,256,64,16,6,2,2,1,64,65.29024124145508,513.9272173296108
64,64,4096,1,m,n,n,256,64,32,3,1,1,1,64,92.32383728027344,363.4427791182102
64,64,4096,1,m,n,n,256,64,32,3,2,2,1,64,64.90047931671143,517.0136238325126
64,64,4096,1,m,n,n,256,64,32,4,1,1,1,64,93.90591621398926,357.31968072743604
64,64,4096,1,m,n,n,256,64,32,4,1,1,1,128,195.07200241088867,172.01049656179174
64,64,8192,1,m,n,n,16,16,16,3,1,1,1,1,60.293121337890625,1113.0434535626885
64,64,8192,1,m,n,n,16,16,16,3,1,1,1,2,33.54624032974243,2000.4883808246202
64,64,8192,1,m,n,n,16,16,16,3,1,1,1,4,20.439040660858154,3283.366627305412
64,64,8192,1,m,n,n,16,16,16,3,1,1,1,8,16.15872025489807,4153.105130937445
64,64,8192,1,m,n,n,16,16,16,3,1,1,1,16,16.302080154418945,4116.582875579166
64,64,8192,1,m,n,n,16,16,16,3,1,1,1,32,20.971519947052002,3200.000008079224
64,64,8192,1,m,n,n,16,16,16,3,1,1,1,64,32.95615911483765,2036.3071972724515
64,64,8192,1,m,n,n,16,16,16,3,1,1,1,128,66.4576005935669,1009.7996828145515
64,64,8192,1,m,n,n,16,16,16,4,1,1,1,1,42.5984001159668,1575.3846110959025
64,64,8192,1,m,n,n,16,16,16,4,1,1,1,2,24.80128049850464,2705.8628688162394
64,64,8192,1,m,n,n,16,16,16,4,1,1,1,4,16.117759943008423,4163.659481050315
64,64,8192,1,m,n,n,16,16,16,4,1,1,1,8,14.195200204849243,4727.574323120491
64,64,8192,1,m,n,n,16,16,16,4,1,1,1,16,15.503360033035278,4328.665776773637
64,64,8192,1,m,n,n,16,16,16,4,1,1,1,32,20.684800148010254,3244.3564124285463
64,64,8192,1,m,n,n,16,16,16,4,1,1,1,64,32.35840082168579,2073.9239979691865
64,64,8192,1,m,n,n,16,16,16,4,1,1,1,128,66.39616012573242,1010.7341128299882
64,64,8192,1,m,n,n,16,16,16,5,1,1,1,1,39.342079162597656,1705.7782768074978
64,64,8192,1,m,n,n,16,16,16,5,1,1,1,2,23.08095932006836,2907.5422329456815
64,64,8192,1,m,n,n,16,16,16,5,1,1,1,4,15.175679922103882,4422.132276409818
64,64,8192,1,m,n,n,16,16,16,5,1,1,1,8,13.456000089645386,4987.281774146344
64,64,8192,1,m,n,n,16,16,16,5,1,1,1,16,15.257600545883179,4398.389104380334
64,64,8192,1,m,n,n,16,16,16,5,1,1,1,32,20.500481128692627,3273.526293296304
64,64,8192,1,m,n,n,16,16,16,5,1,1,1,64,32.276480197906494,2079.1878045101334
64,64,8192,1,m,n,n,16,16,16,5,1,1,1,128,66.43712043762207,1010.1109674524296
64,64,8192,1,m,n,n,16,16,16,6,1,1,1,1,39.280641078948975,1708.4462513002252
64,64,8192,1,m,n,n,16,16,16,6,1,1,1,2,23.101439476013184,2904.9646048974937
64,64,8192,1,m,n,n,16,16,16,6,1,1,1,4,15.400960445404053,4357.446682490935
64,64,8192,1,m,n,n,16,16,16,6,1,1,1,8,13.230079412460327,5072.4460456976285
64,64,8192,1,m,n,n,16,16,16,6,1,1,1,16,14.99135971069336,4476.502818628997
64,64,8192,1,m,n,n,16,16,16,6,1,1,1,32,20.582399368286133,3260.497612508821
64,64,8192,1,m,n,n,16,16,16,6,1,1,1,64,32.26047992706299,2080.2190219031136
64,64,8192,1,m,n,n,16,16,32,3,1,1,1,1,49.07008171081543,1367.6126401315669
64,64,8192,1,m,n,n,16,16,32,3,1,1,1,2,25.94815969467163,2586.266802334371
64,64,8192,1,m,n,n,16,16,32,3,1,1,1,4,16.67072057723999,4025.552686164126
64,64,8192,1,m,n,n,16,16,32,3,1,1,1,8,14.361599683761597,4672.798676868761
64,64,8192,1,m,n,n,16,16,32,3,1,1,1,16,15.319039821624756,4380.7487141111405
64,64,8192,1,m,n,n,16,16,32,3,1,1,1,32,20.705280303955078,3241.147331252551
64,64,8192,1,m,n,n,16,16,32,3,1,1,1,64,32.378880977630615,2072.612208135391
64,64,8192,1,m,n,n,16,16,32,3,1,1,1,128,66.31423950195312,1011.9827129740887
64,64,8192,1,m,n,n,16,16,32,4,1,1,1,1,48.701438903808594,1377.9647072142643
64,64,8192,1,m,n,n,16,16,32,4,1,1,1,2,23.101439476013184,2904.9646048974937
64,64,8192,1,m,n,n,16,16,32,4,1,1,1,4,15.196160078048706,4416.172484056726
64,64,8192,1,m,n,n,16,16,32,4,1,1,1,8,13.3132803440094,5040.745951856794
64,64,8192,1,m,n,n,16,16,32,4,1,1,1,16,15.626239776611328,4294.626535837854
64,64,8192,1,m,n,n,16,16,32,4,1,1,1,32,20.643839836120605,3250.7936765998043
64,64,8192,1,m,n,n,16,16,32,4,1,1,1,64,32.35840082168579,2073.9239979691865
64,64,8192,1,m,n,n,16,16,32,5,1,1,1,1,48.558077812194824,1382.0329597796876
64,64,8192,1,m,n,n,16,16,32,5,1,1,1,2,23.121919631958008,2902.3915430985826
64,64,8192,1,m,n,n,16,16,32,5,1,1,1,4,15.626239776611328,4294.626535837854
64,64,8192,1,m,n,n,16,16,32,5,1,1,1,8,13.16864013671875,5096.11192220806
64,64,8192,1,m,n,n,16,16,32,5,1,1,1,16,15.196160078048706,4416.172484056726
64,64,8192,1,m,n,n,16,16,32,5,1,1,1,32,20.828158855438232,3222.0257424471233
64,64,8192,1,m,n,n,16,16,32,5,1,1,1,64,32.17344045639038,2085.846681238924
64,64,8192,1,m,n,n,16,16,32,6,1,1,1,1,48.762879371643066,1376.2284931645283
64,64,8192,1,m,n,n,16,16,32,6,1,1,1,2,23.142399787902832,2899.823035426069
64,64,8192,1,m,n,n,16,16,32,6,1,1,1,4,15.196160078048706,4416.172484056726
64,64,8192,1,m,n,n,16,16,32,6,1,1,1,8,13.148159980773926,5104.049851700225
64,64,8192,1,m,n,n,16,16,32,6,1,1,1,16,15.237120389938354,4404.300962556844
64,64,8192,1,m,n,n,16,16,32,6,1,1,1,32,20.971519947052002,3200.000008079224
64,64,8192,1,m,n,n,16,16,64,3,1,1,1,1,32.07168102264404,2092.464811951021
64,64,8192,1,m,n,n,16,16,64,3,1,1,1,2,19.865599870681763,3378.1443518874676
64,64,8192,1,m,n,n,16,16,64,3,1,1,1,4,13.680640459060669,4905.389056954121
64,64,8192,1,m,n,n,16,16,64,3,1,1,1,8,13.209600448608398,5080.309904988063
64,64,8192,1,m,n,n,16,16,64,3,1,1,1,16,15.441919565200806,4345.888716531942
64,64,8192,1,m,n,n,16,16,64,3,1,1,1,32,20.643839836120605,3250.7936765998043
64,64,8192,1,m,n,n,16,16,64,3,1,1,1,64,32.150399684906006,2087.341515430874
64,64,8192,1,m,n,n,16,16,64,4,1,1,1,1,31.92831993103027,2101.860171313891
64,64,8192,1,m,n,n,16,16,64,4,1,1,1,2,20.27519941329956,3309.899085677047
64,64,8192,1,m,n,n,16,16,64,4,1,1,1,4,15.33951997756958,4374.899872885908
64,64,8192,1,m,n,n,16,16,64,4,1,1,1,8,13.234560489654541,5070.728571036342
64,64,8192,1,m,n,n,16,16,64,4,1,1,1,16,15.134719610214233,4434.100249515628
64,64,8192,1,m,n,n,16,16,64,4,1,1,1,32,20.8076810836792,3225.196682423098
64,64,8192,1,m,n,n,16,16,64,5,1,1,1,1,31.887359619140625,2104.5600765175113
64,64,8192,1,m,n,n,16,16,64,5,1,1,1,2,20.357120037078857,3296.5794708567123
64,64,8192,1,m,n,n,16,16,64,5,1,1,1,4,13.946880102157593,4811.747395004723
64,64,8192,1,m,n,n,16,16,64,5,1,1,1,8,13.63968014717102,4920.120067032431
64,64,8192,1,m,n,n,16,16,64,5,1,1,1,16,15.298559665679932,4386.613215004081
64,64,8192,1,m,n,n,16,16,64,5,1,1,1,32,21.95456027984619,3056.71637894768
64,64,8192,1,m,n,n,16,16,64,6,1,1,1,1,31.9488000869751,2100.5128147945366
64,64,8192,1,m,n,n,16,16,64,6,1,1,1,2,20.480000972747803,3276.7998443603587
64,64,8192,1,m,n,n,16,16,64,6,1,1,1,4,14.008320569992065,4790.643079924749
64,64,8192,1,m,n,n,16,16,64,6,1,1,1,8,14.172159433364868,4735.260304933395
64,64,8192,1,m,n,n,16,16,64,6,1,1,1,16,15.482879877090454,4334.39156879974
64,64,8192,1,m,n,n,16,16,128,3,1,1,1,1,32.99328088760376,2034.0160843238284
64,64,8192,1,m,n,n,16,16,128,3,1,1,1,2,20.602879524230957,3257.2565364503325
64,64,8192,1,m,n,n,16,16,128,3,1,1,1,4,14.192639589309692,4728.4272652529235
64,64,8192,1,m,n,n,16,16,128,3,1,1,1,8,13.455359935760498,4987.519049686946
64,64,8192,1,m,n,n,16,16,128,3,1,1,1,16,15.626239776611328,4294.626535837854
64,64,8192,1,m,n,n,16,16,128,3,1,1,1,32,22.03648090362549,3045.3530349738876
64,64,8192,1,m,n,n,16,16,128,4,1,1,1,1,33.116159439086914,2026.4688036497248
64,64,8192,1,m,n,n,16,16,128,4,1,1,1,2,20.889599323272705,3212.5491236797106
64,64,8192,1,m,n,n,16,16,128,4,1,1,1,4,14.295040369033813,4694.555752733129
64,64,8192,1,m,n,n,16,16,128,4,1,1,1,8,15.278079509735107,4392.493438539746
64,64,8192,1,m,n,n,16,16,128,4,1,1,1,16,17.940479516983032,3740.6393701167576
64,64,8192,1,m,n,n,16,16,128,5,1,1,1,1,33.19808006286621,2021.4682256599765
64,64,8192,1,m,n,n,16,16,128,5,1,1,1,2,21.15583896636963,3172.1201937053684
64,64,8192,1,m,n,n,16,16,128,5,1,1,1,4,14.499839544296265,4628.248733028106
64,64,8192,1,m,n,n,16,16,128,5,1,1,1,8,15.175679922103882,4422.132276409818
64,64,8192,1,m,n,n,16,16,128,5,1,1,1,16,18.411519527435303,3644.9389144660227
64,64,8192,1,m,n,n,16,16,128,6,1,1,1,1,33.54624032974243,2000.4883808246202
64,64,8192,1,m,n,n,16,16,128,6,1,1,1,2,21.278719902038574,3153.8017469542774
64,64,8192,1,m,n,n,16,16,128,6,1,1,1,4,15.257600545883179,4398.389104380334
64,64,8192,1,m,n,n,16,16,128,6,1,1,1,8,15.236480236053467,4404.4860072868405
64,64,8192,1,m,n,n,16,16,256,3,1,1,1,1,36.270079612731934,1850.2541134881517
64,64,8192,1,m,n,n,16,16,256,3,1,1,1,2,22.13887929916382,3031.2674410097484
64,64,8192,1,m,n,n,16,16,256,3,1,1,1,4,15.257600545883179,4398.389104380334
64,64,8192,1,m,n,n,16,16,256,3,1,1,1,8,15.81439971923828,4243.529010991281
64,64,8192,1,m,n,n,16,16,256,3,1,1,1,16,18.800640106201172,3569.498890511974
64,64,8192,1,m,n,n,16,16,256,4,1,1,1,1,36.63872003555298,1831.6377846955306
64,64,8192,1,m,n,n,16,16,256,4,1,1,1,2,22.814719676971436,2941.472213999539
64,64,8192,1,m,n,n,16,16,256,4,1,1,1,4,16.03584051132202,4184.929623902042
64,64,8192,1,m,n,n,16,16,256,4,1,1,1,8,19.576319456100464,3428.063388038308
64,64,8192,1,m,n,n,16,16,256,5,1,1,1,1,36.863999366760254,1820.4444757155434
64,64,8192,1,m,n,n,16,16,256,5,1,1,1,2,23.142399787902832,2899.823035426069
64,64,8192,1,m,n,n,16,16,256,5,1,1,1,4,16.363519430160522,4101.126550826706
64,64,8192,1,m,n,n,16,16,256,5,1,1,1,8,20.336639881134033,3299.899314353095
64,64,8192,1,m,n,n,16,16,256,6,1,1,1,1,37.150719165802,1806.3947483895572
64,64,8192,1,m,n,n,16,16,256,6,1,1,1,2,23.490560054779053,2856.8439340528616
64,64,8192,1,m,n,n,16,16,256,6,1,1,1,4,16.91648006439209,3967.070202817138
64,64,8192,1,m,n,n,16,16,256,6,1,1,1,8,20.643839836120605,3250.7936765998043
64,64,8192,1,m,n,n,16,32,16,3,1,1,1,1,81.75616264343262,820.841656826353
64,64,8192,1,m,n,n,16,32,16,3,1,1,1,2,47.04256057739258,1426.5563603748806
64,64,8192,1,m,n,n,16,32,16,3,1,1,1,4,27.13599920272827,2473.056676433453
64,64,8192,1,m,n,n,16,32,16,3,1,1,1,8,18.84160041809082,3561.739051400603
64,64,8192,1,m,n,n,16,32,16,3,1,1,1,16,16.936960220336914,3962.273225358326
64,64,8192,1,m,n,n,16,32,16,3,1,1,1,32,20.52095890045166,3270.2596562640624
64,64,8192,1,m,n,n,16,32,16,3,1,1,1,64,31.723520755767822,2115.429258834664
64,64,8192,1,m,n,n,16,32,16,3,1,1,1,128,66.19135856628418,1013.86140809902
64,64,8192,1,m,n,n,16,32,16,4,1,1,1,1,69.46815967559814,966.037740360252
64,64,8192,1,m,n,n,16,32,16,4,1,1,1,2,39.91552114486694,1681.2723991862517
64,64,8192,1,m,n,n,16,32,16,4,1,1,1,4,23.613440990447998,2841.9773309254915
64,64,8192,1,m,n,n,16,32,16,4,1,1,1,8,17.03935980796814,3938.4615828476017
64,64,8192,1,m,n,n,16,32,16,4,1,1,1,16,16.117759943008423,4163.659481050315
64,64,8192,1,m,n,n,16,32,16,4,1,1,1,32,20.31615972518921,3303.2258511333894
64,64,8192,1,m,n,n,16,32,16,4,1,1,1,64,31.744000911712643,2114.0644554114388
64,64,8192,1,m,n,n,16,32,16,4,1,1,1,128,66.23231887817383,1013.2344018248624
64,64,8192,1,m,n,n,16,32,16,5,1,1,1,1,69.48863983154297,965.7530232666503
64,64,8192,1,m,n,n,16,32,16,5,1,1,1,2,39.93599891662598,1680.4103019960153
64,64,8192,1,m,n,n,16,32,16,5,1,1,1,4,23.5315203666687,2851.8711479032427
64,64,8192,1,m,n,n,16,32,16,5,1,1,1,8,17.018879652023315,3943.201043320244
64,64,8192,1,m,n,n,16,32,16,5,1,1,1,16,15.892479419708252,4222.680566556427
64,64,8192,1,m,n,n,16,32,16,5,1,1,1,32,20.357120037078857,3296.5794708567123
64,64,8192,1,m,n,n,16,32,16,5,1,1,1,64,31.805438995361328,2109.9807491978813
64,64,8192,1,m,n,n,16,32,16,5,1,1,1,128,66.66240215301514,1006.697356119272
64,64,8192,1,m,n,n,16,32,16,6,1,1,1,1,69.46815967559814,966.037740360252
64,64,8192,1,m,n,n,16,32,16,6,1,1,1,2,39.89504098892212,1682.1354819170256
64,64,8192,1,m,n,n,16,32,16,6,1,1,1,4,23.613440990447998,2841.9773309254915
64,64,8192,1,m,n,n,16,32,16,6,1,1,1,8,17.03935980796814,3938.4615828476017
64,64,8192,1,m,n,n,16,32,16,6,1,1,1,16,16.117759943008423,4163.659481050315
64,64,8192,1,m,n,n,16,32,16,6,1,1,1,32,20.439040660858154,3283.366627305412
64,64,8192,1,m,n,n,16,32,16,6,1,1,1,64,31.82591915130615,2108.62296485303
64,64,8192,1,m,n,n,16,32,32,3,1,1,1,1,67.4406385421753,995.0804952422299
64,64,8192,1,m,n,n,16,32,32,3,1,1,1,2,33.62816095352173,1995.6150469468948
64,64,8192,1,m,n,n,16,32,32,3,1,1,1,4,20.439040660858154,3283.366627305412
64,64,8192,1,m,n,n,16,32,32,3,1,1,1,8,15.523840188980103,4322.955092493063
64,64,8192,1,m,n,n,16,32,32,3,1,1,1,16,15.544320344924927,4317.259456243155
64,64,8192,1,m,n,n,16,32,32,3,1,1,1,32,20.398080348968506,3289.9597830730963
64,64,8192,1,m,n,n,16,32,32,3,1,1,1,64,31.84639930725098,2107.266926867938
64,64,8192,1,m,n,n,16,32,32,3,1,1,1,128,66.53952121734619,1008.5564604649634
64,64,8192,1,m,n,n,16,32,32,4,1,1,1,1,66.88767910003662,1003.3068108049104
64,64,8192,1,m,n,n,16,32,32,4,1,1,1,2,33.669118881225586,1993.1874141625053
64,64,8192,1,m,n,n,16,32,32,4,1,1,1,4,20.516479015350342,3270.9737352978277
64,64,8192,1,m,n,n,16,32,32,4,1,1,1,8,15.544320344924927,4317.259456243155
64,64,8192,1,m,n,n,16,32,32,4,1,1,1,16,15.544320344924927,4317.259456243155
64,64,8192,1,m,n,n,16,32,32,4,1,1,1,32,20.56191921234131,3263.7451449435284
64,64,8192,1,m,n,n,16,32,32,4,1,1,1,64,31.90783977508545,2103.209257444013
64,64,8192,1,m,n,n,16,32,32,5,1,1,1,1,66.7193603515625,1005.8379403876941
64,64,8192,1,m,n,n,16,32,32,5,1,1,1,2,33.669118881225586,1993.1874141625053
64,64,8192,1,m,n,n,16,32,32,5,1,1,1,4,20.56191921234131,3263.7451449435284
64,64,8192,1,m,n,n,16,32,32,5,1,1,1,8,15.626239776611328,4294.626535837854
64,64,8192,1,m,n,n,16,32,32,5,1,1,1,16,15.380480289459229,4363.248919215613
64,64,8192,1,m,n,n,16,32,32,5,1,1,1,32,20.602879524230957,3257.2565364503325
64,64,8192,1,m,n,n,16,32,32,5,1,1,1,64,32.25600004196167,2080.507933801414
64,64,8192,1,m,n,n,16,32,32,6,1,1,1,1,66.72383785247803,1005.7704436662239
64,64,8192,1,m,n,n,16,32,32,6,1,1,1,2,33.83296012878418,1983.535101408569
64,64,8192,1,m,n,n,16,32,32,6,1,1,1,4,20.577919483184814,3261.2074342519327
64,64,8192,1,m,n,n,16,32,32,6,1,1,1,8,15.667200088500977,4283.398668614369
64,64,8192,1,m,n,n,16,32,32,6,1,1,1,16,15.626239776611328,4294.626535837854
64,64,8192,1,m,n,n,16,32,32,6,1,1,1,32,20.828158855438232,3222.0257424471233
64,64,8192,1,m,n,n,16,32,64,3,1,1,1,1,57.26208209991455,1171.9598997972892
64,64,8192,1,m,n,n,16,32,64,3,1,1,1,2,31.129601001739502,2155.789404311671
64,64,8192,1,m,n,n,16,32,64,3,1,1,1,4,19.353599548339844,3467.513308435516
64,64,8192,1,m,n,n,16,32,64,3,1,1,1,8,15.073280334472656,4452.173814250754
64,64,8192,1,m,n,n,16,32,64,3,1,1,1,16,15.646719932556154,4289.005254089484
64,64,8192,1,m,n,n,16,32,64,3,1,1,1,32,20.951039791107178,3203.1280866778197
64,64,8192,1,m,n,n,16,32,64,3,1,1,1,64,32.583680152893066,2059.5851568976773
64,64,8192,1,m,n,n,16,32,64,4,1,1,1,1,57.83552169799805,1160.339909276256
64,64,8192,1,m,n,n,16,32,64,4,1,1,1,2,31.272959709167477,2145.907027160191
64,64,8192,1,m,n,n,16,32,64,4,1,1,1,4,19.43552017211914,3452.8977565658242
64,64,8192,1,m,n,n,16,32,64,4,1,1,1,8,15.175679922103882,4422.132276409818
64,64,8192,1,m,n,n,16,32,64,4,1,1,1,16,15.97440004348755,4201.025629589073
64,64,8192,1,m,n,n,16,32,64,4,1,1,1,32,21.196799278259277,3165.990445964685
64,64,8192,1,m,n,n,16,32,64,5,1,1,1,1,57.774081230163574,1161.5738852280144
64,64,8192,1,m,n,n,16,32,64,5,1,1,1,2,31.4572811126709,2133.3332578755117
64,64,8192,1,m,n,n,16,32,64,5,1,1,1,4,19.619840383529663,3420.4592233245753
64,64,8192,1,m,n,n,16,32,64,5,1,1,1,8,15.278079509735107,4392.493438539746
64,64,8192,1,m,n,n,16,32,64,5,1,1,1,16,16.40447974205017,4090.886456336529
64,64,8192,1,m,n,n,16,32,64,5,1,1,1,32,23.756799697875977,2824.827622131276
64,64,8192,1,m,n,n,16,32,64,6,1,1,1,1,57.937917709350586,1158.28919390331
64,64,8192,1,m,n,n,16,32,64,6,1,1,1,2,31.723520755767822,2115.429258834664
64,64,8192,1,m,n,n,16,32,64,6,1,1,1,4,19.78368043899536,3392.132429905336
64,64,8192,1,m,n,n,16,32,64,6,1,1,1,8,15.58527946472168,4305.913419897628
64,64,8192,1,m,n,n,16,32,64,6,1,1,1,16,16.79360032081604,3996.0974846362797
64,64,8192,1,m,n,n,16,32,128,3,1,1,1,1,57.75360107421875,1161.9857939898652
64,64,8192,1,m,n,n,16,32,128,3,1,1,1,2,31.9488000869751,2100.5128147945366
64,64,8192,1,m,n,n,16,32,128,3,1,1,1,4,19.927040338516235,3367.728616993251
64,64,8192,1,m,n,n,16,32,128,3,1,1,1,8,15.626239776611328,4294.626535837854
64,64,8192,1,m,n,n,16,32,128,3,1,1,1,16,16.547839641571045,4055.44563239608
64,64,8192,1,m,n,n,16,32,128,3,1,1,1,32,23.490560054779053,2856.8439340528616
64,64,8192,1,m,n,n,16,32,128,4,1,1,1,1,58.081278800964355,1155.4302072096552
64,64,8192,1,m,n,n,16,32,128,4,1,1,1,2,32.21503973007202,2083.15322788056
64,64,8192,1,m,n,n,16,32,128,4,1,1,1,4,20.234239101409912,3316.599337571527
64,64,8192,1,m,n,n,16,32,128,4,1,1,1,8,15.97440004348755,4201.025629589073
64,64,8192,1,m,n,n,16,32,128,4,1,1,1,16,17.16223955154419,3910.2626320095746
64,64,8192,1,m,n,n,16,32,128,5,1,1,1,1,58.6956787109375,1143.3356845653916
64,64,8192,1,m,n,n,16,32,128,5,1,1,1,2,32.60416030883789,2058.291437789583
64,64,8192,1,m,n,n,16,32,128,5,1,1,1,4,20.56191921234131,3263.7451449435284
64,64,8192,1,m,n,n,16,32,128,5,1,1,1,8,16.588799953460693,4045.432110114753
64,64,8192,1,m,n,n,16,32,128,5,1,1,1,16,21.544959545135498,3114.8289630997283
64,64,8192,1,m,n,n,16,32,128,6,1,1,1,1,58.83903980255127,1140.5499516171599
64,64,8192,1,m,n,n,16,32,128,6,1,1,1,2,32.93184041976929,2037.810919298453
64,64,8192,1,m,n,n,16,32,128,6,1,1,1,4,20.91007947921753,3209.4026264557874
64,64,8192,1,m,n,n,16,32,128,6,1,1,1,8,17.121280431747437,3919.6171260393708
64,64,8192,1,m,n,n,16,32,128,6,1,1,1,16,21.99552059173584,3051.0241264857427
64,64,8192,1,m,n,n,16,32,256,3,1,1,1,1,59.84255790710449,1121.4237216292663
64,64,8192,1,m,n,n,16,32,256,3,1,1,1,2,34.1811203956604,1963.3313134030586
64,64,8192,1,m,n,n,16,32,256,3,1,1,1,4,21.278719902038574,3153.8017469542774
64,64,8192,1,m,n,n,16,32,256,3,1,1,1,8,17.346559762954712,3868.7131579437205
64,64,8192,1,m,n,n,16,32,256,3,1,1,1,16,22.527999877929688,2978.90910705062
64,64,8192,1,m,n,n,16,32,256,4,1,1,1,1,59.22815799713135,1133.0567464760654
64,64,8192,1,m,n,n,16,32,256,4,1,1,1,2,34.83648061752319,1926.3962033593998
64,64,8192,1,m,n,n,16,32,256,4,1,1,1,4,21.934080123901367,3059.570477581692
64,64,8192,1,m,n,n,16,32,256,4,1,1,1,8,18.26815962791443,3673.5426757195155
64,64,8192,1,m,n,n,16,32,256,4,1,1,1,16,23.32672119140625,2876.909422860657
64,64,8192,1,m,n,n,16,64,16,3,1,1,1,1,125.62432289123535,534.2027917483972
64,64,8192,1,m,n,n,16,64,16,3,1,1,1,2,68.03455829620361,986.3937634139786
64,64,8192,1,m,n,n,16,64,16,3,1,1,1,4,37.92896032333374,1769.3304384806695
64,64,8192,1,m,n,n,16,64,16,3,1,1,1,8,24.06399965286255,2788.76599767641
64,64,8192,1,m,n,n,16,64,16,3,1,1,1,16,19.271680116653442,3482.252901344523
64,64,8192,1,m,n,n,16,64,16,3,1,1,1,32,21.934080123901367,3059.570477581692
64,64,8192,1,m,n,n,16,64,16,3,1,1,1,64,32.276480197906494,2079.1878045101334
64,64,8192,1,m,n,n,16,64,16,3,1,1,1,128,66.47808074951172,1009.4885899739654
64,64,8192,1,m,n,n,16,64,16,4,1,1,1,1,128.6348819732666,521.7003581808146
64,64,8192,1,m,n,n,16,64,16,4,1,1,1,2,66.27327919006348,1012.6081705952737
64,64,8192,1,m,n,n,16,64,16,4,1,1,1,4,36.9049596786499,1818.423989196865
64,64,8192,1,m,n,n,16,64,16,4,1,1,1,8,23.654398918151855,2837.05640681075
64,64,8192,1,m,n,n,16,64,16,4,1,1,1,16,19.06432032585144,3520.1288508040648
64,64,8192,1,m,n,n,16,64,16,4,1,1,1,32,21.99552059173584,3051.0241264857427
64,64,8192,1,m,n,n,16,64,16,4,1,1,1,64,32.46079921722412,2067.381753323904
64,64,8192,1,m,n,n,16,64,16,4,1,1,1,128,66.43904209136963,1010.0817514453206
64,64,8192,1,m,n,n,16,64,16,5,1,1,1,1,129.26976203918457,519.1381413671807
64,64,8192,1,m,n,n,16,64,16,5,1,1,1,2,66.31423950195312,1011.9827129740887
64,64,8192,1,m,n,n,16,64,16,5,1,1,1,4,37.08928108215332,1809.3870261694437
64,64,8192,1,m,n,n,16,64,16,5,1,1,1,8,23.756799697875977,2824.827622131276
64,64,8192,1,m,n,n,16,64,16,5,1,1,1,16,19.189759492874146,3497.118555598363
64,64,8192,1,m,n,n,16,64,16,5,1,1,1,32,22.056961059570312,3042.5253877338687
64,64,8192,1,m,n,n,16,64,16,5,1,1,1,64,32.54271984100342,2062.1774801823317
64,64,8192,1,m,n,n,16,64,16,5,1,1,1,128,66.4576005935669,1009.7996828145515
64,64,8192,1,m,n,n,16,64,16,6,1,1,1,1,128.7987232208252,521.0367177704236
64,64,8192,1,m,n,n,16,64,16,6,1,1,1,2,66.33471965789795,1011.6702738188158
64,64,8192,1,m,n,n,16,64,16,6,1,1,1,4,37.068800926208496,1810.3866950968056
64,64,8192,1,m,n,n,16,64,16,6,1,1,1,8,23.695359230041504,2832.1522095735054
64,64,8192,1,m,n,n,16,64,16,6,1,1,1,16,19.148800373077393,3504.5988622009418
64,64,8192,1,m,n,n,16,64,16,6,1,1,1,32,22.13887929916382,3031.2674410097484
64,64,8192,1,m,n,n,16,64,16,6,1,1,1,64,32.78847932815552,2046.7208414381548
64,64,8192,1,m,n,n,16,64,32,3,1,1,1,1,119.3779182434082,562.154751795612
64,64,8192,1,m,n,n,16,64,32,3,1,1,1,2,58.42944145202637,1148.5453622742552
64,64,8192,1,m,n,n,16,64,32,3,1,1,1,4,32.972800731658936,2035.2794579432018
64,64,8192,1,m,n,n,16,64,32,3,1,1,1,8,21.790719032287598,3079.699384887846
64,64,8192,1,m,n,n,16,64,32,3,1,1,1,16,18.37056040763855,3653.065693744208
64,64,8192,1,m,n,n,16,64,32,3,1,1,1,32,21.831679344177246,3073.9212930909366
64,64,8192,1,m,n,n,16,64,32,3,1,1,1,64,32.64512062072754,2055.7088693184432
64,64,8192,1,m,n,n,16,64,32,3,1,1,1,128,67.11296081542969,999.9389564194469
64,64,8192,1,m,n,n,16,64,32,4,1,1,1,1,124.55936431884766,538.7701227200744
64,64,8192,1,m,n,n,16,64,32,4,1,1,1,2,58.30656051635742,1150.9659188552748
64,64,8192,1,m,n,n,16,64,32,4,1,1,1,4,33.03423881530762,2031.4941832079592
64,64,8192,1,m,n,n,16,64,32,4,1,1,1,8,21.831679344177246,3073.9212930909366
64,64,8192,1,m,n,n,16,64,32,4,1,1,1,16,18.3296000957489,3661.2290311540537
64,64,8192,1,m,n,n,16,64,32,4,1,1,1,32,21.934080123901367,3059.570477581692
64,64,8192,1,m,n,n,16,64,32,4,1,1,1,64,32.80895948410034,2045.4432281682646
64,64,8192,1,m,n,n,16,64,32,5,1,1,1,1,124.68223571777344,538.2391774872035
64,64,8192,1,m,n,n,16,64,32,5,1,1,1,2,58.40896129608154,1148.9480810969687
64,64,8192,1,m,n,n,16,64,32,5,1,1,1,4,33.19808006286621,2021.4682256599765
64,64,8192,1,m,n,n,16,64,32,5,1,1,1,8,21.95456027984619,3056.71637894768
64,64,8192,1,m,n,n,16,64,32,5,1,1,1,16,18.431999683380127,3640.8889514310868
64,64,8192,1,m,n,n,16,64,32,5,1,1,1,32,22.425599098205566,2992.511535862151
64,64,8192,1,m,n,n,16,64,32,5,1,1,1,64,36.08576059341431,1859.7048502352325
64,64,8192,1,m,n,n,16,64,32,6,1,1,1,1,124.88703727722168,537.3565220466646
64,64,8192,1,m,n,n,16,64,32,6,1,1,1,2,58.6137580871582,1144.933650222694
64,64,8192,1,m,n,n,16,64,32,6,1,1,1,4,33.361918926239014,2011.5408873324477
64,64,8192,1,m,n,n,16,64,32,6,1,1,1,8,22.118399143218994,3034.0741916023376
64,64,8192,1,m,n,n,16,64,32,6,1,1,1,16,18.575359582901,3612.7894967791144
64,64,8192,1,m,n,n,16,64,32,6,1,1,1,32,22.896640300750732,2930.9480831473625
64,64,8192,1,m,n,n,16,64,64,3,1,1,1,1,115.3433609008789,581.8181772739434
64,64,8192,1,m,n,n,16,64,64,3,1,1,1,2,62.95551776885987,1065.9727118183519
64,64,8192,1,m,n,n,16,64,64,3,1,1,1,4,35.880959033966064,1870.3196850583788
64,64,8192,1,m,n,n,16,64,64,3,1,1,1,8,23.101439476013184,2904.9646048974937
64,64,8192,1,m,n,n,16,64,64,3,1,1,1,16,19.107840061187744,3512.111457134968
64,64,8192,1,m,n,n,16,64,64,3,1,1,1,32,22.773759365081787,2946.762672081962
64,64,8192,1,m,n,n,16,64,64,3,1,1,1,64,36.618239879608154,1832.6621984190824
64,64,8192,1,m,n,n,16,64,64,4,1,1,1,1,115.3228759765625,581.9215262515547
64,64,8192,1,m,n,n,16,64,64,4,1,1,1,2,62.812161445617676,1068.4055834967944
64,64,8192,1,m,n,n,16,64,64,4,1,1,1,4,35.65567970275879,1882.1367187345354
64,64,8192,1,m,n,n,16,64,64,4,1,1,1,8,23.466880321502686,2859.7266905779634
64,64,8192,1,m,n,n,16,64,64,4,1,1,1,16,19.21023964881897,3493.390255760073
64,64,8192,1,m,n,n,16,64,64,4,1,1,1,32,23.57248067855835,2846.9156435046975
64,64,8192,1,m,n,n,16,64,64,5,1,1,1,1,115.65055847167969,580.2727188423695
64,64,8192,1,m,n,n,16,64,64,5,1,1,1,2,63.16031932830811,1062.5162240103205
64,64,8192,1,m,n,n,16,64,64,5,1,1,1,4,35.94239950180054,1867.1225330027894
64,64,8192,1,m,n,n,16,64,64,5,1,1,1,8,23.7772798538208,2822.39450486243
64,64,8192,1,m,n,n,16,64,64,5,1,1,1,16,19.55839991569519,3431.204203271588
64,64,8192,1,m,n,n,16,64,64,5,1,1,1,32,28.098559379577637,2388.338245154857
64,64,8192,1,m,n,n,16,64,64,6,1,1,1,1,116.55167579650879,575.7863500578701
64,64,8192,1,m,n,n,16,64,64,6,1,1,1,2,63.42656135559083,1058.056160789877
64,64,8192,1,m,n,n,16,64,64,6,1,1,1,4,36.29055976867676,1849.2099440671414
64,64,8192,1,m,n,n,16,64,64,6,1,1,1,8,24.084479808807373,2786.3945799426892
64,64,8192,1,m,n,n,16,64,64,6,1,1,1,16,20.090880393981934,3340.2649701753207
64,64,8192,1,m,n,n,16,64,64,6,1,1,1,32,28.42560052871704,2360.86002588417
64,64,8192,1,m,n,n,16,64,128,3,1,1,1,1,112.00511932373047,599.1588992109728
64,64,8192,1,m,n,n,16,64,128,3,1,1,1,2,63.13983917236328,1062.8608637535774
64,64,8192,1,m,n,n,16,64,128,3,1,1,1,4,36.00383996963501,1863.9362928120559
64,64,8192,1,m,n,n,16,64,128,3,1,1,1,8,23.715839385986328,2829.706463590514
64,64,8192,1,m,n,n,16,64,128,3,1,1,1,16,19.742720127105713,3399.170102597113
64,64,8192,1,m,n,n,16,64,128,3,1,1,1,32,28.528640270233154,2352.333071759524
64,64,8192,1,m,n,n,16,64,128,4,1,1,1,1,111.88223838806152,599.8169590353933
64,64,8192,1,m,n,n,16,64,128,4,1,1,1,2,63.75423908233642,1052.6180684759047
64,64,8192,1,m,n,n,16,64,128,4,1,1,1,4,36.55679941177368,1835.7423264572378
64,64,8192,1,m,n,n,16,64,128,4,1,1,1,8,24.350719451904297,2755.9294144285286
64,64,8192,1,m,n,n,16,64,128,4,1,1,1,16,20.705280303955078,3241.147331252551
64,64,8192,1,m,n,n,16,64,128,4,1,1,1,32,29.10207986831665,2305.981713460323
64,64,8192,1,m,n,n,32,16,16,3,1,1,1,1,78.86847972869873,850.8958741292989
64,64,8192,1,m,n,n,32,16,16,3,1,1,1,2,41.26719951629639,1626.2034930065647
64,64,8192,1,m,n,n,32,16,16,3,1,1,1,4,24.248321056365967,2767.567446999872
64,64,8192,1,m,n,n,32,16,16,3,1,1,1,8,17.408000230789185,3855.0587724203892
64,64,8192,1,m,n,n,32,16,16,3,1,1,1,16,16.343040466308594,4106.265546998177
64,64,8192,1,m,n,n,32,16,16,3,1,1,1,32,20.41856050491333,3286.659898666782
64,64,8192,1,m,n,n,32,16,16,3,1,1,1,64,31.5391993522644,2127.7922514916927
64,64,8192,1,m,n,n,32,16,16,3,1,1,1,128,65.65887928009033,1022.0836044691573
64,64,8192,1,m,n,n,32,16,16,4,1,1,1,1,68.05503845214844,986.0969228191133
64,64,8192,1,m,n,n,32,16,16,4,1,1,1,2,37.355520725250244,1796.491193191644
64,64,8192,1,m,n,n,32,16,16,4,1,1,1,4,22.179839611053467,3025.669489808027
64,64,8192,1,m,n,n,32,16,16,4,1,1,1,8,16.383999586105347,4096.000103473666
64,64,8192,1,m,n,n,32,16,16,4,1,1,1,16,15.749119520187378,4261.118465319867
64,64,8192,1,m,n,n,32,16,16,4,1,1,1,32,20.254719257354736,3313.2458242111625
64,64,8192,1,m,n,n,32,16,16,4,1,1,1,64,31.662080287933353,2119.5342627431737
64,64,8192,1,m,n,n,32,16,16,4,1,1,1,128,65.51680088043213,1024.300074151566
64,64,8192,1,m,n,n,32,16,16,5,1,1,1,1,67.80928134918213,989.6707746307567
64,64,8192,1,m,n,n,32,16,16,5,1,1,1,2,37.27360010147095,1800.4395555381745
64,64,8192,1,m,n,n,32,16,16,5,1,1,1,4,22.302720546722412,3008.9990079646254
64,64,8192,1,m,n,n,32,16,16,5,1,1,1,8,16.383999586105347,4096.000103473666
64,64,8192,1,m,n,n,32,16,16,5,1,1,1,16,15.626239776611328,4294.626535837854
64,64,8192,1,m,n,n,32,16,16,5,1,1,1,32,20.31615972518921,3303.2258511333894
64,64,8192,1,m,n,n,32,16,16,5,1,1,1,64,31.559679508209232,2126.4114542907128
64,64,8192,1,m,n,n,32,16,16,5,1,1,1,128,65.9878396987915,1016.9883467366947
64,64,8192,1,m,n,n,32,16,16,6,1,1,1,1,67.89120197296143,988.47659269204
64,64,8192,1,m,n,n,32,16,16,6,1,1,1,2,37.37600088119507,1795.5068069833114
64,64,8192,1,m,n,n,32,16,16,6,1,1,1,4,22.323200702667236,3006.2384374827416
64,64,8192,1,m,n,n,32,16,16,6,1,1,1,8,16.56831979751587,4050.4326823810948
64,64,8192,1,m,n,n,32,16,16,6,1,1,1,16,15.605759620666504,4300.262571719265
64,64,8192,1,m,n,n,32,16,16,6,1,1,1,32,20.336639881134033,3299.899314353095
64,64,8192,1,m,n,n,32,16,16,6,1,1,1,64,31.559679508209232,2126.4114542907128
64,64,8192,1,m,n,n,32,16,32,3,1,1,1,1,70.51263809204102,951.7281698126508
64,64,8192,1,m,n,n,32,16,32,3,1,1,1,2,34.95935916900635,1919.6251188579051
64,64,8192,1,m,n,n,32,16,32,3,1,1,1,4,21.073920726776123,3184.4508134043017
64,64,8192,1,m,n,n,32,16,32,3,1,1,1,8,15.831040143966677,4239.068525486347
64,64,8192,1,m,n,n,32,16,32,3,1,1,1,16,15.72864055633545,4266.666515751023
64,64,8192,1,m,n,n,32,16,32,3,1,1,1,32,20.336639881134033,3299.899314353095
64,64,8192,1,m,n,n,32,16,32,3,1,1,1,64,31.580159664154056,2125.032448020641
64,64,8192,1,m,n,n,32,16,32,3,1,1,1,128,65.8841609954834,1018.588731889605
64,64,8192,1,m,n,n,32,16,32,4,1,1,1,1,70.98368167877197,945.4125569830686
64,64,8192,1,m,n,n,32,16,32,4,1,1,1,2,34.5088005065918,1944.6883987515305
64,64,8192,1,m,n,n,32,16,32,4,1,1,1,4,20.86911916732788,3215.7017966078697
64,64,8192,1,m,n,n,32,16,32,4,1,1,1,8,15.749119520187378,4261.118465319867
64,64,8192,1,m,n,n,32,16,32,4,1,1,1,16,15.503360033035278,4328.665776773637
64,64,8192,1,m,n,n,32,16,32,4,1,1,1,32,20.37760019302368,3293.266300463333
64,64,8192,1,m,n,n,32,16,32,4,1,1,1,64,31.544959545135498,2127.403711010584
64,64,8192,1,m,n,n,32,16,32,5,1,1,1,1,71.31135940551758,941.0683593672677
64,64,8192,1,m,n,n,32,16,32,5,1,1,1,2,34.652159214019775,1936.6430699316625
64,64,8192,1,m,n,n,32,16,32,5,1,1,1,4,20.951039791107178,3203.1280866778197
64,64,8192,1,m,n,n,32,16,32,5,1,1,1,8,15.81055998802185,4244.559588707924
64,64,8192,1,m,n,n,32,16,32,5,1,1,1,16,15.683200359344482,4279.028671594742
64,64,8192,1,m,n,n,32,16,32,5,1,1,1,32,20.52095890045166,3270.2596562640624
64,64,8192,1,m,n,n,32,16,32,5,1,1,1,64,31.461119651794434,2133.072972060368
64,64,8192,1,m,n,n,32,16,32,6,1,1,1,1,71.4137601852417,939.7189536851843
64,64,8192,1,m,n,n,32,16,32,6,1,1,1,2,34.77504014968872,1929.7997561219408
64,64,8192,1,m,n,n,32,16,32,6,1,1,1,4,21.073920726776123,3184.4508134043017
64,64,8192,1,m,n,n,32,16,32,6,1,1,1,8,16.039680242538452,4183.927795644092
64,64,8192,1,m,n,n,32,16,32,6,1,1,1,16,15.544320344924927,4317.259456243155
64,64,8192,1,m,n,n,32,16,32,6,1,1,1,32,20.56191921234131,3263.7451449435284
64,64,8192,1,m,n,n,32,16,64,3,1,1,1,1,60.72319984436035,1105.1602051935133
64,64,8192,1,m,n,n,32,16,64,3,1,1,1,2,32.50175952911377,2064.776337412951
64,64,8192,1,m,n,n,32,16,64,3,1,1,1,4,20.090880393981934,3340.2649701753207
64,64,8192,1,m,n,n,32,16,64,3,1,1,1,8,15.523840188980103,4322.955092493063
64,64,8192,1,m,n,n,32,16,64,3,1,1,1,16,15.503360033035278,4328.665776773637
64,64,8192,1,m,n,n,32,16,64,3,1,1,1,32,20.8076810836792,3225.196682423098
64,64,8192,1,m,n,n,32,16,64,3,1,1,1,64,31.887359619140625,2104.5600765175113
64,64,8192,1,m,n,n,32,16,64,4,1,1,1,1,60.51839828491211,1108.900200630904
64,64,8192,1,m,n,n,32,16,64,4,1,1,1,2,32.64512062072754,2055.7088693184432
64,64,8192,1,m,n,n,32,16,64,4,1,1,1,4,20.090880393981934,3340.2649701753207
64,64,8192,1,m,n,n,32,16,64,4,1,1,1,8,15.523840188980103,4322.955092493063
64,64,8192,1,m,n,n,32,16,64,4,1,1,1,16,15.564800500869751,4311.578808623342
64,64,8192,1,m,n,n,32,16,64,4,1,1,1,32,20.746240615844727,3234.748176435701
64,64,8192,1,m,n,n,32,16,64,5,1,1,1,1,61.1737585067749,1097.0204486057169
64,64,8192,1,m,n,n,32,16,64,5,1,1,1,2,32.60416030883789,2058.291437789583
64,64,8192,1,m,n,n,32,16,64,5,1,1,1,4,20.254719257354736,3313.2458242111625
64,64,8192,1,m,n,n,32,16,64,5,1,1,1,8,15.58527946472168,4305.913419897628
64,64,8192,1,m,n,n,32,16,64,5,1,1,1,16,15.687680244445799,4277.806721854865
64,64,8192,1,m,n,n,32,16,64,5,1,1,1,32,23.142399787902832,2899.823035426069
64,64,8192,1,m,n,n,32,16,64,6,1,1,1,1,60.86656093597412,1102.5571835838102
64,64,8192,1,m,n,n,32,16,64,6,1,1,1,2,33.05471897125244,2030.2355030869971
64,64,8192,1,m,n,n,32,16,64,6,1,1,1,4,20.439040660858154,3283.366627305412
64,64,8192,1,m,n,n,32,16,64,6,1,1,1,8,15.9334397315979,4211.825263751127
64,64,8192,1,m,n,n,32,16,64,6,1,1,1,16,16.094080209732056,4169.785605978242
64,64,8192,1,m,n,n,32,16,128,3,1,1,1,1,55.39840221405029,1211.386273212401
64,64,8192,1,m,n,n,32,16,128,3,1,1,1,2,33.64864110946655,1994.4004211545976
64,64,8192,1,m,n,n,32,16,128,3,1,1,1,4,20.971519947052002,3200.000008079224
64,64,8192,1,m,n,n,32,16,128,3,1,1,1,8,16.302080154418945,4116.582875579166
64,64,8192,1,m,n,n,32,16,128,3,1,1,1,16,16.506880521774292,4065.508556354814
64,64,8192,1,m,n,n,32,16,128,3,1,1,1,32,23.941121101379395,2803.0794262234217
64,64,8192,1,m,n,n,32,16,128,4,1,1,1,1,55.562238693237305,1207.8142561985733
64,64,8192,1,m,n,n,32,16,128,4,1,1,1,2,32.80895948410034,2045.4432281682646
64,64,8192,1,m,n,n,32,16,128,4,1,1,1,4,20.684800148010254,3244.3564124285463
64,64,8192,1,m,n,n,32,16,128,4,1,1,1,8,16.32383942604065,4111.09557307605
64,64,8192,1,m,n,n,32,16,128,4,1,1,1,16,17.080320119857788,3929.016758999641
64,64,8192,1,m,n,n,32,16,128,5,1,1,1,1,55.86944103240967,1201.1729983314203
64,64,8192,1,m,n,n,32,16,128,5,1,1,1,2,33.13663959503174,2025.2163411905474
64,64,8192,1,m,n,n,32,16,128,5,1,1,1,4,20.992000102996826,3196.87803309507
64,64,8192,1,m,n,n,32,16,128,5,1,1,1,8,16.814080476760864,3991.2300938937897
64,64,8192,1,m,n,n,32,16,128,5,1,1,1,16,21.50399923324585,3120.7620160368874
64,64,8192,1,m,n,n,32,16,128,6,1,1,1,1,56.27903938293457,1192.4308718806835
64,64,8192,1,m,n,n,32,16,128,6,1,1,1,2,33.464319705963135,2005.3855745360217
64,64,8192,1,m,n,n,32,16,128,6,1,1,1,4,21.319680213928223,3147.7425236499353
64,64,8192,1,m,n,n,32,16,128,6,1,1,1,8,17.018879652023315,3943.201043320244
64,64,8192,1,m,n,n,32,16,128,6,1,1,1,16,21.811199188232422,3076.807626249481
64,64,8192,1,m,n,n,32,16,256,3,1,1,1,1,58.83456230163574,1140.6367511658061
64,64,8192,1,m,n,n,32,16,256,3,1,1,1,2,33.955841064453125,1976.3569947396566
64,64,8192,1,m,n,n,32,16,256,3,1,1,1,4,21.667840480804443,3097.164392522264
64,64,8192,1,m,n,n,32,16,256,3,1,1,1,8,17.059839963912964,3933.733501718468
64,64,8192,1,m,n,n,32,16,256,3,1,1,1,16,22.73279905319214,2952.0721950241573
64,64,8192,1,m,n,n,32,16,256,4,1,1,1,1,59.555840492248535,1126.8225491458647
64,64,8192,1,m,n,n,32,16,256,4,1,1,1,2,34.95935916900635,1919.6251188579051
64,64,8192,1,m,n,n,32,16,256,4,1,1,1,4,22.405118942260742,2995.2469421360065
64,64,8192,1,m,n,n,32,16,256,4,1,1,1,8,17.756160497665405,3779.4693289026945
64,64,8192,1,m,n,n,32,16,256,4,1,1,1,16,23.18336009979248,2894.6996341829117
64,64,8192,1,m,n,n,32,32,16,3,1,1,1,1,111.49312019348145,601.910358984855
64,64,8192,1,m,n,n,32,32,16,3,1,1,1,2,59.43295955657959,1129.1523171770207
64,64,8192,1,m,n,n,32,32,16,3,1,1,1,4,33.320960998535156,2014.0134614649983
64,64,8192,1,m,n,n,32,32,16,3,1,1,1,8,21.767680644989014,3082.9588643128436
64,64,8192,1,m,n,n,32,32,16,3,1,1,1,16,18.042880296707153,3719.409700470465
64,64,8192,1,m,n,n,32,32,16,3,1,1,1,32,21.381120681762695,3138.697217926532
64,64,8192,1,m,n,n,32,32,16,3,1,1,1,64,31.723520755767822,2115.429258834664
64,64,8192,1,m,n,n,32,32,16,3,1,1,1,128,65.55647850036621,1023.6801233859003
64,64,8192,1,m,n,n,32,32,16,4,1,1,1,1,112.08703994750977,598.7209942507806
64,64,8192,1,m,n,n,32,32,16,4,1,1,1,2,58.961920738220215,1138.1729624777774
64,64,8192,1,m,n,n,32,32,16,4,1,1,1,4,33.320960998535156,2014.0134614649983
64,64,8192,1,m,n,n,32,32,16,4,1,1,1,8,21.74976110458374,3085.498901680206
64,64,8192,1,m,n,n,32,32,16,4,1,1,1,16,18.02240014076233,3723.6363345532377
64,64,8192,1,m,n,n,32,32,16,4,1,1,1,32,21.36064052581787,3141.7065381952298
64,64,8192,1,m,n,n,32,32,16,4,1,1,1,64,31.744000911712643,2114.0644554114388
64,64,8192,1,m,n,n,32,32,16,4,1,1,1,128,65.76128005981445,1020.4920576205304
64,64,8192,1,m,n,n,32,32,16,5,1,1,1,1,112.14847564697266,598.3930108087167
64,64,8192,1,m,n,n,32,32,16,5,1,1,1,2,58.961920738220215,1138.1729624777774
64,64,8192,1,m,n,n,32,32,16,5,1,1,1,4,33.34144115447998,2012.776343082063
64,64,8192,1,m,n,n,32,32,16,5,1,1,1,8,21.790719032287598,3079.699384887846
64,64,8192,1,m,n,n,32,32,16,5,1,1,1,16,18.14527988433838,3698.4198881342827
64,64,8192,1,m,n,n,32,32,16,5,1,1,1,32,21.381120681762695,3138.697217926532
64,64,8192,1,m,n,n,32,32,16,5,1,1,1,64,31.764481067657474,2112.7014119028095
64,64,8192,1,m,n,n,32,32,16,5,1,1,1,128,65.47391891479492,1024.970936707374
64,64,8192,1,m,n,n,32,32,16,5,2,2,1,128,66.1299180984497,1014.8033738691905
64,64,8192,1,m,n,n,32,32,16,6,1,1,1,1,112.16896057128906,598.2837289229307
64,64,8192,1,m,n,n,32,32,16,6,1,1,1,2,59.51488018035889,1127.5980695353442
64,64,8192,1,m,n,n,32,32,16,6,1,1,1,4,33.464319705963135,2005.3855745360217
64,64,8192,1,m,n,n,32,32,16,6,1,1,1,8,21.831679344177246,3073.9212930909366
64,64,8192,1,m,n,n,32,32,16,6,1,1,1,16,18.063360452651978,3715.1926506646996
64,64,8192,1,m,n,n,32,32,16,6,1,1,1,32,21.40160083770752,3135.693657166092
64,64,8192,1,m,n,n,32,32,16,6,1,1,1,64,31.744000911712643,2114.0644554114388
64,64,8192,1,m,n,n,32,32,32,3,1,1,1,1,96.44031524658203,695.8590277148479
64,64,8192,1,m,n,n,32,32,32,3,1,1,1,2,54.333438873291016,1235.1300670753067
64,64,8192,1,m,n,n,32,32,32,3,1,1,1,4,30.904319286346436,2171.504357633555
64,64,8192,1,m,n,n,32,32,32,3,1,1,1,8,20.66431999206543,3247.5718545671034
64,64,8192,1,m,n,n,32,32,32,3,1,1,1,16,17.592320442199707,3814.6681229738247
64,64,8192,1,m,n,n,32,32,32,3,1,1,1,32,21.340160369873047,3144.7216345543907
64,64,8192,1,m,n,n,32,32,32,3,1,1,1,64,31.84639930725098,2107.266926867938
64,64,8192,1,m,n,n,32,32,32,3,1,1,1,128,65.45407772064209,1025.2816377066765
64,64,8192,1,m,n,n,32,32,32,3,2,2,1,1,45.81376075744629,1464.8189297381034
64,64,8192,1,m,n,n,32,32,32,3,2,2,1,2,26.43968105316162,2538.1873504852742
64,64,8192,1,m,n,n,32,32,32,3,2,2,1,4,17.326079607009888,3873.286139863325
64,64,8192,1,m,n,n,32,32,32,3,2,2,1,8,15.364480018615723,4367.792721829205
64,64,8192,1,m,n,n,32,32,32,3,2,2,1,16,14.295040369033813,4694.555752733129
64,64,8192,1,m,n,n,32,32,32,3,2,2,1,32,20.049920082092285,3347.088852485687
64,64,8192,1,m,n,n,32,32,32,3,2,2,1,64,31.334400177001953,2141.6993343071845
64,64,8192,1,m,n,n,32,32,32,3,2,2,1,128,65.16736030578613,1029.7925784488386
64,64,8192,1,m,n,n,32,32,32,4,1,1,1,1,96.31744384765625,696.7467295555
64,64,8192,1,m,n,n,32,32,32,4,1,1,1,2,53.90336036682129,1244.9847939592835
64,64,8192,1,m,n,n,32,32,32,4,1,1,1,4,30.597119331359863,2193.3066075020406
64,64,8192,1,m,n,n,32,32,32,4,1,1,1,8,20.52095890045166,3270.2596562640624
64,64,8192,1,m,n,n,32,32,32,4,1,1,1,16,17.52959966659546,3828.316976792298
64,64,8192,1,m,n,n,32,32,32,4,1,1,1,32,21.319680213928223,3147.7425236499353
64,64,8192,1,m,n,n,32,32,32,4,1,1,1,64,31.92831993103027,2101.860171313891
64,64,8192,1,m,n,n,32,32,32,4,2,2,1,1,41.000962257385254,1636.763146648152
64,64,8192,1,m,n,n,32,32,32,4,2,2,1,2,25.088000297546387,2674.938743785142
64,64,8192,1,m,n,n,32,32,32,4,2,2,1,4,16.588799953460693,4045.432110114753
64,64,8192,1,m,n,n,32,32,32,4,2,2,1,8,13.51680040359497,4964.84833660424
64,64,8192,1,m,n,n,32,32,32,4,2,2,1,16,15.7695996761322,4255.584502983385
64,64,8192,1,m,n,n,32,32,32,4,2,2,1,32,20.02943992614746,3350.511259797766
64,64,8192,1,m,n,n,32,32,32,4,2,2,1,64,31.662080287933353,2119.5342627431737
64,64,8192,1,m,n,n,32,32,32,5,1,1,1,1,96.44031524658203,695.8590277148479
64,64,8192,1,m,n,n,32,32,32,5,1,1,1,2,53.985280990600586,1243.0955765828905
64,64,8192,1,m,n,n,32,32,32,5,1,1,1,4,30.699520111083984,2185.9906525304455
64,64,8192,1,m,n,n,32,32,32,5,1,1,1,8,20.541439056396484,3266.999153065797
64,64,8192,1,m,n,n,32,32,32,5,1,1,1,16,17.571840286254883,3819.1141568987614
64,64,8192,1,m,n,n,32,32,32,5,1,1,1,32,21.340160369873047,3144.7216345543907
64,64,8192,1,m,n,n,32,32,32,5,1,1,1,64,31.887359619140625,2104.5600765175113
64,64,8192,1,m,n,n,32,32,32,5,2,2,1,1,41.000962257385254,1636.763146648152
64,64,8192,1,m,n,n,32,32,32,5,2,2,1,2,25.088000297546387,2674.938743785142
64,64,8192,1,m,n,n,32,32,32,5,2,2,1,4,16.773120164871216,4000.9767616492404
64,64,8192,1,m,n,n,32,32,32,5,2,2,1,8,13.51680040359497,4964.84833660424
64,64,8192,1,m,n,n,32,32,32,5,2,2,1,16,13.987840414047241,4797.657251837543
64,64,8192,1,m,n,n,32,32,32,5,2,2,1,32,20.02943992614746,3350.511259797766
64,64,8192,1,m,n,n,32,32,32,5,2,2,1,64,31.003520488739014,2164.5562485194237
64,64,8192,1,m,n,n,32,32,32,6,1,1,1,1,96.93183898925781,692.3304530252144
64,64,8192,1,m,n,n,32,32,32,6,1,1,1,2,53.92384052276611,1244.5119514747341
64,64,8192,1,m,n,n,32,32,32,6,1,1,1,4,30.801920890808105,2178.7233412454675
64,64,8192,1,m,n,n,32,32,32,6,1,1,1,8,20.684800148010254,3244.3564124285463
64,64,8192,1,m,n,n,32,32,32,6,1,1,1,16,17.63327956199646,3805.8072954638656
64,64,8192,1,m,n,n,32,32,32,6,1,1,1,32,21.381120681762695,3138.697217926532
64,64,8192,1,m,n,n,32,32,32,6,2,2,1,1,41.021437644958496,1635.9461747983771
64,64,8192,1,m,n,n,32,32,32,6,2,2,1,2,25.169920921325684,2666.232611924528
64,64,8192,1,m,n,n,32,32,32,6,2,2,1,4,16.629760265350342,4035.4679159042107
64,64,8192,1,m,n,n,32,32,32,6,2,2,1,8,13.557759523391724,4949.849116604738
64,64,8192,1,m,n,n,32,32,32,6,2,2,1,16,14.008320569992065,4790.643079924749
64,64,8192,1,m,n,n,32,32,32,6,2,2,1,32,20.07040023803711,3343.673429731428
64,64,8192,1,m,n,n,32,32,64,3,1,1,1,1,96.68607711791992,694.0902558095612
64,64,8192,1,m,n,n,32,32,64,3,1,1,1,2,50.872321128845215,1319.162611629853
64,64,8192,1,m,n,n,32,32,64,3,1,1,1,4,29.3887996673584,2283.484346403456
64,64,8192,1,m,n,n,32,32,64,3,1,1,1,8,20.049920082092285,3347.088852485687
64,64,8192,1,m,n,n,32,32,64,3,1,1,1,16,17.46943950653076,3841.5006946795334
64,64,8192,1,m,n,n,32,32,64,3,1,1,1,32,21.60640001296997,3105.9715621165788
64,64,8192,1,m,n,n,32,32,64,3,1,1,1,64,32.56319999694824,2060.8805033377957
64,64,8192,1,m,n,n,32,32,64,3,2,2,1,1,36.761600971221924,1825.5152721051195
64,64,8192,1,m,n,n,32,32,64,3,2,2,1,2,20.02943992614746,3350.511259797766
64,64,8192,1,m,n,n,32,32,64,3,2,2,1,4,14.22976016998291,4716.092414653858
64,64,8192,1,m,n,n,32,32,64,3,2,2,1,8,12.390400171279907,5416.198272236091
64,64,8192,1,m,n,n,32,32,64,3,2,2,1,16,13.680640459060669,4905.389056954121
64,64,8192,1,m,n,n,32,32,64,3,2,2,1,32,19.96799945831299,3360.8206039920306
64,64,8192,1,m,n,n,32,32,64,3,2,2,1,64,30.842878818511963,2175.830096629019
64,64,8192,1,m,n,n,32,32,64,4,1,1,1,1,96.93183898925781,692.3304530252144
64,64,8192,1,m,n,n,32,32,64,4,1,1,1,2,50.91328144073486,1318.1013303594948
64,64,8192,1,m,n,n,32,32,64,4,1,1,1,4,29.45024013519287,2278.7204346020017
64,64,8192,1,m,n,n,32,32,64,4,1,1,1,8,20.111360549926758,3336.863452544706
64,64,8192,1,m,n,n,32,32,64,4,1,1,1,16,17.466880083084106,3842.0635901079977
64,64,8192,1,m,n,n,32,32,64,4,1,1,1,32,21.708800792694092,3091.320641837798
64,64,8192,1,m,n,n,32,32,64,4,2,2,1,1,36.92543983459473,1817.415426887536
64,64,8192,1,m,n,n,32,32,64,4,2,2,1,2,23.08095932006836,2907.5422329456815
64,64,8192,1,m,n,n,32,32,64,4,2,2,1,4,15.72864055633545,4266.666515751023
64,64,8192,1,m,n,n,32,32,64,4,2,2,1,8,13.209600448608398,5080.309904988063
64,64,8192,1,m,n,n,32,32,64,4,2,2,1,16,13.926399946212769,4818.823548023263
64,64,8192,1,m,n,n,32,32,64,4,2,2,1,32,20.27519941329956,3309.899085677047
64,64,8192,1,m,n,n,32,32,64,5,1,1,1,1,96.54272079467773,695.1209106973876
64,64,8192,1,m,n,n,32,32,64,5,1,1,1,2,51.03616237640381,1314.9277076331916
64,64,8192,1,m,n,n,32,32,64,5,1,1,1,4,29.614078998565674,2266.113492952131
64,64,8192,1,m,n,n,32,32,64,5,1,1,1,8,20.209920406341553,3320.590217611263
64,64,8192,1,m,n,n,32,32,64,5,1,1,1,16,17.530879974365234,3828.03738877517
64,64,8192,1,m,n,n,32,32,64,5,1,1,1,32,21.790719032287598,3079.699384887846
64,64,8192,1,m,n,n,32,32,64,5,2,2,1,1,36.92543983459473,1817.415426887536
64,64,8192,1,m,n,n,32,32,64,5,2,2,1,2,23.08095932006836,2907.5422329456815
64,64,8192,1,m,n,n,32,32,64,5,2,2,1,4,15.72864055633545,4266.666515751023
64,64,8192,1,m,n,n,32,32,64,5,2,2,1,8,13.230079412460327,5072.4460456976285
64,64,8192,1,m,n,n,32,32,64,5,2,2,1,16,13.946880102157593,4811.747395004723
64,64,8192,1,m,n,n,32,32,64,5,2,2,1,32,20.41856050491333,3286.659898666782
64,64,8192,1,m,n,n,32,32,64,6,1,1,1,1,96.70656204223633,693.94322973337
64,64,8192,1,m,n,n,32,32,64,6,1,1,1,2,51.220479011535645,1310.195946915804
64,64,8192,1,m,n,n,32,32,64,6,1,1,1,4,29.818880558013916,2250.5494084339225
64,64,8192,1,m,n,n,32,32,64,6,1,1,1,8,20.398080348968506,3289.9597830730963
64,64,8192,1,m,n,n,32,32,64,6,1,1,1,16,17.653759717941284,3801.392172104742
64,64,8192,1,m,n,n,32,32,64,6,2,2,1,1,37.00736045837402,1813.392340571931
64,64,8192,1,m,n,n,32,32,64,6,2,2,1,2,23.101439476013184,2904.9646048974937
64,64,8192,1,m,n,n,32,32,64,6,2,2,1,4,15.7695996761322,4255.584502983385
64,64,8192,1,m,n,n,32,32,64,6,2,2,1,8,13.230079412460327,5072.4460456976285
64,64,8192,1,m,n,n,32,32,64,6,2,2,1,16,13.967360258102417,4804.691993325681
64,64,8192,1,m,n,n,32,32,128,3,1,1,1,1,95.43680191040039,703.1759515894538
64,64,8192,1,m,n,n,32,32,128,3,1,1,1,2,52.1830415725708,1286.0282187015089
64,64,8192,1,m,n,n,32,32,128,3,1,1,1,4,30.248959064483643,2218.551185742945
64,64,8192,1,m,n,n,32,32,128,3,1,1,1,8,20.8076810836792,3225.196682423098
64,64,8192,1,m,n,n,32,32,128,3,1,1,1,16,18.186240196228027,3690.0900502743234
64,64,8192,1,m,n,n,32,32,128,3,1,1,1,32,22.671360969543457,2960.0721408014965
64,64,8192,1,m,n,n,32,32,128,3,2,2,1,1,34.14016008377075,1965.6868578042088
64,64,8192,1,m,n,n,32,32,128,3,2,2,1,2,20.684800148010254,3244.3564124285463
64,64,8192,1,m,n,n,32,32,128,3,2,2,1,4,14.643199443817139,4582.9372370077
64,64,8192,1,m,n,n,32,32,128,3,2,2,1,8,12.759040594100952,5259.7108305327665
64,64,8192,1,m,n,n,32,32,128,3,2,2,1,16,13.987840414047241,4797.657251837543
64,64,8192,1,m,n,n,32,32,128,3,2,2,1,32,20.37760019302368,3293.266300463333
64,64,8192,1,m,n,n,32,32,128,4,1,1,1,1,95.80544471740723,700.4702519564294
64,64,8192,1,m,n,n,32,32,128,4,1,1,1,2,52.36735820770264,1281.5018037348514
64,64,8192,1,m,n,n,32,32,128,4,1,1,1,4,30.412800312042236,2206.5993039591167
64,64,8192,1,m,n,n,32,32,128,4,1,1,1,8,20.971519947052002,3200.000008079224
64,64,8192,1,m,n,n,32,32,128,4,1,1,1,16,18.309119939804077,3665.324396838165
64,64,8192,1,m,n,n,32,32,128,4,2,2,1,1,34.447360038757324,1948.156953812851
64,64,8192,1,m,n,n,32,32,128,4,2,2,1,2,20.27519941329956,3309.899085677047
64,64,8192,1,m,n,n,32,32,128,4,2,2,1,4,14.520319700241089,4621.720828838621
64,64,8192,1,m,n,n,32,32,128,4,2,2,1,8,12.759040594100952,5259.7108305327665
64,64,8192,1,m,n,n,32,32,128,4,2,2,1,16,14.130560159683228,4749.200544184542
64,64,8192,1,m,n,n,32,32,128,5,1,1,1,1,96.11264228820801,698.2313918575261
64,64,8192,1,m,n,n,32,32,128,5,1,1,1,2,52.674560546875,1274.027980552015
64,64,8192,1,m,n,n,32,32,128,5,1,1,1,4,30.760960578918457,2181.6244596078063
64,64,8192,1,m,n,n,32,32,128,5,1,1,1,8,21.319680213928223,3147.7425236499353
64,64,8192,1,m,n,n,32,32,128,5,1,1,1,16,18.534400463104248,3620.7733901936112
64,64,8192,1,m,n,n,32,32,128,5,2,2,1,1,34.652159214019775,1936.6430699316625
64,64,8192,1,m,n,n,32,32,128,5,2,2,1,2,20.41856050491333,3286.659898666782
64,64,8192,1,m,n,n,32,32,128,5,2,2,1,4,14.643199443817139,4582.9372370077
64,64,8192,1,m,n,n,32,32,128,5,2,2,1,8,12.77951955795288,5251.282232925351
64,64,8192,1,m,n,n,32,32,128,5,2,2,1,16,14.295040369033813,4694.555752733129
64,64,8192,1,m,n,n,32,32,128,6,1,1,1,1,96.68607711791992,694.0902558095612
64,64,8192,1,m,n,n,32,32,128,6,1,1,1,2,53.002238273620605,1266.15150955616
64,64,8192,1,m,n,n,32,32,128,6,1,1,1,4,31.06816053390503,2160.052698542077
64,64,8192,1,m,n,n,32,32,128,6,1,1,1,8,21.60640001296997,3105.9715621165788
64,64,8192,1,m,n,n,32,32,128,6,1,1,1,16,18.677760362625122,3592.982386383288
64,64,8192,1,m,n,n,32,32,128,6,2,2,1,1,34.77504014968872,1929.7997561219408
64,64,8192,1,m,n,n,32,32,128,6,2,2,1,2,20.62335968017578,3254.021897533429
64,64,8192,1,m,n,n,32,32,128,6,2,2,1,4,15.400960445404053,4357.446682490935
64,64,8192,1,m,n,n,32,32,128,6,2,2,1,8,12.938239574432373,5186.862062178518
64,64,8192,1,m,n,n,32,32,256,3,1,1,1,1,93.92127990722656,714.5224603656244
64,64,8192,1,m,n,n,32,32,256,3,1,1,1,2,52.899842262268066,1268.6023460577844
64,64,8192,1,m,n,n,32,32,256,3,1,1,1,4,31.211519241333008,2150.1312858596325
64,64,8192,1,m,n,n,32,32,256,3,1,1,1,8,21.913599967956543,3062.4299110201355
64,64,8192,1,m,n,n,32,32,256,3,1,1,1,16,19.57568049430847,3428.1752820552806
64,64,8192,1,m,n,n,32,32,256,3,2,2,1,1,35.30751943588257,1900.696086052371
64,64,8192,1,m,n,n,32,32,256,3,2,2,1,2,22.016000747680664,3048.1859429928377
64,64,8192,1,m,n,n,32,32,256,3,2,2,1,4,15.646719932556154,4289.005254089484
64,64,8192,1,m,n,n,32,32,256,3,2,2,1,8,13.51680040359497,4964.84833660424
64,64,8192,1,m,n,n,32,32,256,3,2,2,1,16,14.725120067596436,4557.440869204003
64,64,8192,1,m,n,n,32,64,16,3,1,1,1,1,184.0947151184082,364.53444063745195
64,64,8192,1,m,n,n,32,64,16,3,1,1,1,2,97.3414421081543,689.4171952521165
64,64,8192,1,m,n,n,32,64,16,3,1,1,1,4,52.63360023498535,1275.0194495605301
64,64,8192,1,m,n,n,32,64,16,3,1,1,1,8,32.07168102264404,2092.464811951021
64,64,8192,1,m,n,n,32,64,16,3,1,1,1,16,22.753279209136963,2949.415044010505
64,64,8192,1,m,n,n,32,64,16,3,1,1,1,32,23.633921146392822,2839.5145936349472
64,64,8192,1,m,n,n,32,64,16,3,1,1,1,64,34.14016008377075,1965.6868578042088
64,64,8192,1,m,n,n,32,64,16,3,1,1,1,128,67.05152034759521,1000.8552177804099
64,64,8192,1,m,n,n,32,64,16,4,1,1,1,1,161.34143829345703,415.9431371743356
64,64,8192,1,m,n,n,32,64,16,4,1,1,1,2,85.34015655517578,786.3691222151846
64,64,8192,1,m,n,n,32,64,16,4,1,1,1,4,52.63360023498535,1275.0194495605301
64,64,8192,1,m,n,n,32,64,16,4,1,1,1,8,32.15359926223755,2087.1338058509455
64,64,8192,1,m,n,n,32,64,16,4,1,1,1,16,22.814719676971436,2941.472213999539
64,64,8192,1,m,n,n,32,64,16,4,1,1,1,32,23.715839385986328,2829.706463590514
64,64,8192,1,m,n,n,32,64,16,4,1,1,1,64,34.22208070755005,1960.9814076908099
64,64,8192,1,m,n,n,32,64,16,4,1,1,1,128,67.09248065948486,1000.2441904123101
64,64,8192,1,m,n,n,32,64,16,5,1,1,1,1,161.40287399291992,415.784814358038
64,64,8192,1,m,n,n,32,64,16,5,1,1,1,2,85.48352241516113,785.0502892718627
64,64,8192,1,m,n,n,32,64,16,5,1,1,1,4,52.797441482543945,1271.0628037191486
64,64,8192,1,m,n,n,32,64,16,5,1,1,1,8,32.235519886016846,2081.8297405251574
64,64,8192,1,m,n,n,32,64,16,5,1,1,1,16,22.896640300750732,2930.9480831473625
64,64,8192,1,m,n,n,32,64,16,5,1,1,1,32,23.736319541931152,2827.264938081472
64,64,8192,1,m,n,n,32,64,16,5,1,1,1,64,34.28352117538452,1957.4670774536423
64,64,8192,1,m,n,n,32,64,16,5,1,1,1,128,67.15392112731934,999.3290469631118
64,64,8192,1,m,n,n,32,64,16,6,1,1,1,1,161.54624938964844,415.41579735555416
64,64,8192,1,m,n,n,32,64,16,6,1,1,1,2,85.58591842651367,784.1110457629949
64,64,8192,1,m,n,n,32,64,16,6,1,1,1,4,52.81792163848877,1270.569948952655
64,64,8192,1,m,n,n,32,64,16,6,1,1,1,8,32.35840082168579,2073.9239979691865
64,64,8192,1,m,n,n,32,64,16,6,1,1,1,16,23.019518852233887,2915.3026364618195
64,64,8192,1,m,n,n,32,64,16,6,1,1,1,32,23.859200477600098,2812.703806357815
64,64,8192,1,m,n,n,32,64,16,6,1,1,1,64,34.3449592590332,1953.9654565858723
64,64,8192,1,m,n,n,32,64,32,3,1,1,1,1,168.73472213745117,397.718164642682
64,64,8192,1,m,n,n,32,64,32,3,1,1,1,2,89.2518424987793,751.9045223174844
64,64,8192,1,m,n,n,32,64,32,3,1,1,1,4,55.111680030822754,1217.6885909206087
64,64,8192,1,m,n,n,32,64,32,3,1,1,1,8,33.50528001785278,2002.9339842628403
64,64,8192,1,m,n,n,32,64,32,3,1,1,1,16,23.67487907409668,2834.602186983316
64,64,8192,1,m,n,n,32,64,32,3,1,1,1,32,24.289278984069824,2762.900621464042
64,64,8192,1,m,n,n,32,64,32,3,1,1,1,64,34.693119525909424,1934.3565789718602
64,64,8192,1,m,n,n,32,64,32,3,1,1,1,128,67.66592025756836,991.7675507042845
64,64,8192,1,m,n,n,32,64,32,3,2,2,1,1,62.79168128967286,1068.7540550222084
64,64,8192,1,m,n,n,32,64,32,3,2,2,1,2,35.90143918991089,1869.2527518189047
64,64,8192,1,m,n,n,32,64,32,3,2,2,1,4,22.79423952102661,2944.115066356798
64,64,8192,1,m,n,n,32,64,32,3,2,2,1,8,17.14176058769226,3914.9341549072847
64,64,8192,1,m,n,n,32,64,32,3,2,2,1,16,15.33951997756958,4374.899872885908
64,64,8192,1,m,n,n,32,64,32,3,2,2,1,32,20.049920082092285,3347.088852485687
64,64,8192,1,m,n,n,32,64,32,3,2,2,1,64,32.73087978363037,2050.3226446593417
64,64,8192,1,m,n,n,32,64,32,3,2,2,1,128,66.4576005935669,1009.7996828145515
64,64,8192,1,m,n,n,32,64,32,4,1,1,1,1,192.65535354614258,348.3363569438877
64,64,8192,1,m,n,n,32,64,32,4,1,1,1,2,101.99040412902832,657.9919412330242
64,64,8192,1,m,n,n,32,64,32,4,1,1,1,4,55.214080810546875,1215.4302492197066
64,64,8192,1,m,n,n,32,64,32,4,1,1,1,8,33.464319705963135,2005.3855745360217
64,64,8192,1,m,n,n,32,64,32,4,1,1,1,16,23.756799697875977,2824.827622131276
64,64,8192,1,m,n,n,32,64,32,4,1,1,1,32,24.37119960784912,2753.613489685857
64,64,8192,1,m,n,n,32,64,32,4,1,1,1,64,34.77504014968872,1929.7997561219408
64,64,8192,1,m,n,n,32,64,32,4,2,2,1,1,62.89408206939698,1067.0139668459183
64,64,8192,1,m,n,n,32,64,32,4,2,2,1,2,35.16416072845459,1908.4449226082618
64,64,8192,1,m,n,n,32,64,32,4,2,2,1,4,22.44607925415039,2989.7811212437578
64,64,8192,1,m,n,n,32,64,32,4,2,2,1,8,16.91648006439209,3967.070202817138
64,64,8192,1,m,n,n,32,64,32,4,2,2,1,16,15.237120389938354,4404.300962556844
64,64,8192,1,m,n,n,32,64,32,4,2,2,1,32,20.02943992614746,3350.511259797766
64,64,8192,1,m,n,n,32,64,32,4,2,2,1,64,32.72576093673706,2050.643348820207
64,64,8192,1,m,n,n,32,64,32,5,1,1,1,1,192.81919479370117,348.0403705232787
64,64,8192,1,m,n,n,32,64,32,5,1,1,1,2,102.07232475280762,657.4638538165958
64,64,8192,1,m,n,n,32,64,32,5,1,1,1,4,55.19360065460205,1215.8812471750643
64,64,8192,1,m,n,n,32,64,32,5,1,1,1,8,33.669118881225586,1993.1874141625053
64,64,8192,1,m,n,n,32,64,32,5,1,1,1,16,23.859200477600098,2812.703806357815
64,64,8192,1,m,n,n,32,64,32,5,1,1,1,32,24.535040855407715,2735.2252802631338
64,64,8192,1,m,n,n,32,64,32,5,1,1,1,64,34.85696077346802,1925.2643521084344
64,64,8192,1,m,n,n,32,64,32,5,2,2,1,1,62.95551776885987,1065.9727118183519
64,64,8192,1,m,n,n,32,64,32,5,2,2,1,2,35.22559881210327,1905.116343315131
64,64,8192,1,m,n,n,32,64,32,5,2,2,1,4,22.466559410095215,2987.0556846298878
64,64,8192,1,m,n,n,32,64,32,5,2,2,1,8,17.14176058769226,3914.9341549072847
64,64,8192,1,m,n,n,32,64,32,5,2,2,1,16,15.257600545883179,4398.389104380334
64,64,8192,1,m,n,n,32,64,32,5,2,2,1,32,20.07040023803711,3343.673429731428
64,64,8192,1,m,n,n,32,64,32,5,2,2,1,64,32.829439640045166,2044.1672089383146
64,64,8192,1,m,n,n,32,64,32,6,1,1,1,1,192.98303604125977,347.74488668347067
64,64,8192,1,m,n,n,32,64,32,6,1,1,1,2,102.3795223236084,655.4910833426003
64,64,8192,1,m,n,n,32,64,32,6,1,1,1,4,55.37792205810547,1211.8342744891331
64,64,8192,1,m,n,n,32,64,32,6,1,1,1,8,33.77151966094971,1987.1437434187644
64,64,8192,1,m,n,n,32,64,32,6,1,1,1,16,23.982079029083252,2798.2921713591454
64,64,8192,1,m,n,n,32,64,32,6,1,1,1,32,24.65791940689087,2721.594749849245
64,64,8192,1,m,n,n,32,64,32,6,2,2,1,1,62.95551776885987,1065.9727118183519
64,64,8192,1,m,n,n,32,64,32,6,2,2,1,2,35.246078968048096,1904.0093526669089
64,64,8192,1,m,n,n,32,64,32,6,2,2,1,4,22.466559410095215,2987.0556846298878
64,64,8192,1,m,n,n,32,64,32,6,2,2,1,8,17.16223955154419,3910.2626320095746
64,64,8192,1,m,n,n,32,64,32,6,2,2,1,16,15.360000133514404,4369.0666286892365
64,64,8192,1,m,n,n,32,64,32,6,2,2,1,32,20.131840705871582,3333.468855653485
64,64,8192,1,m,n,n,32,64,64,3,1,1,1,1,169.86112594604492,395.08076745774434
64,64,8192,1,m,n,n,32,64,64,3,1,1,1,2,91.03360176086426,737.1878372591251
64,64,8192,1,m,n,n,32,64,64,3,1,1,1,4,49.80735778808594,1347.368480888433
64,64,8192,1,m,n,n,32,64,64,3,1,1,1,8,31.006720066070557,2164.3328883868185
64,64,8192,1,m,n,n,32,64,64,3,1,1,1,16,22.773759365081787,2946.762672081962
64,64,8192,1,m,n,n,32,64,64,3,1,1,1,32,24.141440391540527,2779.820214187212
64,64,8192,1,m,n,n,32,64,64,3,1,1,1,64,35.10272026062012,1911.7852833555432
64,64,8192,1,m,n,n,32,64,64,3,2,2,1,1,61.60384178161621,1089.3616706227338
64,64,8192,1,m,n,n,32,64,64,3,2,2,1,2,30.351359844207764,2211.066138204909
64,64,8192,1,m,n,n,32,64,64,3,2,2,1,4,20.111360549926758,3336.863452544706
64,64,8192,1,m,n,n,32,64,64,3,2,2,1,8,16.03584051132202,4184.929623902042
64,64,8192,1,m,n,n,32,64,64,3,2,2,1,16,14.99135971069336,4476.502818628997
64,64,8192,1,m,n,n,32,64,64,3,2,2,1,32,20.193281173706055,3323.3263788444333
64,64,8192,1,m,n,n,32,64,64,3,2,2,1,64,32.84991979598999,2042.8927807669115
64,64,8192,1,m,n,n,32,64,64,4,1,1,1,1,171.06943130493164,392.29021507868526
64,64,8192,1,m,n,n,32,64,64,4,1,1,1,2,90.11199951171875,744.727276762655
64,64,8192,1,m,n,n,32,64,64,4,1,1,1,4,49.47968006134033,1356.2913890470722
64,64,8192,1,m,n,n,32,64,64,4,1,1,1,8,31.003520488739014,2164.5562485194237
64,64,8192,1,m,n,n,32,64,64,4,1,1,1,16,22.855679988861084,2936.200718276861
64,64,8192,1,m,n,n,32,64,64,4,1,1,1,32,24.30975914001465,2760.572970446945
64,64,8192,1,m,n,n,32,64,64,4,2,2,1,1,62.30016231536865,1077.1860217681185
64,64,8192,1,m,n,n,32,64,64,4,2,2,1,2,30.28991937637329,2215.5510936204796
64,64,8192,1,m,n,n,32,64,64,4,2,2,1,4,20.336639881134033,3299.899314353095
64,64,8192,1,m,n,n,32,64,64,4,2,2,1,8,16.10111951828003,4167.962601843277
64,64,8192,1,m,n,n,32,64,64,4,2,2,1,16,15.068800449371338,4453.497425058791
64,64,8192,1,m,n,n,32,64,64,4,2,2,1,32,20.27519941329956,3309.899085677047
64,64,8192,1,m,n,n,32,64,64,5,1,1,1,1,171.41759872436523,391.4934318261523
64,64,8192,1,m,n,n,32,64,64,5,1,1,1,2,90.41919708251953,742.1970794404892
64,64,8192,1,m,n,n,32,64,64,5,1,1,1,4,49.82783794403076,1346.8146877129245
64,64,8192,1,m,n,n,32,64,64,5,1,1,1,8,31.29343986511231,2144.502627044742
64,64,8192,1,m,n,n,32,64,64,5,1,1,1,16,23.101439476013184,2904.9646048974937
64,64,8192,1,m,n,n,32,64,64,5,1,1,1,32,24.576001167297363,2730.666536966966
64,64,8192,1,m,n,n,32,64,64,5,2,2,1,1,61.1737585067749,1097.0204486057169
64,64,8192,1,m,n,n,32,64,64,5,2,2,1,2,30.392320156097412,2208.086242028363
64,64,8192,1,m,n,n,32,64,64,5,2,2,1,4,20.357120037078857,3296.5794708567123
64,64,8192,1,m,n,n,32,64,64,5,2,2,1,8,16.22015953063965,4137.373857096308
64,64,8192,1,m,n,n,32,64,64,5,2,2,1,16,15.09376049041748,4446.132827045
64,64,8192,1,m,n,n,32,64,64,5,2,2,1,32,20.398080348968506,3289.9597830730963
64,64,8192,1,m,n,n,32,64,64,6,1,1,1,1,171.76576614379883,390.6998787163318
64,64,8192,1,m,n,n,32,64,64,6,1,1,1,2,90.56256294250488,741.0221378408335
64,64,8192,1,m,n,n,32,64,64,6,1,1,1,4,50.15552043914795,1338.015504822066
64,64,8192,1,m,n,n,32,64,64,6,1,1,1,8,31.662080287933353,2119.5342627431737
64,64,8192,1,m,n,n,32,64,64,6,1,1,1,16,23.408639430999756,2866.8417144795103
64,64,8192,1,m,n,n,32,64,64,6,2,2,1,1,62.30016231536865,1077.1860217681185
64,64,8192,1,m,n,n,32,64,64,6,2,2,1,2,30.617599487304688,2191.839501585553
64,64,8192,1,m,n,n,32,64,64,6,2,2,1,4,20.53760051727295,3267.6097650043753
64,64,8192,1,m,n,n,32,64,64,6,2,2,1,8,16.424959897994995,4085.785561533823
64,64,8192,1,m,n,n,32,64,64,6,2,2,1,16,15.298559665679932,4386.613215004081
64,64,8192,1,m,n,n,32,64,128,3,1,1,1,1,173.26080322265625,387.3285979966217
64,64,8192,1,m,n,n,32,64,128,3,1,1,1,2,92.59008407592773,724.795367341582
64,64,8192,1,m,n,n,32,64,128,3,1,1,1,4,51.11807823181152,1312.8205582313378
64,64,8192,1,m,n,n,32,64,128,3,1,1,1,8,32.15231895446777,2087.216915676771
64,64,8192,1,m,n,n,32,64,128,3,1,1,1,16,23.797760009765625,2819.965575434884
64,64,8192,1,m,n,n,32,64,128,3,1,1,1,32,25.25183916091919,2657.58321888334
64,64,8192,1,m,n,n,32,64,128,3,2,2,1,1,59.94495868682861,1119.5080532225886
64,64,8192,1,m,n,n,32,64,128,3,2,2,1,2,31.662080287933353,2119.5342627431737
64,64,8192,1,m,n,n,32,64,128,3,2,2,1,4,21.11488103866577,3178.273364510537
64,64,8192,1,m,n,n,32,64,128,3,2,2,1,8,16.895999908447266,3971.8788094008273
64,64,8192,1,m,n,n,32,64,128,3,2,2,1,16,15.58527946472168,4305.913419897628
64,64,8192,1,m,n,n,32,64,128,3,2,2,1,32,20.787200927734375,3228.3742401538566
64,64,8192,1,m,n,n,32,64,128,4,1,1,1,1,173.6908721923828,386.3695492626069
64,64,8192,1,m,n,n,32,64,128,4,1,1,1,2,93.08159828186035,720.9681101176162
64,64,8192,1,m,n,n,32,64,128,4,1,1,1,4,51.65056228637695,1299.286223215042
64,64,8192,1,m,n,n,32,64,128,4,1,1,1,8,32.64512062072754,2055.7088693184432
64,64,8192,1,m,n,n,32,64,128,4,1,1,1,16,24.227840900421143,2769.9069131180186
64,64,8192,1,m,n,n,32,64,128,4,2,2,1,1,60.70271968841553,1105.5330691024544
64,64,8192,1,m,n,n,32,64,128,4,2,2,1,2,31.84639930725098,2107.266926867938
64,64,8192,1,m,n,n,32,64,128,4,2,2,1,4,21.176319122314453,3169.0523557176816
64,64,8192,1,m,n,n,32,64,128,4,2,2,1,8,16.95744037628174,3957.487834889559
64,64,8192,1,m,n,n,32,64,128,4,2,2,1,16,15.851520299911499,4233.591651166398
64,64,8192,1,m,n,n,64,16,16,3,1,1,1,1,121.18016242980957,553.79414133787
64,64,8192,1,m,n,n,64,16,16,3,1,1,1,2,63.79519939422608,1051.9422250771088
64,64,8192,1,m,n,n,64,16,16,3,1,1,1,4,35.57375907897949,1886.4709757270095
64,64,8192,1,m,n,n,64,16,16,3,1,1,1,8,23.019518852233887,2915.3026364618195
64,64,8192,1,m,n,n,64,16,16,3,1,1,1,16,18.698240518569946,3589.046997943555
64,64,8192,1,m,n,n,64,16,16,3,1,1,1,32,21.76703929901123,3083.0497008864418
64,64,8192,1,m,n,n,64,16,16,3,1,1,1,64,32.1945595741272,2084.4783990749575
64,64,8192,1,m,n,n,64,16,16,3,1,1,1,128,66.10943794250488,1015.1177515434986
64,64,8192,1,m,n,n,64,16,16,4,1,1,1,1,121.85600280761719,550.7226763867315
64,64,8192,1,m,n,n,64,16,16,4,1,1,1,2,63.938560485839844,1049.5835922809408
64,64,8192,1,m,n,n,64,16,16,4,1,1,1,4,35.594239234924316,1885.3855411005443
64,64,8192,1,m,n,n,64,16,16,4,1,1,1,8,23.060479164123535,2910.1244394090904
64,64,8192,1,m,n,n,64,16,16,4,1,1,1,16,18.7391996383667,3581.202254903197
64,64,8192,1,m,n,n,64,16,16,4,1,1,1,32,21.811199188232422,3076.807626249481
64,64,8192,1,m,n,n,64,16,16,4,1,1,1,64,32.31744050979614,2076.5525654687226
64,64,8192,1,m,n,n,64,16,16,4,1,1,1,128,66.24896049499512,1012.9798792098761
64,64,8192,1,m,n,n,64,16,16,5,1,1,1,1,122.88000106811523,546.1333285861546
64,64,8192,1,m,n,n,64,16,16,5,1,1,1,2,63.77471923828125,1052.2800382587557
64,64,8192,1,m,n,n,64,16,16,5,1,1,1,4,35.71712017059326,1878.899073594749
64,64,8192,1,m,n,n,64,16,16,5,1,1,1,8,23.101439476013184,2904.9646048974937
64,64,8192,1,m,n,n,64,16,16,5,1,1,1,16,18.759679794311523,3577.2926156420513
64,64,8192,1,m,n,n,64,16,16,5,1,1,1,32,21.831679344177246,3073.9212930909366
64,64,8192,1,m,n,n,64,16,16,5,1,1,1,64,32.33792066574097,2075.237449360671
64,64,8192,1,m,n,n,64,16,16,5,1,1,1,128,65.92512130737305,1017.9558667341362
64,64,8192,1,m,n,n,64,16,16,6,1,1,1,1,122.57280349731445,547.5020729330903
64,64,8192,1,m,n,n,64,16,16,6,1,1,1,2,63.85663986206054,1050.9300856569455
64,64,8192,1,m,n,n,64,16,16,6,1,1,1,4,35.778560638427734,1875.6725480991583
64,64,8192,1,m,n,n,64,16,16,6,1,1,1,8,23.121919631958008,2902.3915430985826
64,64,8192,1,m,n,n,64,16,16,6,1,1,1,16,18.862080574035645,3557.871770115215
64,64,8192,1,m,n,n,64,16,16,6,1,1,1,32,21.872639656066895,3068.164842252397
64,64,8192,1,m,n,n,64,16,16,6,1,1,1,64,32.4403190612793,2068.686928548154
64,64,8192,1,m,n,n,64,16,32,3,1,1,1,1,111.2063980102539,603.4622575745342
64,64,8192,1,m,n,n,64,16,32,3,1,1,1,2,58.75711917877197,1142.1401344714905
64,64,8192,1,m,n,n,64,16,32,3,1,1,1,4,33.259520530700684,2017.7339579521054
64,64,8192,1,m,n,n,64,16,32,3,1,1,1,8,22.016000747680664,3048.1859429928377
64,64,8192,1,m,n,n,64,16,32,3,1,1,1,16,18.411519527435303,3644.9389144660227
64,64,8192,1,m,n,n,64,16,32,3,1,1,1,32,21.872639656066895,3068.164842252397
64,64,8192,1,m,n,n,64,16,32,3,1,1,1,64,32.66560077667236,2054.420013849088
64,64,8192,1,m,n,n,64,16,32,3,1,1,1,128,65.67935943603516,1021.7648980781707
64,64,8192,1,m,n,n,64,16,32,4,1,1,1,1,112.66048431396484,595.6734910971932
64,64,8192,1,m,n,n,64,16,32,4,1,1,1,2,58.859519958496094,1140.1530975332591
64,64,8192,1,m,n,n,64,16,32,4,1,1,1,4,33.320960998535156,2014.0134614649983
64,64,8192,1,m,n,n,64,16,32,4,1,1,1,8,22.016000747680664,3048.1859429928377
64,64,8192,1,m,n,n,64,16,32,4,1,1,1,16,18.45247983932495,3636.84797839373
64,64,8192,1,m,n,n,64,16,32,4,1,1,1,32,21.913599967956543,3062.4299110201355
64,64,8192,1,m,n,n,64,16,32,4,1,1,1,64,33.013761043548584,2032.754278177407
64,64,8192,1,m,n,n,64,16,32,5,1,1,1,1,112.82431602478027,594.8085161470024
64,64,8192,1,m,n,n,64,16,32,5,1,1,1,2,58.88000011444092,1139.756519523866
64,64,8192,1,m,n,n,64,16,32,5,1,1,1,4,33.50528001785278,2002.9339842628403
64,64,8192,1,m,n,n,64,16,32,5,1,1,1,8,22.13887929916382,3031.2674410097484
64,64,8192,1,m,n,n,64,16,32,5,1,1,1,16,18.513280153274536,3624.9040388518147
64,64,8192,1,m,n,n,64,16,32,5,1,1,1,32,21.99552059173584,3051.0241264857427
64,64,8192,1,m,n,n,64,16,32,5,1,1,1,64,34.73407983779907,1932.075480720504
64,64,8192,1,m,n,n,64,16,32,6,1,1,1,1,113.438720703125,591.5869253817431
64,64,8192,1,m,n,n,64,16,32,6,1,1,1,2,59.04384136199951,1136.593799657336
64,64,8192,1,m,n,n,64,16,32,6,1,1,1,4,33.64864110946655,1994.4004211545976
64,64,8192,1,m,n,n,64,16,32,6,1,1,1,8,22.302720546722412,3008.9990079646254
64,64,8192,1,m,n,n,64,16,32,6,1,1,1,16,18.636800050735474,3600.879111076349
64,64,8192,1,m,n,n,64,16,32,6,1,1,1,32,22.03648090362549,3045.3530349738876
64,64,8192,1,m,n,n,64,16,64,3,1,1,1,1,108.97407531738281,615.824119677529
64,64,8192,1,m,n,n,64,16,64,3,1,1,1,2,58.716158866882324,1142.9368898627226
64,64,8192,1,m,n,n,64,16,64,3,1,1,1,4,33.64864110946655,1994.4004211545976
64,64,8192,1,m,n,n,64,16,64,3,1,1,1,8,22.44607925415039,2989.7811212437578
64,64,8192,1,m,n,n,64,16,64,3,1,1,1,16,18.944000005722046,3542.486485416476
64,64,8192,1,m,n,n,64,16,64,3,1,1,1,32,22.650880813598633,2962.7485373421187
64,64,8192,1,m,n,n,64,16,64,3,1,1,1,64,36.49535894393921,1838.8328253761367
64,64,8192,1,m,n,n,64,16,64,4,1,1,1,1,106.68031692504883,629.0650978019607
64,64,8192,1,m,n,n,64,16,64,4,1,1,1,2,59.33055877685547,1131.1011624279326
64,64,8192,1,m,n,n,64,16,64,4,1,1,1,4,33.89440059661865,1979.9395421878287
64,64,8192,1,m,n,n,64,16,64,4,1,1,1,8,22.69184112548828,2957.400575338109
64,64,8192,1,m,n,n,64,16,64,4,1,1,1,16,18.984960317611694,3534.8435223088363
64,64,8192,1,m,n,n,64,16,64,4,1,1,1,32,22.753279209136963,2949.415044010505
64,64,8192,1,m,n,n,64,16,64,5,1,1,1,1,106.98752403259277,627.2587818702665
64,64,8192,1,m,n,n,64,16,64,5,1,1,1,2,59.43295955657959,1129.1523171770207
64,64,8192,1,m,n,n,64,16,64,5,1,1,1,4,34.201600551605225,1962.1556569770037
64,64,8192,1,m,n,n,64,16,64,5,1,1,1,8,22.999041080474854,2917.898349117364
64,64,8192,1,m,n,n,64,16,64,5,1,1,1,16,19.333120584487915,3471.1863357354396
64,64,8192,1,m,n,n,64,16,64,5,1,1,1,32,28.05759906768799,2391.8248969950064
64,64,8192,1,m,n,n,64,16,64,6,1,1,1,1,107.27423667907715,625.5823026805929
64,64,8192,1,m,n,n,64,16,64,6,1,1,1,2,59.96543884277344,1119.1257046572493
64,64,8192,1,m,n,n,64,16,64,6,1,1,1,4,34.549760818481445,1942.3828822601274
64,64,8192,1,m,n,n,64,16,64,6,1,1,1,8,23.347198963165283,2874.38609256199
64,64,8192,1,m,n,n,64,16,64,6,1,1,1,16,19.619840383529663,3420.4592233245753
64,64,8192,1,m,n,n,64,16,64,6,1,1,1,32,28.344318866729736,2367.6301524666974
64,64,8192,1,m,n,n,64,16,128,3,1,1,1,1,102.07232475280762,657.4638538165958
64,64,8192,1,m,n,n,64,16,128,3,1,1,1,2,57.81504154205322,1160.7509431812252
64,64,8192,1,m,n,n,64,16,128,3,1,1,1,4,33.77151966094971,1987.1437434187644
64,64,8192,1,m,n,n,64,16,128,3,1,1,1,8,23.060479164123535,2910.1244394090904
64,64,8192,1,m,n,n,64,16,128,3,1,1,1,16,19.804160594940186,3388.624510404436
64,64,8192,1,m,n,n,64,16,128,3,1,1,1,32,29.368319511413574,2285.076746523379
64,64,8192,1,m,n,n,64,16,128,4,1,1,1,1,102.54336357116699,654.4437559181996
64,64,8192,1,m,n,n,64,16,128,4,1,1,1,2,58.04031848907471,1156.2456193728904
64,64,8192,1,m,n,n,64,16,128,4,1,1,1,4,34.201600551605225,1962.1556569770037
64,64,8192,1,m,n,n,64,16,128,4,1,1,1,8,23.715839385986328,2829.706463590514
64,64,8192,1,m,n,n,64,16,128,4,1,1,1,16,20.45952081680298,3280.079949129839
64,64,8192,1,m,n,n,64,16,128,4,1,1,1,32,30.105600357055664,2229.1156198209515
64,64,8192,1,m,n,n,64,32,16,3,1,1,1,1,191.38559341430664,350.64741709541556
64,64,8192,1,m,n,n,64,32,16,3,1,1,1,2,99.65567588806152,673.4073438564623
64,64,8192,1,m,n,n,64,32,16,3,1,1,1,4,53.739519119262695,1248.780508271149
64,64,8192,1,m,n,n,64,32,16,3,1,1,1,8,32.66560077667236,2054.420013849088
64,64,8192,1,m,n,n,64,32,16,3,1,1,1,16,23.019518852233887,2915.3026364618195
64,64,8192,1,m,n,n,64,32,16,3,1,1,1,32,23.797760009765625,2819.965575434884
64,64,8192,1,m,n,n,64,32,16,3,1,1,1,64,34.07871961593628,1969.2307914238008
64,64,8192,1,m,n,n,64,32,16,3,1,1,1,128,66.96959972381592,1002.0795148359616
64,64,8192,1,m,n,n,64,32,16,3,2,2,1,1,86.34367942810059,777.2296066660253
64,64,8192,1,m,n,n,64,32,16,3,2,2,1,2,46.59200191497803,1440.3515891517504
64,64,8192,1,m,n,n,64,32,16,3,2,2,1,4,28.180480003356934,2381.395348553531
64,64,8192,1,m,n,n,64,32,16,3,2,2,1,8,19.374079704284668,3463.8478329971235
64,64,8192,1,m,n,n,64,32,16,3,2,2,1,16,16.486400365829468,4070.5589158864036
64,64,8192,1,m,n,n,64,32,16,3,2,2,1,32,20.52095890045166,3270.2596562640624
64,64,8192,1,m,n,n,64,32,16,3,2,2,1,64,32.62655973434448,2056.8783391942357
64,64,8192,1,m,n,n,64,32,16,3,2,2,1,128,66.62144184112549,1007.3162955559698
64,64,8192,1,m,n,n,64,32,16,4,1,1,1,1,191.69279098510742,350.0854865492238
64,64,8192,1,m,n,n,64,32,16,4,1,1,1,2,99.67616081237793,673.2689486939621
64,64,8192,1,m,n,n,64,32,16,4,1,1,1,4,53.75999927520752,1248.304778734411
64,64,8192,1,m,n,n,64,32,16,4,1,1,1,8,32.68608093261719,2053.1327734990887
64,64,8192,1,m,n,n,64,32,16,4,1,1,1,16,23.08095932006836,2907.5422329456815
64,64,8192,1,m,n,n,64,32,16,4,1,1,1,32,23.87648105621338,2810.6681148701455
64,64,8192,1,m,n,n,64,32,16,4,1,1,1,64,34.058239459991455,1970.4149440499837
64,64,8192,1,m,n,n,64,32,16,4,1,1,1,128,67.11296081542969,999.9389564194469
64,64,8192,1,m,n,n,64,32,16,4,2,2,1,1,79.60576057434082,843.0151727189336
64,64,8192,1,m,n,n,64,32,16,4,2,2,1,2,50.6060791015625,1326.1028159347752
64,64,8192,1,m,n,n,64,32,16,4,2,2,1,4,29.962239265441895,2239.7813262709838
64,64,8192,1,m,n,n,64,32,16,4,2,2,1,8,20.66431999206543,3247.5718545671034
64,64,8192,1,m,n,n,64,32,16,4,2,2,1,16,16.95744037628174,3957.487834889559
64,64,8192,1,m,n,n,64,32,16,4,2,2,1,32,20.76672077178955,3231.558065304355
64,64,8192,1,m,n,n,64,32,16,4,2,2,1,64,32.84991979598999,2042.8927807669115
64,64,8192,1,m,n,n,64,32,16,4,2,2,1,128,66.82623863220215,1004.2292574530996
64,64,8192,1,m,n,n,64,32,16,5,1,1,1,1,191.79519653320312,349.89856478695634
64,64,8192,1,m,n,n,64,32,16,5,1,1,1,2,99.81951713562012,672.3020299609576
64,64,8192,1,m,n,n,64,32,16,5,1,1,1,4,54.14912223815918,1239.3342906804874
64,64,8192,1,m,n,n,64,32,16,5,1,1,1,8,32.829439640045166,2044.1672089383146
64,64,8192,1,m,n,n,64,32,16,5,1,1,1,16,23.18336009979248,2894.6996341829117
64,64,8192,1,m,n,n,64,32,16,5,1,1,1,32,23.879680633544922,2810.29152063822
64,64,8192,1,m,n,n,64,32,16,5,1,1,1,64,34.0991997718811,1968.0480612140157
64,64,8192,1,m,n,n,64,32,16,5,1,1,1,128,67.11296081542969,999.9389564194469
64,64,8192,1,m,n,n,64,32,16,5,2,2,1,1,79.62624073028564,842.7983461798079
64,64,8192,1,m,n,n,64,32,16,5,2,2,1,2,50.6060791015625,1326.1028159347752
64,64,8192,1,m,n,n,64,32,16,5,2,2,1,4,29.98271942138672,2238.2514093144987
64,64,8192,1,m,n,n,64,32,16,5,2,2,1,8,20.684800148010254,3244.3564124285463
64,64,8192,1,m,n,n,64,32,16,5,2,2,1,16,16.977920532226562,3952.713989479313
64,64,8192,1,m,n,n,64,32,16,5,2,2,1,32,20.746240615844727,3234.748176435701
64,64,8192,1,m,n,n,64,32,16,5,2,2,1,64,32.870399951934814,2041.6199406800904
64,64,8192,1,m,n,n,64,32,16,5,2,2,1,128,66.68223857879639,1006.3978869080631
64,64,8192,1,m,n,n,64,32,16,6,1,1,1,1,191.87711715698242,349.74917798611455
64,64,8192,1,m,n,n,64,32,16,6,1,1,1,2,99.88096237182617,671.8884400630253
64,64,8192,1,m,n,n,64,32,16,6,1,1,1,4,54.18879985809326,1238.426836832355
64,64,8192,1,m,n,n,64,32,16,6,1,1,1,8,32.84991979598999,2042.8927807669115
64,64,8192,1,m,n,n,64,32,16,6,1,1,1,16,23.244800567626953,2887.0483876494327
64,64,8192,1,m,n,n,64,32,16,6,1,1,1,32,23.961598873138428,2800.6838923937903
64,64,8192,1,m,n,n,64,32,16,6,1,1,1,64,34.165120124816895,1964.2507842743803
64,64,8192,1,m,n,n,64,32,16,6,2,2,1,1,79.70816135406494,841.9321542483127
64,64,8192,1,m,n,n,64,32,16,6,2,2,1,2,50.626559257507324,1325.5663624829203
64,64,8192,1,m,n,n,64,32,16,6,2,2,1,4,30.08512020111084,2230.633068819254
64,64,8192,1,m,n,n,64,32,16,6,2,2,1,8,20.684800148010254,3244.3564124285463
64,64,8192,1,m,n,n,64,32,16,6,2,2,1,16,17.16223955154419,3910.2626320095746
64,64,8192,1,m,n,n,64,32,16,6,2,2,1,32,20.76672077178955,3231.558065304355
64,64,8192,1,m,n,n,64,32,16,6,2,2,1,64,32.972800731658936,2035.2794579432018
64,64,8192,1,m,n,n,64,32,32,3,1,1,1,1,184.0332794189453,364.65613291185787
64,64,8192,1,m,n,n,64,32,32,3,1,1,1,2,98.03775787353516,684.5205914089528
64,64,8192,1,m,n,n,64,32,32,3,1,1,1,4,53.35040092468262,1257.8886538217564
64,64,8192,1,m,n,n,64,32,32,3,1,1,1,8,32.54271984100342,2062.1774801823317
64,64,8192,1,m,n,n,64,32,32,3,1,1,1,16,23.18336009979248,2894.6996341829117
64,64,8192,1,m,n,n,64,32,32,3,1,1,1,32,24.06399965286255,2788.76599767641
64,64,8192,1,m,n,n,64,32,32,3,1,1,1,64,34.588799476623535,1940.190611280244
64,64,8192,1,m,n,n,64,32,32,3,1,1,1,128,67.60447978973389,992.66889130313
64,64,8192,1,m,n,n,64,32,32,3,2,2,1,1,71.70048236846924,935.9611230385748
64,64,8192,1,m,n,n,64,32,32,3,2,2,1,2,36.04480028152466,1861.8181672766189
64,64,8192,1,m,n,n,64,32,32,3,2,2,1,4,22.876160144805908,2933.572049469904
64,64,8192,1,m,n,n,64,32,32,3,2,2,1,8,17.326079607009888,3873.286139863325
64,64,8192,1,m,n,n,64,32,32,3,2,2,1,16,15.33951997756958,4374.899872885908
64,64,8192,1,m,n,n,64,32,32,3,2,2,1,32,20.049920082092285,3347.088852485687
64,64,8192,1,m,n,n,64,32,32,3,2,2,1,64,32.624640464782715,2056.9993429488345
64,64,8192,1,m,n,n,64,32,32,3,2,2,1,128,66.47808074951172,1009.4885899739654
64,64,8192,1,m,n,n,64,32,32,4,1,1,1,1,184.2380714416504,364.25079504403027
64,64,8192,1,m,n,n,64,32,32,4,1,1,1,2,98.05824279785156,684.3775911663629
64,64,8192,1,m,n,n,64,32,32,4,1,1,1,4,53.12511920928955,1263.2228406984023
64,64,8192,1,m,n,n,64,32,32,4,1,1,1,8,32.5600004196167,2061.0830201208582
64,64,8192,1,m,n,n,64,32,32,4,1,1,1,16,23.223679065704346,2889.674104182023
64,64,8192,1,m,n,n,64,32,32,4,1,1,1,32,24.104959964752197,2784.027191836487
64,64,8192,1,m,n,n,64,32,32,4,1,1,1,64,34.549760818481445,1942.3828822601274
64,64,8192,1,m,n,n,64,32,32,4,2,2,1,1,71.55712127685547,937.8362740495792
64,64,8192,1,m,n,n,64,32,32,4,2,2,1,2,38.440959453582764,1745.764542662718
64,64,8192,1,m,n,n,64,32,32,4,2,2,1,4,24.043519496917725,2791.141455334901
64,64,8192,1,m,n,n,64,32,32,4,2,2,1,8,17.89952039718628,3749.1990014743187
64,64,8192,1,m,n,n,64,32,32,4,2,2,1,16,15.912959575653074,4217.24592970606
64,64,8192,1,m,n,n,64,32,32,4,2,2,1,32,20.27519941329956,3309.899085677047
64,64,8192,1,m,n,n,64,32,32,4,2,2,1,64,32.80895948410034,2045.4432281682646
64,64,8192,1,m,n,n,64,32,32,5,1,1,1,1,184.6067237854004,363.523400577825
64,64,8192,1,m,n,n,64,32,32,5,1,1,1,2,98.22208404541016,683.2360018850155
64,64,8192,1,m,n,n,64,32,32,5,1,1,1,4,53.432321548461914,1255.9601015863361
64,64,8192,1,m,n,n,64,32,32,5,1,1,1,8,32.70656108856201,2051.8471452343856
64,64,8192,1,m,n,n,64,32,32,5,1,1,1,16,23.347198963165283,2874.38609256199
64,64,8192,1,m,n,n,64,32,32,5,1,1,1,32,24.20736074447632,2772.250337753695
64,64,8192,1,m,n,n,64,32,32,5,1,1,1,64,34.61119890213013,1938.9349727457673
64,64,8192,1,m,n,n,64,32,32,5,2,2,1,1,71.84383869171143,934.0935175801276
64,64,8192,1,m,n,n,64,32,32,5,2,2,1,2,38.440959453582764,1745.764542662718
64,64,8192,1,m,n,n,64,32,32,5,2,2,1,4,24.043519496917725,2791.141455334901
64,64,8192,1,m,n,n,64,32,32,5,2,2,1,8,17.838079929351807,3762.1125292512675
64,64,8192,1,m,n,n,64,32,32,5,2,2,1,16,15.708160400390625,4272.229356553499
64,64,8192,1,m,n,n,64,32,32,5,2,2,1,32,20.31615972518921,3303.2258511333894
64,64,8192,1,m,n,n,64,32,32,5,2,2,1,64,32.89088010787964,2040.3486857112948
64,64,8192,1,m,n,n,64,32,32,6,1,1,1,1,185.32352447509766,362.1173522901437
64,64,8192,1,m,n,n,64,32,32,6,1,1,1,2,98.36544036865234,682.2402639432156
64,64,8192,1,m,n,n,64,32,32,6,1,1,1,4,53.6575984954834,1250.6870579690378
64,64,8192,1,m,n,n,64,32,32,6,1,1,1,8,32.89088010787964,2040.3486857112948
64,64,8192,1,m,n,n,64,32,32,6,1,1,1,16,23.5315203666687,2851.8711479032427
64,64,8192,1,m,n,n,64,32,32,6,1,1,1,32,24.391679763793945,2751.301454015224
64,64,8192,1,m,n,n,64,32,32,6,2,2,1,1,72.08960056304932,930.9090836383094
64,64,8192,1,m,n,n,64,32,32,6,2,2,1,2,38.46143960952759,1744.8349484915261
64,64,8192,1,m,n,n,64,32,32,6,2,2,1,4,24.16640043258667,2776.949102834052
64,64,8192,1,m,n,n,64,32,32,6,2,2,1,8,17.98143982887268,3732.118486543204
64,64,8192,1,m,n,n,64,32,32,6,2,2,1,16,15.790079832077028,4250.064896041282
64,64,8192,1,m,n,n,64,32,32,6,2,2,1,32,20.357120037078857,3296.5794708567123
64,64,8192,1,m,n,n,64,32,64,3,1,1,1,1,174.65343475341797,384.2401616363671
64,64,8192,1,m,n,n,64,32,64,3,1,1,1,2,93.34783554077148,718.9118377649892
64,64,8192,1,m,n,n,64,32,64,3,1,1,1,4,51.05663776397705,1314.4003784626136
64,64,8192,1,m,n,n,64,32,64,3,1,1,1,8,31.641600131988522,2120.90614002025
64,64,8192,1,m,n,n,64,32,64,3,1,1,1,16,23.03999900817871,2912.711236496919
64,64,8192,1,m,n,n,64,32,64,3,1,1,1,32,24.41215991973877,2748.9932976286236
64,64,8192,1,m,n,n,64,32,64,3,1,1,1,64,35.287039279937744,1901.7992262715672
64,64,8192,1,m,n,n,64,32,64,3,2,2,1,1,62.93504238128662,1066.31951708917
64,64,8192,1,m,n,n,64,32,64,3,2,2,1,2,31.887359619140625,2104.5600765175113
64,64,8192,1,m,n,n,64,32,64,3,2,2,1,4,20.889599323272705,3212.5491236797106
64,64,8192,1,m,n,n,64,32,64,3,2,2,1,8,16.40447974205017,4090.886456336529
64,64,8192,1,m,n,n,64,32,64,3,2,2,1,16,15.11423945426941,4440.1085614032245
64,64,8192,1,m,n,n,64,32,64,3,2,2,1,32,20.213758945465088,3319.959646350474
64,64,8192,1,m,n,n,64,32,64,3,2,2,1,64,32.78847932815552,2046.7208414381548
64,64,8192,1,m,n,n,64,32,64,4,1,1,1,1,173.24031829833984,387.37439794142364
64,64,8192,1,m,n,n,64,32,64,4,1,1,1,2,93.51167678833008,717.6522366496048
64,64,8192,1,m,n,n,64,32,64,4,1,1,1,4,51.38432025909424,1306.018327412296
64,64,8192,1,m,n,n,64,32,64,4,1,1,1,8,32.01024055480957,2096.481089702927
64,64,8192,1,m,n,n,64,32,64,4,1,1,1,16,23.38815927505493,2869.35210294964
64,64,8192,1,m,n,n,64,32,64,4,1,1,1,32,24.61695909500122,2726.1232283408754
64,64,8192,1,m,n,n,64,32,64,4,2,2,1,1,62.79168128967286,1068.7540550222084
64,64,8192,1,m,n,n,64,32,64,4,2,2,1,2,32.030720710754395,2095.140618470943
64,64,8192,1,m,n,n,64,32,64,4,2,2,1,4,21.0534405708313,3187.5485517068714
64,64,8192,1,m,n,n,64,32,64,4,2,2,1,8,16.486400365829468,4070.5589158864036
64,64,8192,1,m,n,n,64,32,64,4,2,2,1,16,15.237120389938354,4404.300962556844
64,64,8192,1,m,n,n,64,32,64,4,2,2,1,32,20.336639881134033,3299.899314353095
64,64,8192,1,m,n,n,64,32,64,5,1,1,1,1,173.11744689941406,387.64933980913014
64,64,8192,1,m,n,n,64,32,64,5,1,1,1,2,94.0236759185791,713.7443132739642
64,64,8192,1,m,n,n,64,32,64,5,1,1,1,4,51.63008213043213,1299.8016123713326
64,64,8192,1,m,n,n,64,32,64,5,1,1,1,8,32.35840082168579,2073.9239979691865
64,64,8192,1,m,n,n,64,32,64,5,1,1,1,16,23.715839385986328,2829.706463590514
64,64,8192,1,m,n,n,64,32,64,5,1,1,1,32,24.924159049987793,2692.5226991774025
64,64,8192,1,m,n,n,64,32,64,5,2,2,1,1,62.89408206939698,1067.0139668459183
64,64,8192,1,m,n,n,64,32,64,5,2,2,1,2,32.01024055480957,2096.481089702927
64,64,8192,1,m,n,n,64,32,64,5,2,2,1,4,21.135358810424805,3175.193977161118
64,64,8192,1,m,n,n,64,32,64,5,2,2,1,8,16.56831979751587,4050.4326823810948
64,64,8192,1,m,n,n,64,32,64,5,2,2,1,16,15.253759622573853,4399.496626437354
64,64,8192,1,m,n,n,64,32,64,5,2,2,1,32,20.37760019302368,3293.266300463333
64,64,8192,1,m,n,n,64,32,64,6,1,1,1,1,173.44512939453125,386.9169704232465
64,64,8192,1,m,n,n,64,32,64,6,1,1,1,2,94.3718433380127,711.1110859585038
64,64,8192,1,m,n,n,64,32,64,6,1,1,1,4,52.03968048095703,1289.5710231072087
64,64,8192,1,m,n,n,64,32,64,6,1,1,1,8,32.66560077667236,2054.420013849088
64,64,8192,1,m,n,n,64,32,64,6,1,1,1,16,24.03968095779419,2791.587131202831
64,64,8192,1,m,n,n,64,32,64,6,1,1,1,32,25.067520141601562,2677.1241678839806
64,64,8192,1,m,n,n,64,32,64,6,2,2,1,1,62.97599792480468,1065.6260513748443
64,64,8192,1,m,n,n,64,32,64,6,2,2,1,2,32.05120086669922,2093.8018603142336
64,64,8192,1,m,n,n,64,32,64,6,2,2,1,4,21.135358810424805,3175.193977161118
64,64,8192,1,m,n,n,64,32,64,6,2,2,1,8,16.629760265350342,4035.4679159042107
64,64,8192,1,m,n,n,64,32,64,6,2,2,1,16,15.298559665679932,4386.613215004081
64,64,8192,1,m,n,n,64,32,128,3,1,1,1,1,185.38496017456055,361.9973483113708
64,64,8192,1,m,n,n,64,32,128,3,1,1,1,2,99.43039894104004,674.9330658905837
64,64,8192,1,m,n,n,64,32,128,3,1,1,1,4,54.7430419921875,1225.8884701653456
64,64,8192,1,m,n,n,64,32,128,3,1,1,1,8,34.303998947143555,1956.2985675052928
64,64,8192,1,m,n,n,64,32,128,3,1,1,1,16,25.00607967376709,2683.7019187138444
64,64,8192,1,m,n,n,64,32,128,3,1,1,1,32,25.98912000656128,2582.190700687731
64,64,8192,1,m,n,n,64,32,128,3,2,2,1,1,63.63135814666748,1054.6508192598535
64,64,8192,1,m,n,n,64,32,128,3,2,2,1,2,34.36543941497803,1952.8009867597066
64,64,8192,1,m,n,n,64,32,128,3,2,2,1,4,22.425599098205566,2992.511535862151
64,64,8192,1,m,n,n,64,32,128,3,2,2,1,8,17.694720029830933,3792.5925861987885
64,64,8192,1,m,n,n,64,32,128,3,2,2,1,16,15.790079832077028,4250.064896041282
64,64,8192,1,m,n,n,64,32,128,3,2,2,1,32,20.992000102996826,3196.87803309507
64,64,8192,1,m,n,n,64,32,128,4,1,1,1,1,180.42879104614258,371.94099462118373
64,64,8192,1,m,n,n,64,32,128,4,1,1,1,2,96.91136360168457,692.4767282795046
64,64,8192,1,m,n,n,64,32,128,4,1,1,1,4,53.82143974304199,1246.8797624217366
64,64,8192,1,m,n,n,64,32,128,4,1,1,1,8,34.07871961593628,1969.2307914238008
64,64,8192,1,m,n,n,64,32,128,4,1,1,1,16,25.25183916091919,2657.58321888334
64,64,8192,1,m,n,n,64,32,128,4,2,2,1,1,60.497918128967285,1109.2755928714726
64,64,8192,1,m,n,n,64,32,128,4,2,2,1,2,33.79199981689453,1985.9394047004137
64,64,8192,1,m,n,n,64,32,128,4,2,2,1,4,22.220799922943115,3020.0921763716383
64,64,8192,1,m,n,n,64,32,128,4,2,2,1,8,17.63327956199646,3805.8072954638656
64,64,8192,1,m,n,n,64,32,128,4,2,2,1,16,16.240639686584473,4132.156447965228
64,64,8192,1,m,n,n,64,64,16,3,1,1,1,1,332.0627212524414,202.0969524880282
64,64,8192,1,m,n,n,64,64,16,3,1,1,1,2,169.8201560974121,395.17608240511254
64,64,8192,1,m,n,n,64,64,16,3,1,1,1,4,89.62047576904297,748.8117355340016
64,64,8192,1,m,n,n,64,64,16,3,1,1,1,8,51.63008213043213,1299.8016123713326
64,64,8192,1,m,n,n,64,64,16,3,1,1,1,16,34.1811203956604,1963.3313134030586
64,64,8192,1,m,n,n,64,64,16,3,1,1,1,32,28.01664113998413,2395.3215399623746
64,64,8192,1,m,n,n,64,64,16,3,1,1,1,64,36.618239879608154,1832.6621984190824
64,64,8192,1,m,n,n,64,64,16,3,1,1,1,128,70.41024208068848,953.1122464128845
64,64,8192,1,m,n,n,64,64,16,3,2,2,1,1,122.10176467895508,549.6142023536748
64,64,8192,1,m,n,n,64,64,16,3,2,2,1,2,63.09887886047363,1063.5508144034284
64,64,8192,1,m,n,n,64,64,16,3,2,2,1,4,37.601280212402344,1784.749445255987
64,64,8192,1,m,n,n,64,64,16,3,2,2,1,8,25.927679538726807,2588.3096826988713
64,64,8192,1,m,n,n,64,64,16,3,2,2,1,16,20.80319881439209,3225.891585171636
64,64,8192,1,m,n,n,64,64,16,3,2,2,1,32,21.40160083770752,3135.693657166092
64,64,8192,1,m,n,n,64,64,16,3,2,2,1,64,32.91136026382446,2039.0790129013533
64,64,8192,1,m,n,n,64,64,16,3,2,2,1,128,69.0393590927124,972.0377605168677
64,64,8192,1,m,n,n,64,64,16,4,1,1,1,1,333.0867385864258,201.47564050373418
64,64,8192,1,m,n,n,64,64,16,4,1,1,1,2,169.9020767211914,394.9855428202056
64,64,8192,1,m,n,n,64,64,16,4,1,1,1,4,89.31327819824219,751.3873116497117
64,64,8192,1,m,n,n,64,64,16,4,1,1,1,8,51.671037673950195,1298.7713624693229
64,64,8192,1,m,n,n,64,64,16,4,1,1,1,16,34.201600551605225,1962.1556569770037
64,64,8192,1,m,n,n,64,64,16,4,1,1,1,32,28.073599338531494,2390.4617000033886
64,64,8192,1,m,n,n,64,64,16,4,1,1,1,64,36.720640659332275,1827.5515567004354
64,64,8192,1,m,n,n,64,64,16,4,1,1,1,128,70.41024208068848,953.1122464128845
64,64,8192,1,m,n,n,64,64,16,4,2,2,1,1,122.08127975463867,549.706426201271
64,64,8192,1,m,n,n,64,64,16,4,2,2,1,2,69.81632232666016,961.2202671748827
64,64,8192,1,m,n,n,64,64,16,4,2,2,1,4,40.95808029174805,1638.4767919291528
64,64,8192,1,m,n,n,64,64,16,4,2,2,1,8,27.22048044204712,2465.381319880667
64,64,8192,1,m,n,n,64,64,16,4,2,2,1,16,21.624960899353027,3103.3056805206875
64,64,8192,1,m,n,n,64,64,16,4,2,2,1,32,21.790719032287598,3079.699384887846
64,64,8192,1,m,n,n,64,64,16,4,2,2,1,64,33.13663959503174,2025.2163411905474
64,64,8192,1,m,n,n,64,64,16,4,2,2,1,128,68.99712085723877,972.6328166483099
64,64,8192,1,m,n,n,64,64,16,5,1,1,1,1,333.14815521240234,201.43849800763263
64,64,8192,1,m,n,n,64,64,16,5,1,1,1,2,170.0454330444336,394.6525513711631
64,64,8192,1,m,n,n,64,64,16,5,1,1,1,4,89.45664405822754,750.1831161508662
64,64,8192,1,m,n,n,64,64,16,5,1,1,1,8,51.814398765563965,1295.1778964692107
64,64,8192,1,m,n,n,64,64,16,5,1,1,1,16,34.2630410194397,1958.637120444875
64,64,8192,1,m,n,n,64,64,16,5,1,1,1,32,28.200960159301758,2379.6659270079826
64,64,8192,1,m,n,n,64,64,16,5,1,1,1,64,36.88447952270508,1819.433671517301
64,64,8192,1,m,n,n,64,64,16,5,1,1,1,128,70.42880058288574,952.8610943902332
64,64,8192,1,m,n,n,64,64,16,5,2,2,1,1,122.08127975463867,549.706426201271
64,64,8192,1,m,n,n,64,64,16,5,2,2,1,2,69.5091199874878,965.4684739510462
64,64,8192,1,m,n,n,64,64,16,5,2,2,1,4,40.79616069793701,1644.9798915365482
64,64,8192,1,m,n,n,64,64,16,5,2,2,1,8,27.22304105758667,2465.149424637764
64,64,8192,1,m,n,n,64,64,16,5,2,2,1,16,21.626880168914795,3103.0302787943647
64,64,8192,1,m,n,n,64,64,16,5,2,2,1,32,21.831679344177246,3073.9212930909366
64,64,8192,1,m,n,n,64,64,16,5,2,2,1,64,33.09567928314209,2027.72281619804
64,64,8192,1,m,n,n,64,64,16,5,2,2,1,128,69.07904148101807,971.4793743691502
64,64,8192,1,m,n,n,64,64,16,6,1,1,1,1,333.2710266113281,201.36423103549478
64,64,8192,1,m,n,n,64,64,16,6,1,1,1,2,170.06591796875,394.60501434703343
64,64,8192,1,m,n,n,64,64,16,6,1,1,1,4,89.53856468200684,749.4967586127256
64,64,8192,1,m,n,n,64,64,16,6,1,1,1,8,51.916799545288086,1292.6232854831424
64,64,8192,1,m,n,n,64,64,16,6,1,1,1,16,34.36543941497803,1952.8009867597066
64,64,8192,1,m,n,n,64,64,16,6,1,1,1,32,28.322560787200928,2369.44902349108
64,64,8192,1,m,n,n,64,64,16,6,1,1,1,64,37.02784061431885,1812.3893504621135
64,64,8192,1,m,n,n,64,64,16,6,2,2,1,1,122.22463607788086,549.0616798174683
64,64,8192,1,m,n,n,64,64,16,6,2,2,1,2,69.5091199874878,965.4684739510462
64,64,8192,1,m,n,n,64,64,16,6,2,2,1,4,40.816640853881836,1644.1545064975053
64,64,8192,1,m,n,n,64,64,16,6,2,2,1,8,27.27936029434204,2460.0600335162153
64,64,8192,1,m,n,n,64,64,16,6,2,2,1,16,21.64736032485962,3100.094560856588
64,64,8192,1,m,n,n,64,64,16,6,2,2,1,32,21.811199188232422,3076.807626249481
64,64,8192,1,m,n,n,64,64,16,6,2,2,1,64,33.13663959503174,2025.2163411905474
64,64,8192,1,m,n,n,64,64,32,3,1,1,1,1,323.54305267333984,207.41865246525757
64,64,8192,1,m,n,n,64,64,32,3,1,1,1,2,166.0723114013672,404.0942372254327
64,64,8192,1,m,n,n,64,64,32,3,1,1,1,4,87.55200386047363,766.5028901788172
64,64,8192,1,m,n,n,64,64,32,3,1,1,1,8,50.95232009887695,1317.0914272356983
64,64,8192,1,m,n,n,64,64,32,3,1,1,1,16,34.01727914810181,1972.7875268279572
64,64,8192,1,m,n,n,64,64,32,3,1,1,1,32,28.241920471191406,2376.214608650832
64,64,8192,1,m,n,n,64,64,32,3,1,1,1,64,36.92543983459473,1817.415426887536
64,64,8192,1,m,n,n,64,64,32,3,1,1,1,128,71.06560230255127,944.3227359742053
64,64,8192,1,m,n,n,64,64,32,3,2,2,1,1,102.83007621765137,652.6190242041305
64,64,8192,1,m,n,n,64,64,32,3,2,2,1,2,55.111680030822754,1217.6885909206087
64,64,8192,1,m,n,n,64,64,32,3,2,2,1,4,33.77151966094971,1987.1437434187644
64,64,8192,1,m,n,n,64,64,32,3,2,2,1,8,23.696000576019287,2832.0755557338734
64,64,8192,1,m,n,n,64,64,32,3,2,2,1,16,20.07040023803711,3343.673429731428
64,64,8192,1,m,n,n,64,64,32,3,2,2,1,32,21.15583896636963,3172.1201937053684
64,64,8192,1,m,n,n,64,64,32,3,2,2,1,64,32.89088010787964,2040.3486857112948
64,64,8192,1,m,n,n,64,64,32,3,2,2,1,128,69.14048194885254,970.6160863854631
64,64,8192,1,m,n,n,64,64,32,4,1,1,1,1,323.70689392089844,207.3136694345436
64,64,8192,1,m,n,n,64,64,32,4,1,1,1,2,165.74464797973633,404.8930980154763
64,64,8192,1,m,n,n,64,64,32,4,1,1,1,4,87.40863800048828,767.7600925394252
64,64,8192,1,m,n,n,64,64,32,4,1,1,1,8,50.831360816955566,1320.2256032778653
64,64,8192,1,m,n,n,64,64,32,4,1,1,1,16,34.01727914810181,1972.7875268279572
64,64,8192,1,m,n,n,64,64,32,4,1,1,1,32,28.323841094970703,2369.3419185265843
64,64,8192,1,m,n,n,64,64,32,4,1,1,1,64,36.92543983459473,1817.415426887536
64,64,8192,1,m,n,n,64,64,32,4,2,2,1,1,102.35903739929199,655.6222655574152
64,64,8192,1,m,n,n,64,64,32,4,2,2,1,2,55.09119987487793,1218.1412667071395
64,64,8192,1,m,n,n,64,64,32,4,2,2,1,4,33.62816095352173,1995.6150469468948
64,64,8192,1,m,n,n,64,64,32,4,2,2,1,8,23.695359230041504,2832.1522095735054
64,64,8192,1,m,n,n,64,64,32,4,2,2,1,16,20.090880393981934,3340.2649701753207
64,64,8192,1,m,n,n,64,64,32,4,2,2,1,32,21.176319122314453,3169.0523557176816
64,64,8192,1,m,n,n,64,64,32,4,2,2,1,64,32.94975996017456,2036.7026673673065
64,64,8192,1,m,n,n,64,64,32,5,1,1,1,1,323.87073516845703,207.2087926224462
64,64,8192,1,m,n,n,64,64,32,5,1,1,1,2,166.2156867980957,403.7456710179106
64,64,8192,1,m,n,n,64,64,32,5,1,1,1,4,87.55200386047363,766.5028901788172
64,64,8192,1,m,n,n,64,64,32,5,1,1,1,8,51.015682220458984,1315.4555830498552
64,64,8192,1,m,n,n,64,64,32,5,1,1,1,16,34.1811203956604,1963.3313134030586
64,64,8192,1,m,n,n,64,64,32,5,1,1,1,32,28.385279178619385,2364.2136326264617
64,64,8192,1,m,n,n,64,64,32,5,1,1,1,64,37.10975885391235,1808.3885768210791
64,64,8192,1,m,n,n,64,64,32,5,2,2,1,1,102.83007621765137,652.6190242041305
64,64,8192,1,m,n,n,64,64,32,5,2,2,1,2,55.111680030822754,1217.6885909206087
64,64,8192,1,m,n,n,64,64,32,5,2,2,1,4,33.669118881225586,1993.1874141625053
64,64,8192,1,m,n,n,64,64,32,5,2,2,1,8,23.715839385986328,2829.706463590514
64,64,8192,1,m,n,n,64,64,32,5,2,2,1,16,20.111360549926758,3336.863452544706
64,64,8192,1,m,n,n,64,64,32,5,2,2,1,32,21.237759590148926,3159.8843425616446
64,64,8192,1,m,n,n,64,64,32,5,2,2,1,64,32.972800731658936,2035.2794579432018
64,64,8192,1,m,n,n,64,64,32,6,1,1,1,1,324.0345764160156,207.10402186784378
64,64,8192,1,m,n,n,64,64,32,6,1,1,1,2,165.9903907775879,404.2936683601149
64,64,8192,1,m,n,n,64,64,32,6,1,1,1,4,87.96159744262695,762.9336659531659
64,64,8192,1,m,n,n,64,64,32,6,1,1,1,8,51.19999885559082,1310.7200292968757
64,64,8192,1,m,n,n,64,64,32,6,1,1,1,16,34.3449592590332,1953.9654565858723
64,64,8192,1,m,n,n,64,64,32,6,1,1,1,32,28.543999195098877,2351.067330870822
64,64,8192,1,m,n,n,64,64,32,6,2,2,1,1,102.87103652954102,652.3591699275689
64,64,8192,1,m,n,n,64,64,32,6,2,2,1,2,55.17312049865723,1216.3325799495653
64,64,8192,1,m,n,n,64,64,32,6,2,2,1,4,33.77151966094971,1987.1437434187644
64,64,8192,1,m,n,n,64,64,32,6,2,2,1,8,23.736319541931152,2827.264938081472
64,64,8192,1,m,n,n,64,64,32,6,2,2,1,16,20.193281173706055,3323.3263788444333
64,64,8192,1,m,n,n,64,64,32,6,2,2,1,32,21.278719902038574,3153.8017469542774
64,64,8192,1,m,n,n,64,64,64,3,1,1,1,1,327.9257583618164,204.64651613599545
64,64,8192,1,m,n,n,64,64,64,3,1,1,1,2,169.41055297851562,396.1315444647102
64,64,8192,1,m,n,n,64,64,64,3,1,1,1,4,89.62047576904297,748.8117355340016
64,64,8192,1,m,n,n,64,64,64,3,1,1,1,8,52.22400188446045,1285.0195614742545
64,64,8192,1,m,n,n,64,64,64,3,1,1,1,16,35.02079963684082,1916.2573298127525
64,64,8192,1,m,n,n,64,64,64,3,1,1,1,32,29.020159244537354,2312.4912387457807
64,64,8192,1,m,n,n,64,64,64,3,1,1,1,64,37.806079387664795,1775.0812855219258
64,64,8192,1,m,n,n,64,64,64,3,2,2,1,1,89.88672256469727,746.5937358178504
64,64,8192,1,m,n,n,64,64,64,3,2,2,1,2,49.37727928161621,1359.104125953442
64,64,8192,1,m,n,n,64,64,64,3,2,2,1,4,30.945279598236084,2168.6300744823548
64,64,8192,1,m,n,n,64,64,64,3,2,2,1,8,22.44607925415039,2989.7811212437578
64,64,8192,1,m,n,n,64,64,64,3,2,2,1,16,19.59936022758484,3424.033398067177
64,64,8192,1,m,n,n,64,64,64,3,2,2,1,32,21.176319122314453,3169.0523557176816
64,64,8192,1,m,n,n,64,64,64,3,2,2,1,64,33.116159439086914,2026.4688036497248
64,64,8192,1,m,n,n,64,64,64,4,1,1,1,1,328.27392578125,204.42946798253772
64,64,8192,1,m,n,n,64,64,64,4,1,1,1,2,169.7177505493164,395.41452666437254
64,64,8192,1,m,n,n,64,64,64,4,1,1,1,4,89.84576225280762,746.9341048180922
64,64,8192,1,m,n,n,64,64,64,4,1,1,1,8,52.408318519592285,1280.5002315598445
64,64,8192,1,m,n,n,64,64,64,4,1,1,1,16,35.184640884399414,1907.3340614869123
64,64,8192,1,m,n,n,64,64,64,4,1,1,1,32,29.224960803985596,2296.285851334587
64,64,8192,1,m,n,n,64,64,64,4,2,2,1,1,89.70239639282227,748.1278839655378
64,64,8192,1,m,n,n,64,64,64,4,2,2,1,2,49.47968006134033,1356.2913890470722
64,64,8192,1,m,n,n,64,64,64,4,2,2,1,4,31.088640689849854,2158.6297281215775
64,64,8192,1,m,n,n,64,64,64,4,2,2,1,8,22.568960189819336,2973.5026973139966
64,64,8192,1,m,n,n,64,64,64,4,2,2,1,16,19.701759815216064,3406.2370381842984
64,64,8192,1,m,n,n,64,64,64,4,2,2,1,32,21.196799278259277,3165.990445964685
64,64,8192,1,m,n,n,64,64,64,5,1,1,1,1,328.6016082763672,204.22561031277345
64,64,8192,1,m,n,n,64,64,64,5,1,1,1,2,169.9020767211914,394.9855428202056
64,64,8192,1,m,n,n,64,64,64,5,1,1,1,4,90.11199951171875,744.727276762655
64,64,8192,1,m,n,n,64,64,64,5,1,1,1,8,52.73600101470947,1272.5436648349873
64,64,8192,1,m,n,n,64,64,64,5,1,1,1,16,35.532801151275635,1888.6454719484107
64,64,8192,1,m,n,n,64,64,64,5,1,1,1,32,29.573121070861816,2269.251995391244
64,64,8192,1,m,n,n,64,64,64,5,2,2,1,1,89.70239639282227,748.1278839655378
64,64,8192,1,m,n,n,64,64,64,5,2,2,1,2,49.500160217285156,1355.7302381531686
64,64,8192,1,m,n,n,64,64,64,5,2,2,1,4,31.088640689849854,2158.6297281215775
64,64,8192,1,m,n,n,64,64,64,5,2,2,1,8,22.73279905319214,2952.0721950241573
64,64,8192,1,m,n,n,64,64,64,5,2,2,1,16,19.763200283050537,3395.6476197609754
64,64,8192,1,m,n,n,64,64,64,5,2,2,1,32,21.319680213928223,3147.7425236499353
64,64,8192,1,m,n,n,64,64,64,6,1,1,1,1,328.86783599853516,204.06028396251838
64,64,8192,1,m,n,n,64,64,64,6,1,1,1,2,170.2092742919922,394.2726639259119
64,64,8192,1,m,n,n,64,64,64,6,1,1,1,4,90.46015739440918,741.8610129916445
64,64,8192,1,m,n,n,64,64,64,6,1,1,1,8,53.06367874145508,1264.6854796286932
64,64,8192,1,m,n,n,64,64,64,6,1,1,1,16,35.880959033966064,1870.3196850583788
64,64,8192,1,m,n,n,64,64,64,6,1,1,1,32,29.73695993423462,2256.749316285726
64,64,8192,1,m,n,n,64,64,64,6,2,2,1,1,89.84576225280762,746.9341048180922
64,64,8192,1,m,n,n,64,64,64,6,2,2,1,2,49.7049617767334,1350.144162698326
64,64,8192,1,m,n,n,64,64,64,6,2,2,1,4,31.231999397277832,2148.7213529419187
64,64,8192,1,m,n,n,64,64,64,6,2,2,1,8,22.753279209136963,2949.415044010505
64,64,8192,1,m,n,n,64,64,64,6,2,2,1,16,19.865599870681763,3378.1443518874676
64,64,8192,1,m,n,n,64,64,128,3,1,1,1,1,344.2278289794922,194.95478967796674
64,64,8192,1,m,n,n,64,64,128,3,1,1,1,2,172.89215087890625,388.1544862438728
64,64,8192,1,m,n,n,64,64,128,3,1,1,1,4,91.83232307434082,730.7760683095594
64,64,8192,1,m,n,n,64,64,128,3,1,1,1,8,53.882880210876465,1245.457995885933
64,64,8192,1,m,n,n,64,64,128,3,1,1,1,16,36.331520080566406,1847.1251368284006
64,64,8192,1,m,n,n,64,64,128,3,1,1,1,32,30.310399532318115,2214.0540882163546
64,64,8192,1,m,n,n,64,64,128,3,2,2,1,1,93.73696327209473,715.9274384129549
64,64,8192,1,m,n,n,64,64,128,3,2,2,1,2,53.043198585510254,1265.1737789118179
64,64,8192,1,m,n,n,64,64,128,3,2,2,1,4,33.218560218811035,2020.2219349048592
64,64,8192,1,m,n,n,64,64,128,3,2,2,1,8,24.186880588531494,2774.5977309624823
64,64,8192,1,m,n,n,64,64,128,3,2,2,1,16,20.830719470977783,3221.6296750334927
64,64,8192,1,m,n,n,64,64,128,3,2,2,1,32,22.159359455108643,3028.465878535521
64,64,8192,1,m,n,n,128,16,16,3,1,1,1,1,218.6444854736328,306.9314273105366
64,64,8192,1,m,n,n,128,16,16,3,1,1,1,128,85.99552154541016,780.3762660426798
64,64,8192,1,m,n,n,128,16,16,4,1,1,1,1,219.52512741088867,305.7001482768361
64,64,8192,1,m,n,n,128,16,16,4,1,1,1,128,86.91712379455566,772.1017570556514
64,64,8192,1,m,n,n,128,16,16,5,1,1,1,1,219.01311874389648,306.4148138015144
64,64,8192,1,m,n,n,128,16,16,5,1,1,1,128,88.43263626098633,758.8698792371782
64,64,8192,1,m,n,n,128,16,16,6,1,1,1,1,219.19744491577148,306.1571453343681
64,64,8192,1,m,n,n,128,16,32,3,1,1,1,1,195.29727935791016,343.62416220357795
64,64,8192,1,m,n,n,128,16,32,3,1,1,1,128,88.76031875610352,756.0683077806694
64,64,8192,1,m,n,n,128,16,32,4,1,1,1,1,195.87072372436523,342.6181448864072
64,64,8192,1,m,n,n,128,16,32,5,1,1,1,1,196.11648559570312,342.18879558318145
64,64,8192,1,m,n,n,128,16,32,6,1,1,1,1,196.4441680908203,341.61800094250776
64,64,8192,1,m,n,n,128,16,64,3,1,1,1,1,209.55135345458984,320.25020546833457
64,64,8192,1,m,n,n,128,16,64,4,1,1,1,1,223.72352600097656,299.9633753300807
64,64,8192,1,m,n,n,128,16,64,5,1,1,1,1,224.4607925415039,298.9781121243758
64,64,8192,1,m,n,n,128,32,16,3,1,1,1,1,343.44959259033203,195.39654565858726
64,64,8192,1,m,n,n,128,32,16,3,1,1,1,128,88.02304267883301,762.4010935961174
64,64,8192,1,m,n,n,128,32,16,3,2,2,1,1,147.23072052001953,455.80748204567095
64,64,8192,1,m,n,n,128,32,16,3,2,2,1,128,85.9340763092041,780.9342566100546
64,64,8192,1,m,n,n,128,32,16,4,1,1,1,1,343.0400085449219,195.62984587324584
64,64,8192,1,m,n,n,128,32,16,4,1,1,1,128,87.65439987182617,765.6074777550339
64,64,8192,1,m,n,n,128,32,16,4,2,2,1,1,147.23072052001953,455.80748204567095
64,64,8192,1,m,n,n,128,32,16,4,2,2,1,128,86.07744216918945,779.6335754040441
64,64,8192,1,m,n,n,128,32,16,5,1,1,1,1,344.71935272216797,194.67681019373302
64,64,8192,1,m,n,n,128,32,16,5,1,1,1,128,91.64799690246582,732.2458348044311
64,64,8192,1,m,n,n,128,32,16,5,2,2,1,1,147.37407684326172,455.3641009156108
64,64,8192,1,m,n,n,128,32,16,5,2,2,1,128,90.54207801818848,741.1897922921418
64,64,8192,1,m,n,n,128,32,16,6,1,1,1,1,343.36769104003906,195.44315248977412
64,64,8192,1,m,n,n,128,32,16,6,2,2,1,1,147.39456176757812,455.3008143259849
64,64,8192,1,m,n,n,128,32,32,3,1,1,1,1,577.7203369140625,116.16150533745643
64,64,8192,1,m,n,n,128,32,32,3,1,1,1,128,94.30591583251953,711.6082104454664
64,64,8192,1,m,n,n,128,32,32,3,2,2,1,1,120.5452823638916,556.7108283625535
64,64,8192,1,m,n,n,128,32,32,3,2,2,1,128,89.9891185760498,745.7442084321151
64,64,8192,1,m,n,n,128,32,32,4,1,1,1,1,577.0444869995117,116.29755679488329
64,64,8192,1,m,n,n,128,32,32,4,2,2,1,1,120.48383712768555,556.9947438582972
64,64,8192,1,m,n,n,128,32,32,5,1,1,1,1,577.3721694946289,116.23155313970203
64,64,8192,1,m,n,n,128,32,32,5,2,2,1,1,120.3609561920166,557.5634003184437
64,64,8192,1,m,n,n,128,32,32,6,1,1,1,1,577.7407836914062,116.15739427501703
64,64,8192,1,m,n,n,128,32,32,6,2,2,1,1,120.68863868713379,556.0495563627088
64,64,8192,1,m,n,n,128,32,64,3,1,1,1,1,367.8412628173828,182.43973904938616
64,64,8192,1,m,n,n,128,32,64,3,2,2,1,1,116.77696228027344,574.6755412162008
64,64,8192,1,m,n,n,128,32,64,4,1,1,1,1,368.29185485839844,182.21653048993483
64,64,8192,1,m,n,n,128,32,64,4,2,2,1,1,114.07360076904297,588.2944305043087
64,64,8192,1,m,n,n,128,64,16,3,1,1,1,1,830.013427734375,80.8527449768879
64,64,8192,1,m,n,n,128,64,16,3,1,1,1,128,101.04576110839844,664.1432877922301
64,64,8192,1,m,n,n,128,64,16,3,2,2,1,1,207.79008865356445,322.96470170859044
64,64,8192,1,m,n,n,128,64,16,3,2,2,1,128,90.84927558898926,738.6835345127778
64,64,8192,1,m,n,n,128,64,16,4,1,1,1,1,830.2591705322266,80.8288139196111
64,64,8192,1,m,n,n,128,64,16,4,1,1,1,128,101.25311851501465,662.7831812414602
64,64,8192,1,m,n,n,128,64,16,4,2,2,1,1,207.81055450439453,322.9328951075046
64,64,8192,1,m,n,n,128,64,16,4,2,2,1,128,90.95168113708496,737.8518259475777
64,64,8192,1,m,n,n,128,64,16,5,1,1,1,1,830.4434967041016,80.81087306522893
64,64,8192,1,m,n,n,128,64,16,5,1,1,1,128,102.59967803955078,654.0845476545302
64,64,8192,1,m,n,n,128,64,16,5,2,2,1,1,207.95391082763672,322.7102761997268
64,64,8192,1,m,n,n,128,64,16,5,2,2,1,128,91.0540771484375,737.0220653666972
64,64,8192,1,m,n,n,128,64,16,6,1,1,1,1,830.6483459472656,80.79094399865387
64,64,8192,1,m,n,n,128,64,16,6,2,2,1,1,208.05631637573242,322.55143784631355
64,64,8192,1,m,n,n,128,64,32,3,1,1,1,1,1354.7724914550781,49.53515400059717
64,64,8192,1,m,n,n,128,64,32,3,1,1,1,128,114.81087684631348,584.5166054243477
64,64,8192,1,m,n,n,128,64,32,3,2,2,1,1,184.3609619140625,364.00799444343284
64,64,8192,1,m,n,n,128,64,32,3,2,2,1,128,91.42271995544434,734.0501795692153
64,64,8192,1,m,n,n,128,64,32,4,1,1,1,1,1301.790771484375,51.551190460106504
64,64,8192,1,m,n,n,128,64,32,4,2,2,1,1,185.69215774536133,361.3984823851637
64,64,8192,1,m,n,n,128,64,32,5,1,1,1,1,1086.7302703857422,61.75300884568096
64,64,8192,1,m,n,n,128,64,32,5,2,2,1,1,185.87648391723633,361.040098164763
64,64,8192,1,m,n,n,128,64,32,6,1,1,1,1,1342.0338439941406,50.00534397871191
64,64,8192,1,m,n,n,128,64,32,6,2,2,1,1,185.9993553161621,360.80159463955243
64,64,8192,1,m,n,n,128,64,64,3,1,1,1,1,1262.3462677001953,53.16200928154384
64,64,8192,1,m,n,n,128,64,64,3,2,2,1,1,170.47552108764648,393.6568932116498
64,64,8192,1,m,n,n,128,64,64,4,1,1,1,1,1350.4307556152344,49.69441322404294
64,64,8192,1,m,n,n,128,64,64,4,2,2,1,1,170.65984725952148,393.2317125418959
64,64,8192,1,m,n,n,256,16,16,3,1,1,1,128,149.62688446044922,448.508062184098
64,64,8192,1,m,n,n,256,16,16,4,1,1,1,128,150.6918430328369,445.33839821294424
64,64,8192,1,m,n,n,256,16,16,5,1,1,1,128,152.92415618896484,438.8375628313105
64,64,8192,1,m,n,n,256,16,16,6,1,1,1,128,177.52063751220703,378.0341538903347
64,64,8192,1,m,n,n,256,16,32,3,1,1,1,128,176.92672729492188,379.3031444488046
64,64,8192,1,m,n,n,256,16,32,4,1,1,1,128,180.53119659423828,371.7300126849201
64,64,8192,1,m,n,n,256,16,32,5,1,1,1,128,190.0339126586914,353.14151595947106
64,64,8192,1,m,n,n,256,32,16,3,1,1,1,128,207.05280303955078,324.11473312525504
64,64,8192,1,m,n,n,256,32,16,3,2,2,1,128,144.19967651367188,465.3884503939041
64,64,8192,1,m,n,n,256,32,16,4,1,1,1,128,162.57024765014648,412.7991743262842
64,64,8192,1,m,n,n,256,32,16,4,2,2,1,128,145.4694366455078,461.32621083517733
64,64,8192,1,m,n,n,256,32,16,5,1,1,1,128,160.60415267944336,417.85260767164243
64,64,8192,1,m,n,n,256,32,16,5,2,2,1,128,146.02239608764648,459.57925495017554
64,64,8192,1,m,n,n,256,32,16,6,1,1,1,128,177.13151931762695,378.8646100847946
64,64,8192,1,m,n,n,256,32,32,3,1,1,1,128,192.5529670715332,348.5215783513174
64,64,8192,1,m,n,n,256,32,32,3,2,2,1,128,150.63039779663086,445.5200609016849
64,64,8192,1,m,n,n,256,64,16,3,1,1,1,128,257.3721694946289,260.74638968064687
64,64,8192,1,m,n,n,256,64,16,3,2,2,1,128,148.7667179107666,451.10132792102934
64,64,8192,1,m,n,n,256,64,16,4,1,1,1,128,256.22528076171875,261.9135153271979
64,64,8192,1,m,n,n,256,64,16,4,2,2,1,128,148.787202835083,451.03922058662556
64,64,8192,1,m,n,n,256,64,16,5,1,1,1,128,185.15968322753906,362.43777711334303
64,64,8192,1,m,n,n,256,64,16,5,2,2,1,128,153.02656173706055,438.54389223820175
64,64,8192,1,m,n,n,256,64,16,6,1,1,1,128,184.89343643188477,362.95968799694566
64,64,8192,1,m,n,n,256,64,32,3,1,1,1,128,225.52576065063477,297.56629046009215
64,64,8192,1,m,n,n,256,64,32,3,2,2,1,128,153.76383781433105,436.4411356656795
128,64,8192,1,m,n,n,16,16,16,3,1,1,1,1,60.80512046813965,2207.342522581247
128,64,8192,1,m,n,n,16,16,16,3,1,1,1,2,33.9353609085083,3955.099471664933
128,64,8192,1,m,n,n,16,16,16,3,1,1,1,4,22.34368085861206,6006.965855326726
128,64,8192,1,m,n,n,16,16,16,3,1,1,1,8,18.677760362625122,7185.964772766576
128,64,8192,1,m,n,n,16,16,16,3,1,1,1,16,20.770559310913086,6461.921703258155
128,64,8192,1,m,n,n,16,16,16,3,1,1,1,32,29.286398887634277,4582.9372370077
128,64,8192,1,m,n,n,16,16,16,3,1,1,1,64,43.11232089996338,3113.210451170909
128,64,8192,1,m,n,n,16,16,16,3,1,1,1,128,87.90016174316406,1526.9338001012043
128,64,8192,1,m,n,n,16,16,16,4,1,1,1,1,43.089919090270996,3114.8289630997283
128,64,8192,1,m,n,n,16,16,16,4,1,1,1,2,25.313279628753662,5302.265449931681
128,64,8192,1,m,n,n,16,16,16,4,1,1,1,4,17.920000553131104,7489.828340242355
128,64,8192,1,m,n,n,16,16,16,4,1,1,1,8,17.408000230789185,7710.1175448407785
128,64,8192,1,m,n,n,16,16,16,4,1,1,1,16,20.41856050491333,6573.319797333564
128,64,8192,1,m,n,n,16,16,16,4,1,1,1,32,28.36479902267456,4731.841318272961
128,64,8192,1,m,n,n,16,16,16,4,1,1,1,64,42.91071891784668,3127.836852534729
128,64,8192,1,m,n,n,16,16,16,4,1,1,1,128,87.1014404296875,1540.935802414738
128,64,8192,1,m,n,n,16,16,16,5,1,1,1,1,39.383039474487305,3408.008365808015
128,64,8192,1,m,n,n,16,16,16,5,1,1,1,2,23.347198963165283,5748.77218512398
128,64,8192,1,m,n,n,16,16,16,5,1,1,1,4,16.179200410842896,8295.695991876746
128,64,8192,1,m,n,n,16,16,16,5,1,1,1,8,16.91648006439209,7934.140405634276
128,64,8192,1,m,n,n,16,16,16,5,1,1,1,16,20.541439056396484,6533.998306131594
128,64,8192,1,m,n,n,16,16,16,5,1,1,1,32,28.35968017578125,4732.695403053945
128,64,8192,1,m,n,n,16,16,16,5,1,1,1,64,42.84416198730469,3132.6958393951213
128,64,8192,1,m,n,n,16,16,16,5,1,1,1,128,86.63040161132812,1549.3143919864867
128,64,8192,1,m,n,n,16,16,16,6,1,1,1,1,39.44447994232178,3402.6999011334838
128,64,8192,1,m,n,n,16,16,16,6,1,1,1,2,23.2857608795166,5763.939975784304
128,64,8192,1,m,n,n,16,16,16,6,1,1,1,4,15.81055998802185,8489.119177415849
128,64,8192,1,m,n,n,16,16,16,6,1,1,1,8,16.814080476760864,7982.460187787579
128,64,8192,1,m,n,n,16,16,16,6,1,1,1,16,20.37760019302368,6586.532600926666
128,64,8192,1,m,n,n,16,16,16,6,1,1,1,32,28.406400680541992,4724.911456027492
128,64,8192,1,m,n,n,16,16,16,6,1,1,1,64,42.782721519470215,3137.194718641687
128,64,8192,1,m,n,n,16,16,32,3,1,1,1,1,49.273600578308105,2723.9277508590912
128,64,8192,1,m,n,n,16,16,32,3,1,1,1,2,26.37824058532715,5088.198644858005
128,64,8192,1,m,n,n,16,16,32,3,1,1,1,4,18.20672035217285,7371.878372591251
128,64,8192,1,m,n,n,16,16,32,3,1,1,1,8,17.182719707489014,7811.203947038826
128,64,8192,1,m,n,n,16,16,32,3,1,1,1,16,20.357120037078857,6593.158941713425
128,64,8192,1,m,n,n,16,16,32,3,1,1,1,32,28.446719646453857,4718.214601476254
128,64,8192,1,m,n,n,16,16,32,3,1,1,1,64,42.82368183135986,3134.1940314368794
128,64,8192,1,m,n,n,16,16,32,3,1,1,1,128,87.44959831237793,1534.8009663870848
128,64,8192,1,m,n,n,16,16,32,4,1,1,1,1,48.78335952758789,2751.301454015224
128,64,8192,1,m,n,n,16,16,32,4,1,1,1,2,23.2857608795166,5763.939975784304
128,64,8192,1,m,n,n,16,16,32,4,1,1,1,4,15.9334397315979,8423.650527502254
128,64,8192,1,m,n,n,16,16,32,4,1,1,1,8,16.895999908447266,7943.757618801655
128,64,8192,1,m,n,n,16,16,32,4,1,1,1,16,20.357120037078857,6593.158941713425
128,64,8192,1,m,n,n,16,16,32,4,1,1,1,32,28.221440315246582,4755.878031054606
128,64,8192,1,m,n,n,16,16,32,4,1,1,1,64,42.680959701538086,3144.674556021364
128,64,8192,1,m,n,n,16,16,32,5,1,1,1,1,48.6195182800293,2760.572970446945
128,64,8192,1,m,n,n,16,16,32,5,1,1,1,2,23.347198963165283,5748.77218512398
128,64,8192,1,m,n,n,16,16,32,5,1,1,1,4,15.790079832077028,8500.129792082564
128,64,8192,1,m,n,n,16,16,32,5,1,1,1,8,17.797119617462158,7541.542164402177
128,64,8192,1,m,n,n,16,16,32,5,1,1,1,16,20.357120037078857,6593.158941713425
128,64,8192,1,m,n,n,16,16,32,5,1,1,1,32,28.098559379577637,4776.676490309714
128,64,8192,1,m,n,n,16,16,32,5,1,1,1,64,47.655677795410156,2816.4058137250304
128,64,8192,1,m,n,n,16,16,32,6,1,1,1,1,48.803839683532715,2750.1468915218866
128,64,8192,1,m,n,n,16,16,32,6,1,1,1,2,23.367679119110107,5743.733783567604
128,64,8192,1,m,n,n,16,16,32,6,1,1,1,4,15.790079832077028,8500.129792082564
128,64,8192,1,m,n,n,16,16,32,6,1,1,1,8,18.063360452651978,7430.385301329399
128,64,8192,1,m,n,n,16,16,32,6,1,1,1,16,20.480000972747803,6553.5996887207175
128,64,8192,1,m,n,n,16,16,32,6,1,1,1,32,28.241920471191406,4752.429217301664
128,64,8192,1,m,n,n,16,16,64,3,1,1,1,1,32.1126389503479,4179.5919733512255
128,64,8192,1,m,n,n,16,16,64,3,1,1,1,2,20.193281173706055,6646.652757688867
128,64,8192,1,m,n,n,16,16,64,3,1,1,1,4,16.19968056678772,8285.208306833572
128,64,8192,1,m,n,n,16,16,64,3,1,1,1,8,17.85856008529663,7515.596294378996
128,64,8192,1,m,n,n,16,16,64,3,1,1,1,16,20.439040660858154,6566.733254610824
128,64,8192,1,m,n,n,16,16,64,3,1,1,1,32,27.832319736480713,4822.3694349155
128,64,8192,1,m,n,n,16,16,64,3,1,1,1,64,42.41407871246338,3164.46170880897
128,64,8192,1,m,n,n,16,16,64,4,1,1,1,1,32.133119106292725,4176.92809577629
128,64,8192,1,m,n,n,16,16,64,4,1,1,1,2,20.602879524230957,6514.513072900665
128,64,8192,1,m,n,n,16,16,64,4,1,1,1,4,16.117759943008423,8327.31896210063
128,64,8192,1,m,n,n,16,16,64,4,1,1,1,8,18.14527988433838,7396.839776268565
128,64,8192,1,m,n,n,16,16,64,4,1,1,1,16,20.746240615844727,6469.496352871402
128,64,8192,1,m,n,n,16,16,64,4,1,1,1,32,27.77087926864624,4833.038475361993
128,64,8192,1,m,n,n,16,16,64,5,1,1,1,1,32.030720710754395,4190.281236941886
128,64,8192,1,m,n,n,16,16,64,5,1,1,1,2,20.602879524230957,6514.513072900665
128,64,8192,1,m,n,n,16,16,64,5,1,1,1,4,16.179200410842896,8295.695991876746
128,64,8192,1,m,n,n,16,16,64,5,1,1,1,8,18.431999683380127,7281.7779028621735
128,64,8192,1,m,n,n,16,16,64,5,1,1,1,16,21.856000423431396,6141.001345154979
128,64,8192,1,m,n,n,16,16,64,5,1,1,1,32,29.45024013519287,4557.440869204003
128,64,8192,1,m,n,n,16,16,64,6,1,1,1,1,32.21503973007202,4166.30645576112
128,64,8192,1,m,n,n,16,16,64,6,1,1,1,2,20.643839836120605,6501.5873531996085
128,64,8192,1,m,n,n,16,16,64,6,1,1,1,4,16.302080154418945,8233.165751158333
128,64,8192,1,m,n,n,16,16,64,6,1,1,1,8,18.657280206680298,7193.852829199774
128,64,8192,1,m,n,n,16,16,64,6,1,1,1,16,22.83776044845581,5877.009188485258
128,64,8192,1,m,n,n,16,16,128,3,1,1,1,1,33.19808006286621,4042.936451319953
128,64,8192,1,m,n,n,16,16,128,3,1,1,1,2,20.76672077178955,6463.11613060871
128,64,8192,1,m,n,n,16,16,128,3,1,1,1,4,16.179200410842896,8295.695991876746
128,64,8192,1,m,n,n,16,16,128,3,1,1,1,8,18.575359582901,7225.578993558229
128,64,8192,1,m,n,n,16,16,128,3,1,1,1,16,22.449920177459717,5978.539208115224
128,64,8192,1,m,n,n,16,16,128,3,1,1,1,32,29.3887996673584,4566.968692806912
128,64,8192,1,m,n,n,16,16,128,4,1,1,1,1,33.23904037475586,4037.9543598958617
128,64,8192,1,m,n,n,16,16,128,4,1,1,1,2,20.992000102996826,6393.75606619014
128,64,8192,1,m,n,n,16,16,128,4,1,1,1,4,16.977920532226562,7905.427978958626
128,64,8192,1,m,n,n,16,16,128,4,1,1,1,8,21.0534405708313,6375.097103413743
128,64,8192,1,m,n,n,16,16,128,4,1,1,1,16,23.633921146392822,5679.0291872698945
128,64,8192,1,m,n,n,16,16,128,5,1,1,1,1,33.40287923812866,4018.14846687807
128,64,8192,1,m,n,n,16,16,128,5,1,1,1,2,21.15583896636963,6344.240387410737
128,64,8192,1,m,n,n,16,16,128,5,1,1,1,4,17.612799406051636,7620.465373260524
128,64,8192,1,m,n,n,16,16,128,5,1,1,1,8,20.828158855438232,6444.051484894247
128,64,8192,1,m,n,n,16,16,128,5,1,1,1,16,24.678399562835693,5438.672295513219
128,64,8192,1,m,n,n,16,16,128,6,1,1,1,1,33.62816095352173,3991.2300938937897
128,64,8192,1,m,n,n,16,16,128,6,1,1,1,2,21.442561149597168,6259.407496315873
128,64,8192,1,m,n,n,16,16,128,6,1,1,1,4,17.98143982887268,7464.236973086408
128,64,8192,1,m,n,n,16,16,128,6,1,1,1,8,21.729280948638916,6176.8140564452115
128,64,8192,1,m,n,n,16,16,256,3,1,1,1,1,36.372480392456055,3690.0900502743234
128,64,8192,1,m,n,n,16,16,256,3,1,1,1,2,22.179839611053467,6051.338979616054
128,64,8192,1,m,n,n,16,16,256,3,1,1,1,4,18.595839738845825,7217.621246736469
128,64,8192,1,m,n,n,16,16,256,3,1,1,1,8,22.220799922943115,6040.184352743277
128,64,8192,1,m,n,n,16,16,256,3,1,1,1,16,26.29631996154785,5104.049851700225
128,64,8192,1,m,n,n,16,16,256,4,1,1,1,1,36.6592001914978,3661.2290311540537
128,64,8192,1,m,n,n,16,16,256,4,1,1,1,2,22.958080768585205,5846.208546476475
128,64,8192,1,m,n,n,16,16,256,4,1,1,1,4,25.35423994064331,5293.6995277403885
128,64,8192,1,m,n,n,16,16,256,4,1,1,1,8,31.39584064483643,4275.0162200888335
128,64,8192,1,m,n,n,16,16,256,5,1,1,1,1,37.02784061431885,3624.778700924227
128,64,8192,1,m,n,n,16,16,256,5,1,1,1,2,23.47007989883423,5718.673672119314
128,64,8192,1,m,n,n,16,16,256,5,1,1,1,4,26.3372802734375,5096.11192220806
128,64,8192,1,m,n,n,16,16,256,5,1,1,1,8,33.013761043548584,4065.508556354814
128,64,8192,1,m,n,n,16,16,256,6,1,1,1,1,37.33504056930542,3594.9533187422217
128,64,8192,1,m,n,n,16,16,256,6,1,1,1,2,23.982079029083252,5596.584342718291
128,64,8192,1,m,n,n,16,16,256,6,1,1,1,4,27.299840450286865,4916.4290261846445
128,64,8192,1,m,n,n,16,16,256,6,1,1,1,8,33.607680797576904,3993.662306197488
128,64,8192,1,m,n,n,16,32,16,3,1,1,1,1,82.67775535583496,1623.383791956413
128,64,8192,1,m,n,n,16,32,16,3,1,1,1,2,47.28831768035889,2838.2851110761144
128,64,8192,1,m,n,n,16,32,16,3,1,1,1,4,27.42271900177002,4894.39898324221
128,64,8192,1,m,n,n,16,32,16,3,1,1,1,8,20.17280101776123,6653.4006795500245
128,64,8192,1,m,n,n,16,32,16,3,1,1,1,16,20.787200927734375,6456.748480307713
128,64,8192,1,m,n,n,16,32,16,3,1,1,1,32,26.849279403686523,4998.932223915526
128,64,8192,1,m,n,n,16,32,16,3,1,1,1,64,42.495999336242676,3158.3614951144946
128,64,8192,1,m,n,n,16,32,16,3,1,1,1,128,86.1184024810791,1558.52551990254
128,64,8192,1,m,n,n,16,32,16,4,1,1,1,1,69.93919849395752,1919.062998864591
128,64,8192,1,m,n,n,16,32,16,4,1,1,1,2,39.99743938446045,3355.658013751386
128,64,8192,1,m,n,n,16,32,16,4,1,1,1,4,23.81824016571045,5635.0816460917395
128,64,8192,1,m,n,n,16,32,16,4,1,1,1,8,18.431999683380127,7281.7779028621735
128,64,8192,1,m,n,n,16,32,16,4,1,1,1,16,19.78368043899536,6784.264859810672
128,64,8192,1,m,n,n,16,32,16,4,1,1,1,32,27.013120651245117,4968.61246550622
128,64,8192,1,m,n,n,16,32,16,4,1,1,1,64,42.4345588684082,3162.9344472795447
128,64,8192,1,m,n,n,16,32,16,4,1,1,1,128,85.02911567687988,1578.4914018163183
128,64,8192,1,m,n,n,16,32,16,5,1,1,1,1,69.93919849395752,1919.062998864591
128,64,8192,1,m,n,n,16,32,16,5,1,1,1,2,40.01791954040527,3353.9406731147806
128,64,8192,1,m,n,n,16,32,16,5,1,1,1,4,23.715839385986328,5659.412927181028
128,64,8192,1,m,n,n,16,32,16,5,1,1,1,8,18.247679471969604,7355.331301504547
128,64,8192,1,m,n,n,16,32,16,5,1,1,1,16,19.72223997116089,6805.3998022669675
128,64,8192,1,m,n,n,16,32,16,5,1,1,1,32,26.954240798950195,4979.466088513517
128,64,8192,1,m,n,n,16,32,16,5,1,1,1,64,42.70080089569092,3143.21336332463
128,64,8192,1,m,n,n,16,32,16,5,1,1,1,128,85.1148796081543,1576.9008734771387
128,64,8192,1,m,n,n,16,32,16,6,1,1,1,1,69.95903968811035,1918.5187303651696
128,64,8192,1,m,n,n,16,32,16,6,1,1,1,2,40.05887985229492,3350.511259797766
128,64,8192,1,m,n,n,16,32,16,6,1,1,1,4,23.756799697875977,5649.655244262552
128,64,8192,1,m,n,n,16,32,16,6,1,1,1,8,18.247679471969604,7355.331301504547
128,64,8192,1,m,n,n,16,32,16,6,1,1,1,16,19.701759815216064,6812.474076368597
128,64,8192,1,m,n,n,16,32,16,6,1,1,1,32,27.156479358673096,4942.383223808216
128,64,8192,1,m,n,n,16,32,16,6,1,1,1,64,42.639360427856445,3147.7425236499353
128,64,8192,1,m,n,n,16,32,32,3,1,1,1,1,67.68640041351318,1982.934934935678
128,64,8192,1,m,n,n,16,32,32,3,1,1,1,2,33.73055934906006,3979.1136165591083
128,64,8192,1,m,n,n,16,32,32,3,1,1,1,4,20.8076810836792,6450.393364846196
128,64,8192,1,m,n,n,16,32,32,3,1,1,1,8,17.40224003791809,7712.669616529269
128,64,8192,1,m,n,n,16,32,32,3,1,1,1,16,19.496959447860718,6884.033808396051
128,64,8192,1,m,n,n,16,32,32,3,1,1,1,32,26.869759559631348,4995.122033084596
128,64,8192,1,m,n,n,16,32,32,3,1,1,1,64,42.61888027191162,3149.2551456931983
128,64,8192,1,m,n,n,16,32,32,3,1,1,1,128,84.9510383605957,1579.9421712808223
128,64,8192,1,m,n,n,16,32,32,4,1,1,1,1,67.11296081542969,1999.8779128388937
128,64,8192,1,m,n,n,16,32,32,4,1,1,1,2,33.77151966094971,3974.287486837529
128,64,8192,1,m,n,n,16,32,32,4,1,1,1,4,20.8076810836792,6450.393364846196
128,64,8192,1,m,n,n,16,32,32,4,1,1,1,8,16.95744037628174,7914.975669779118
128,64,8192,1,m,n,n,16,32,32,4,1,1,1,16,19.578880071640015,6855.230100439414
128,64,8192,1,m,n,n,16,32,32,4,1,1,1,32,27.156479358673096,4942.383223808216
128,64,8192,1,m,n,n,16,32,32,4,1,1,1,64,42.41919994354248,3164.0796662510397
128,64,8192,1,m,n,n,16,32,32,5,1,1,1,1,67.19488143920898,1997.439762155491
128,64,8192,1,m,n,n,16,32,32,5,1,1,1,2,33.87392044067383,3962.273225358326
128,64,8192,1,m,n,n,16,32,32,5,1,1,1,4,20.86911916732788,6431.403593215739
128,64,8192,1,m,n,n,16,32,32,5,1,1,1,8,17.097599506378174,7850.091935416474
128,64,8192,1,m,n,n,16,32,32,5,1,1,1,16,19.80672001838684,6776.373265003186
128,64,8192,1,m,n,n,16,32,32,5,1,1,1,32,27.56608009338379,4868.945005794058
128,64,8192,1,m,n,n,16,32,32,5,1,1,1,64,42.27071762084961,3175.193977161118
128,64,8192,1,m,n,n,16,32,32,6,1,1,1,1,67.21536159515381,1996.831153098744
128,64,8192,1,m,n,n,16,32,32,6,1,1,1,2,33.89440059661865,3959.8790843756574
128,64,8192,1,m,n,n,16,32,32,6,1,1,1,4,20.91007947921753,6418.805252911575
128,64,8192,1,m,n,n,16,32,32,6,1,1,1,8,17.26464033126831,7774.139827107535
128,64,8192,1,m,n,n,16,32,32,6,1,1,1,16,19.94752049446106,6728.541927668102
128,64,8192,1,m,n,n,16,32,32,6,1,1,1,32,28.26240062713623,4748.9854018674705
128,64,8192,1,m,n,n,16,32,64,3,1,1,1,1,57.7126407623291,2325.6209770877135
128,64,8192,1,m,n,n,16,32,64,3,1,1,1,2,31.31392002105713,4286.20012792218
128,64,8192,1,m,n,n,16,32,64,3,1,1,1,4,19.701759815216064,6812.474076368597
128,64,8192,1,m,n,n,16,32,64,3,1,1,1,8,17.715200185775757,7576.416105518741
128,64,8192,1,m,n,n,16,32,64,3,1,1,1,16,19.886080026626587,6749.33057798663
128,64,8192,1,m,n,n,16,32,64,3,1,1,1,32,27.791359424591064,4829.476887022591
128,64,8192,1,m,n,n,16,32,64,3,1,1,1,64,42.174081802368164,3182.469475659418
128,64,8192,1,m,n,n,16,32,64,4,1,1,1,1,57.7945613861084,2322.324536790425
128,64,8192,1,m,n,n,16,32,64,4,1,1,1,2,31.41247987747192,4272.751738275108
128,64,8192,1,m,n,n,16,32,64,4,1,1,1,4,19.763200283050537,6791.295239521951
128,64,8192,1,m,n,n,16,32,64,4,1,1,1,8,18.001919984817505,7455.745171248223
128,64,8192,1,m,n,n,16,32,64,4,1,1,1,16,20.07040023803711,6687.346859462856
128,64,8192,1,m,n,n,16,32,64,4,1,1,1,32,30.18752098083496,4446.132827045
128,64,8192,1,m,n,n,16,32,64,5,1,1,1,1,58.04031848907471,2312.4912387457807
128,64,8192,1,m,n,n,16,32,64,5,1,1,1,2,31.5391993522644,4255.584502983385
128,64,8192,1,m,n,n,16,32,64,5,1,1,1,4,19.865599870681763,6756.288703774935
128,64,8192,1,m,n,n,16,32,64,5,1,1,1,8,18.498560190200806,7255.577008155414
128,64,8192,1,m,n,n,16,32,64,5,1,1,1,16,23.449599742889404,5723.668185027282
128,64,8192,1,m,n,n,16,32,64,5,1,1,1,32,30.699520111083984,4371.981305060891
128,64,8192,1,m,n,n,16,32,64,6,1,1,1,1,58.2041597366333,2305.981713460323
128,64,8192,1,m,n,n,16,32,64,6,1,1,1,2,31.744000911712643,4228.1289108228775
128,64,8192,1,m,n,n,16,32,64,6,1,1,1,4,20.131840705871582,6666.93771130697
128,64,8192,1,m,n,n,16,32,64,6,1,1,1,8,19.08735990524292,7031.759691560751
128,64,8192,1,m,n,n,16,32,64,6,1,1,1,16,23.983359336853027,5596.285579299975
128,64,8192,1,m,n,n,16,32,128,3,1,1,1,1,58.14271926879883,2308.418486233845
128,64,8192,1,m,n,n,16,32,128,3,1,1,1,2,32.15359926223755,4174.267611701891
128,64,8192,1,m,n,n,16,32,128,3,1,1,1,4,20.31615972518921,6606.451702266779
128,64,8192,1,m,n,n,16,32,128,3,1,1,1,8,18.4934401512146,7257.585765684863
128,64,8192,1,m,n,n,16,32,128,3,1,1,1,16,22.97856092453003,5840.997982459387
128,64,8192,1,m,n,n,16,32,128,3,1,1,1,32,31.06816053390503,4320.105397084154
128,64,8192,1,m,n,n,16,32,128,4,1,1,1,1,58.49088191986084,2294.6777958296743
128,64,8192,1,m,n,n,16,32,128,4,1,1,1,2,32.378880977630615,4145.224416270782
128,64,8192,1,m,n,n,16,32,128,4,1,1,1,4,20.684800148010254,6488.7128248570925
128,64,8192,1,m,n,n,16,32,128,4,1,1,1,8,19.148800373077393,7009.1977244018835
128,64,8192,1,m,n,n,16,32,128,4,1,1,1,16,24.20736074447632,5544.50067550739
128,64,8192,1,m,n,n,16,32,128,5,1,1,1,1,58.79807949066162,2282.688978324821
128,64,8192,1,m,n,n,16,32,128,5,1,1,1,2,32.727038860321045,4101.126550826706
128,64,8192,1,m,n,n,16,32,128,5,1,1,1,4,21.237759590148926,6319.768685123289
128,64,8192,1,m,n,n,16,32,128,5,1,1,1,8,25.74336051940918,5213.68326791705
128,64,8192,1,m,n,n,16,32,128,5,1,1,1,16,34.15616035461426,3929.5320845941674
128,64,8192,1,m,n,n,16,32,128,6,1,1,1,1,59.105281829833984,2270.824600522457
128,64,8192,1,m,n,n,16,32,128,6,1,1,1,2,33.05471897125244,4060.4710061739943
128,64,8192,1,m,n,n,16,32,128,6,1,1,1,4,21.825919151306152,6149.465095584204
128,64,8192,1,m,n,n,16,32,128,6,1,1,1,8,26.68544054031372,5029.62384290554
128,64,8192,1,m,n,n,16,32,128,6,1,1,1,16,34.9183988571167,3843.753791495659
128,64,8192,1,m,n,n,16,32,256,3,1,1,1,1,59.908480644226074,2240.379434709229
128,64,8192,1,m,n,n,16,32,256,3,1,1,1,2,34.32447910308838,3910.2626320095746
128,64,8192,1,m,n,n,16,32,256,3,1,1,1,4,22.118399143218994,6068.148383204675
128,64,8192,1,m,n,n,16,32,256,3,1,1,1,8,27.13599920272827,4946.113352866906
128,64,8192,1,m,n,n,16,32,256,3,1,1,1,16,35.96031904220581,3732.384238373183
128,64,8192,1,m,n,n,16,32,256,4,1,1,1,1,59.412479400634766,2259.0830975918843
128,64,8192,1,m,n,n,16,32,256,4,1,1,1,2,34.97983932495117,3837.002415967711
128,64,8192,1,m,n,n,16,32,256,4,1,1,1,4,23.03999900817871,5825.422472993838
128,64,8192,1,m,n,n,16,32,256,4,1,1,1,8,28.979198932647705,4631.519605215572
128,64,8192,1,m,n,n,16,64,16,3,1,1,1,1,125.70624351501463,1067.709321724889
128,64,8192,1,m,n,n,16,64,16,3,1,1,1,2,68.21887969970703,1967.4572287145959
128,64,8192,1,m,n,n,16,64,16,3,1,1,1,4,37.949440479278564,3536.75116958013
128,64,8192,1,m,n,n,16,64,16,3,1,1,1,8,25.026559829711914,5363.011493119989
128,64,8192,1,m,n,n,16,64,16,3,1,1,1,16,22.34368085861206,6006.965855326726
128,64,8192,1,m,n,n,16,64,16,3,1,1,1,32,27.095680236816406,4953.473277915013
128,64,8192,1,m,n,n,16,64,16,3,1,1,1,64,42.188801765441895,3181.3590901731122
128,64,8192,1,m,n,n,16,64,16,3,1,1,1,128,91.4022445678711,1468.4292342551403
128,64,8192,1,m,n,n,16,64,16,4,1,1,1,1,129.24480438232422,1038.4767777818379
128,64,8192,1,m,n,n,16,64,16,4,1,1,1,2,66.47808074951172,2018.9771799479308
128,64,8192,1,m,n,n,16,64,16,4,1,1,1,4,37.00736045837402,3626.784681143862
128,64,8192,1,m,n,n,16,64,16,4,1,1,1,8,24.535040855407715,5470.4505605262675
128,64,8192,1,m,n,n,16,64,16,4,1,1,1,16,21.89311981201172,6130.589388469024
128,64,8192,1,m,n,n,16,64,16,4,1,1,1,32,27.09696054458618,4953.239230619758
128,64,8192,1,m,n,n,16,64,16,4,1,1,1,64,42.291197776794434,3173.6563411700413
128,64,8192,1,m,n,n,16,64,16,4,1,1,1,128,86.15936279296875,1557.7845941422534
128,64,8192,1,m,n,n,16,64,16,5,1,1,1,1,129.75616455078125,1034.384211838141
128,64,8192,1,m,n,n,16,64,16,5,1,1,1,2,66.53952121734619,2017.1129209299268
128,64,8192,1,m,n,n,16,64,16,5,1,1,1,4,37.171199321746826,3610.7989639569305
128,64,8192,1,m,n,n,16,64,16,5,1,1,1,8,24.637439250946045,5447.71421384007
128,64,8192,1,m,n,n,16,64,16,5,1,1,1,16,21.99552059173584,6102.048252971485
128,64,8192,1,m,n,n,16,64,16,5,1,1,1,32,27.340800762176514,4909.063533562554
128,64,8192,1,m,n,n,16,64,16,5,1,1,1,64,42.352638244628906,3169.0523557176816
128,64,8192,1,m,n,n,16,64,16,5,1,1,1,128,85.58591842651367,1568.2220915259898
128,64,8192,1,m,n,n,16,64,16,6,1,1,1,1,128.83968353271484,1041.742142791895
128,64,8192,1,m,n,n,16,64,16,6,1,1,1,2,66.49856090545654,2018.3553775069256
128,64,8192,1,m,n,n,16,64,16,6,1,1,1,4,37.08928108215332,3618.7740523388875
128,64,8192,1,m,n,n,16,64,16,6,1,1,1,8,24.637439250946045,5447.71421384007
128,64,8192,1,m,n,n,16,64,16,6,1,1,1,16,22.077438831329346,6079.406629791504
128,64,8192,1,m,n,n,16,64,16,6,1,1,1,32,27.545599937438965,4872.565066828558
128,64,8192,1,m,n,n,16,64,16,6,1,1,1,64,43.43808174133301,3089.8631481759626
128,64,8192,1,m,n,n,16,64,32,3,1,1,1,1,119.05023574829102,1127.404134535086
128,64,8192,1,m,n,n,16,64,32,3,1,1,1,2,58.49088191986084,2294.6777958296743
128,64,8192,1,m,n,n,16,64,32,3,1,1,1,4,33.116159439086914,4052.9376072994496
128,64,8192,1,m,n,n,16,64,32,3,1,1,1,8,22.712318897247314,5909.468276102222
128,64,8192,1,m,n,n,16,64,32,3,1,1,1,16,21.2172794342041,6325.868894559089
128,64,8192,1,m,n,n,16,64,32,3,1,1,1,32,27.299840450286865,4916.4290261846445
128,64,8192,1,m,n,n,16,64,32,3,1,1,1,64,42.55743980407715,3153.8017469542774
128,64,8192,1,m,n,n,16,64,32,3,1,1,1,128,85.23776054382324,1574.6275728465992
128,64,8192,1,m,n,n,16,64,32,4,1,1,1,1,124.92799758911133,1074.3606764709593
128,64,8192,1,m,n,n,16,64,32,4,1,1,1,2,58.511362075805664,2293.87461235497
128,64,8192,1,m,n,n,16,64,32,4,1,1,1,4,33.15711975097656,4047.930851896355
128,64,8192,1,m,n,n,16,64,32,4,1,1,1,8,22.814719676971436,5882.944427999078
128,64,8192,1,m,n,n,16,64,32,4,1,1,1,16,21.319680213928223,6295.4850472998705
128,64,8192,1,m,n,n,16,64,32,4,1,1,1,32,27.504639625549316,4879.821362041184
128,64,8192,1,m,n,n,16,64,32,4,1,1,1,64,44.93311882019043,2987.0556846298878
128,64,8192,1,m,n,n,16,64,32,5,1,1,1,1,125.07136344909667,1073.1291664108696
128,64,8192,1,m,n,n,16,64,32,5,1,1,1,2,58.65471839904785,2288.268218881753
128,64,8192,1,m,n,n,16,64,32,5,1,1,1,4,33.28000068664551,4032.984532174559
128,64,8192,1,m,n,n,16,64,32,5,1,1,1,8,22.896640300750732,5861.896166294725
128,64,8192,1,m,n,n,16,64,32,5,1,1,1,16,22.056961059570312,6085.050775467737
128,64,8192,1,m,n,n,16,64,32,5,1,1,1,32,31.723520755767822,4230.858517669328
128,64,8192,1,m,n,n,16,64,32,5,1,1,1,64,46.82112216949463,2866.6063900417766
128,64,8192,1,m,n,n,16,64,32,6,1,1,1,1,125.25568008422852,1071.550031980545
128,64,8192,1,m,n,n,16,64,32,6,1,1,1,2,58.7775993347168,2283.484346403456
128,64,8192,1,m,n,n,16,64,32,6,1,1,1,4,33.34144115447998,4025.552686164126
128,64,8192,1,m,n,n,16,64,32,6,1,1,1,8,22.999041080474854,5835.796698234728
128,64,8192,1,m,n,n,16,64,32,6,1,1,1,16,22.44607925415039,5979.5622424875155
128,64,8192,1,m,n,n,16,64,32,6,1,1,1,32,32.41983890533447,4139.987505549121
128,64,8192,1,m,n,n,16,64,64,3,1,1,1,1,114.84928131103516,1168.6422976954568
128,64,8192,1,m,n,n,16,64,64,3,1,1,1,2,62.97599792480468,2131.2521027496887
128,64,8192,1,m,n,n,16,64,64,3,1,1,1,4,36.06528043746948,3721.5218174362653
128,64,8192,1,m,n,n,16,64,64,3,1,1,1,8,24.06399965286255,5577.53199535282
128,64,8192,1,m,n,n,16,64,64,3,1,1,1,16,22.79423952102661,5888.230132713596
128,64,8192,1,m,n,n,16,64,64,3,1,1,1,32,32.481279373168945,4132.156447965228
128,64,8192,1,m,n,n,16,64,64,3,1,1,1,64,46.530561447143555,2884.5069525426807
128,64,8192,1,m,n,n,16,64,64,4,1,1,1,1,115.89632034301758,1158.084463792782
128,64,8192,1,m,n,n,16,64,64,4,1,1,1,2,63.13983917236328,2125.721727507155
128,64,8192,1,m,n,n,16,64,64,4,1,1,1,4,35.635199546813965,3766.4368295083677
128,64,8192,1,m,n,n,16,64,64,4,1,1,1,8,24.350719451904297,5511.858828857057
128,64,8192,1,m,n,n,16,64,64,4,1,1,1,16,23.449599742889404,5723.668185027282
128,64,8192,1,m,n,n,16,64,64,4,1,1,1,32,32.80895948410034,4090.886456336529
128,64,8192,1,m,n,n,16,64,64,5,1,1,1,1,116.30592346191406,1154.0059526198716
128,64,8192,1,m,n,n,16,64,64,5,1,1,1,2,63.385601043701165,2117.4797712727163
128,64,8192,1,m,n,n,16,64,64,5,1,1,1,4,35.983359813690186,3729.9943277930283
128,64,8192,1,m,n,n,16,64,64,5,1,1,1,8,24.842240810394287,5402.802791600093
128,64,8192,1,m,n,n,16,64,64,5,1,1,1,16,31.06816053390503,4320.105397084154
128,64,8192,1,m,n,n,16,64,64,5,1,1,1,32,43.417601585388184,3091.320641837798
128,64,8192,1,m,n,n,16,64,64,6,1,1,1,1,116.55167579650879,1151.5727001157402
128,64,8192,1,m,n,n,16,64,64,6,1,1,1,2,63.77471923828125,2104.5600765175113
128,64,8192,1,m,n,n,16,64,64,6,1,1,1,4,36.35008096694946,3692.3639350909452
128,64,8192,1,m,n,n,16,64,64,6,1,1,1,8,25.35423994064331,5293.6995277403885
128,64,8192,1,m,n,n,16,64,64,6,1,1,1,16,31.91168069839478,4205.912225950275
128,64,8192,1,m,n,n,16,64,128,3,1,1,1,1,112.3737621307373,1194.3867096293272
128,64,8192,1,m,n,n,16,64,128,3,1,1,1,2,63.385601043701165,2117.4797712727163
128,64,8192,1,m,n,n,16,64,128,3,1,1,1,4,36.06528043746948,3721.5218174362653
128,64,8192,1,m,n,n,16,64,128,3,1,1,1,8,24.883201122283936,5393.909221744082
128,64,8192,1,m,n,n,16,64,128,3,1,1,1,16,31.559679508209232,4252.8229085814255
128,64,8192,1,m,n,n,16,64,128,3,1,1,1,32,43.95008087158203,3053.8676002024085
128,64,8192,1,m,n,n,16,64,128,4,1,1,1,1,112.25279808044434,1195.673785376956
128,64,8192,1,m,n,n,16,64,128,4,1,1,1,2,63.7337589263916,2105.9126318755634
128,64,8192,1,m,n,n,16,64,128,4,1,1,1,4,36.618239879608154,3665.324396838165
128,64,8192,1,m,n,n,16,64,128,4,1,1,1,8,25.825281143188477,5197.144892860168
128,64,8192,1,m,n,n,16,64,128,4,1,1,1,16,33.13535928726196,4050.5891859031854
128,64,8192,1,m,n,n,32,16,16,3,1,1,1,1,79.03232097625732,1698.2637779336044
128,64,8192,1,m,n,n,32,16,16,3,1,1,1,2,41.594882011413574,3226.7846790182225
128,64,8192,1,m,n,n,32,16,16,3,1,1,1,4,24.61695909500122,5452.246456681751
128,64,8192,1,m,n,n,32,16,16,3,1,1,1,8,18.575359582901,7225.578993558229
128,64,8192,1,m,n,n,32,16,16,3,1,1,1,16,19.742720127105713,6798.340205194226
128,64,8192,1,m,n,n,32,16,16,3,1,1,1,32,26.419200897216797,5080.309904988063
128,64,8192,1,m,n,n,32,16,16,3,1,1,1,64,41.902079582214355,3203.1280866778197
128,64,8192,1,m,n,n,32,16,16,3,1,1,1,128,85.21727561950684,1575.0060891324322
128,64,8192,1,m,n,n,32,16,16,4,1,1,1,1,68.09599876403809,1971.0075545713444
128,64,8192,1,m,n,n,32,16,16,4,1,1,1,2,37.39648103713989,3589.046997943555
128,64,8192,1,m,n,n,32,16,16,4,1,1,1,4,22.405118942260742,5990.493884272013
128,64,8192,1,m,n,n,32,16,16,4,1,1,1,8,17.46943950653076,7683.001389359067
128,64,8192,1,m,n,n,32,16,16,4,1,1,1,16,19.025919437408447,7054.467377597707
128,64,8192,1,m,n,n,32,16,16,4,1,1,1,32,26.37824058532715,5088.198644858005
128,64,8192,1,m,n,n,32,16,16,4,1,1,1,64,41.656317710876465,3222.0257424471233
128,64,8192,1,m,n,n,32,16,16,4,1,1,1,128,84.00896072387695,1597.6596644392575
128,64,8192,1,m,n,n,32,16,16,5,1,1,1,1,68.13695907592773,1969.8226897745149
128,64,8192,1,m,n,n,32,16,16,5,1,1,1,2,37.39648103713989,3589.046997943555
128,64,8192,1,m,n,n,32,16,16,5,1,1,1,4,22.44607925415039,5979.5622424875155
128,64,8192,1,m,n,n,32,16,16,5,1,1,1,8,17.448960542678833,7692.018540113815
128,64,8192,1,m,n,n,32,16,16,5,1,1,1,16,19.081599712371826,7033.882380048986
128,64,8192,1,m,n,n,32,16,16,5,1,1,1,32,26.8287992477417,5002.748231876151
128,64,8192,1,m,n,n,32,16,16,5,1,1,1,64,41.84063911437988,3207.8316880650077
128,64,8192,1,m,n,n,32,16,16,5,1,1,1,128,83.84384155273438,1600.8060403050888
128,64,8192,1,m,n,n,32,16,16,6,1,1,1,1,68.17791938781738,1968.6392486770899
128,64,8192,1,m,n,n,32,16,16,6,1,1,1,2,37.560319900512695,3573.3915034671454
128,64,8192,1,m,n,n,32,16,16,6,1,1,1,4,22.527999877929688,5957.81821410124
128,64,8192,1,m,n,n,32,16,16,6,1,1,1,8,17.489919662475586,7674.004831935422
128,64,8192,1,m,n,n,32,16,16,6,1,1,1,16,19.230719804763794,6979.3397939661045
128,64,8192,1,m,n,n,32,16,16,6,1,1,1,32,26.316800117492676,5100.0777982421205
128,64,8192,1,m,n,n,32,16,16,6,1,1,1,64,41.594882011413574,3226.7846790182225
128,64,8192,1,m,n,n,32,16,32,3,1,1,1,1,70.49215793609619,1904.0093526669089
128,64,8192,1,m,n,n,32,16,32,3,1,1,1,2,35.041279792785645,3830.2747158119764
128,64,8192,1,m,n,n,32,16,32,3,1,1,1,4,21.319680213928223,6295.4850472998705
128,64,8192,1,m,n,n,32,16,32,3,1,1,1,8,17.14176058769226,7829.868309814569
128,64,8192,1,m,n,n,32,16,32,3,1,1,1,16,19.189759492874146,6994.237111196726
128,64,8192,1,m,n,n,32,16,32,3,1,1,1,32,26.3372802734375,5096.11192220806
128,64,8192,1,m,n,n,32,16,32,3,1,1,1,64,41.6153621673584,3225.196682423098
128,64,8192,1,m,n,n,32,16,32,3,1,1,1,128,83.76447677612305,1602.3227645619174
128,64,8192,1,m,n,n,32,16,32,4,1,1,1,1,71.4137601852417,1879.4379073703685
128,64,8192,1,m,n,n,32,16,32,4,1,1,1,2,34.549760818481445,3884.765764520255
128,64,8192,1,m,n,n,32,16,32,4,1,1,1,4,21.11488103866577,6356.546729021074
128,64,8192,1,m,n,n,32,16,32,4,1,1,1,8,17.080320119857788,7858.033517999282
128,64,8192,1,m,n,n,32,16,32,4,1,1,1,16,19.107840061187744,7024.222914269936
128,64,8192,1,m,n,n,32,16,32,4,1,1,1,32,26.19391918182373,5124.003287493353
128,64,8192,1,m,n,n,32,16,32,4,1,1,1,64,44.64640140533447,3006.2384374827416
128,64,8192,1,m,n,n,32,16,32,5,1,1,1,1,71.47520065307617,1877.822332412347
128,64,8192,1,m,n,n,32,16,32,5,1,1,1,2,34.693119525909424,3868.7131579437205
128,64,8192,1,m,n,n,32,16,32,5,1,1,1,4,21.15583896636963,6344.240387410737
128,64,8192,1,m,n,n,32,16,32,5,1,1,1,8,16.936960220336914,7924.546450716652
128,64,8192,1,m,n,n,32,16,32,5,1,1,1,16,19.08735990524292,7031.759691560751
128,64,8192,1,m,n,n,32,16,32,5,1,1,1,32,27.095038890838623,4953.590527798862
128,64,8192,1,m,n,n,32,16,32,5,1,1,1,64,40.91904163360596,3280.079949129839
128,64,8192,1,m,n,n,32,16,32,6,1,1,1,1,71.55712127685547,1875.6725480991583
128,64,8192,1,m,n,n,32,16,32,6,1,1,1,2,34.73407983779907,3864.150961441008
128,64,8192,1,m,n,n,32,16,32,6,1,1,1,4,21.2172794342041,6325.868894559089
128,64,8192,1,m,n,n,32,16,32,6,1,1,1,8,16.977920532226562,7905.427978958626
128,64,8192,1,m,n,n,32,16,32,6,1,1,1,16,19.31264042854309,6949.7347344402015
128,64,8192,1,m,n,n,32,16,32,6,1,1,1,32,27.484159469604492,4883.457620322542
128,64,8192,1,m,n,n,32,16,64,3,1,1,1,1,60.743680000305176,2209.5751854238288
128,64,8192,1,m,n,n,32,16,64,3,1,1,1,2,32.76799917221069,4096.000103473666
128,64,8192,1,m,n,n,32,16,64,3,1,1,1,4,20.357120037078857,6593.158941713425
128,64,8192,1,m,n,n,32,16,64,3,1,1,1,8,16.954879760742188,7916.171031231467
128,64,8192,1,m,n,n,32,16,64,3,1,1,1,16,19.742720127105713,6798.340205194226
128,64,8192,1,m,n,n,32,16,64,3,1,1,1,32,27.159039974212646,4941.9172447715
128,64,8192,1,m,n,n,32,16,64,3,1,1,1,64,41.062397956848145,3268.6285915656313
128,64,8192,1,m,n,n,32,16,64,4,1,1,1,1,61.27999782562256,2190.2371534334575
128,64,8192,1,m,n,n,32,16,64,4,1,1,1,2,32.76799917221069,4096.000103473666
128,64,8192,1,m,n,n,32,16,64,4,1,1,1,4,20.37760019302368,6586.532600926666
128,64,8192,1,m,n,n,32,16,64,4,1,1,1,8,16.834559440612793,7972.749656650021
128,64,8192,1,m,n,n,32,16,64,4,1,1,1,16,19.478399753570557,6890.593154368174
128,64,8192,1,m,n,n,32,16,64,4,1,1,1,32,29.368319511413574,4570.153493046758
128,64,8192,1,m,n,n,32,16,64,5,1,1,1,1,61.46048069000244,2183.8053736835277
128,64,8192,1,m,n,n,32,16,64,5,1,1,1,2,32.89088010787964,4080.6973714225896
128,64,8192,1,m,n,n,32,16,64,5,1,1,1,4,20.480000972747803,6553.5996887207175
128,64,8192,1,m,n,n,32,16,64,5,1,1,1,8,17.100800275802612,7848.622627908015
128,64,8192,1,m,n,n,32,16,64,5,1,1,1,16,22.70911931991577,5910.300884380479
128,64,8192,1,m,n,n,32,16,64,5,1,1,1,32,29.368319511413574,4570.153493046758
128,64,8192,1,m,n,n,32,16,64,6,1,1,1,1,61.60384178161621,2178.7233412454675
128,64,8192,1,m,n,n,32,16,64,6,1,1,1,2,33.075199127197266,4057.9567634298737
128,64,8192,1,m,n,n,32,16,64,6,1,1,1,4,20.602879524230957,6514.513072900665
128,64,8192,1,m,n,n,32,16,64,6,1,1,1,8,18.455040454864502,7272.686739877724
128,64,8192,1,m,n,n,32,16,64,6,1,1,1,16,22.712318897247314,5909.468276102222
128,64,8192,1,m,n,n,32,16,128,3,1,1,1,1,55.74656009674072,2407.64143593942
128,64,8192,1,m,n,n,32,16,128,3,1,1,1,2,33.75103950500488,3976.699087448761
128,64,8192,1,m,n,n,32,16,128,3,1,1,1,4,21.278719902038574,6307.603493908555
128,64,8192,1,m,n,n,32,16,128,3,1,1,1,8,18.42751979827881,7283.548164334975
128,64,8192,1,m,n,n,32,16,128,3,1,1,1,16,23.27104091644287,5767.585922861075
128,64,8192,1,m,n,n,32,16,128,3,1,1,1,32,31.600639820098877,4247.310458398815
128,64,8192,1,m,n,n,32,16,128,4,1,1,1,1,55.664639472961426,2411.18471745775
128,64,8192,1,m,n,n,32,16,128,4,1,1,1,2,32.95232057571411,4073.0888039162433
128,64,8192,1,m,n,n,32,16,128,4,1,1,1,4,20.889599323272705,6425.098247359421
128,64,8192,1,m,n,n,32,16,128,4,1,1,1,8,19.04639959335327,7046.881870883289
128,64,8192,1,m,n,n,32,16,128,4,1,1,1,16,23.938560485839844,5606.758521649311
128,64,8192,1,m,n,n,32,16,128,5,1,1,1,1,55.97184181213379,2397.950891994835
128,64,8192,1,m,n,n,32,16,128,5,1,1,1,2,33.218560218811035,4040.4438698097183
128,64,8192,1,m,n,n,32,16,128,5,1,1,1,4,21.2172794342041,6325.868894559089
128,64,8192,1,m,n,n,32,16,128,5,1,1,1,8,26.13248109817505,5136.049940905651
128,64,8192,1,m,n,n,32,16,128,5,1,1,1,16,34.384000301361084,3903.49368379592
128,64,8192,1,m,n,n,32,16,128,6,1,1,1,1,56.299519538879395,2383.9941992277886
128,64,8192,1,m,n,n,32,16,128,6,1,1,1,2,33.566720485687256,3998.535634639375
128,64,8192,1,m,n,n,32,16,128,6,1,1,1,4,21.544959545135498,6229.657926199457
128,64,8192,1,m,n,n,32,16,128,6,1,1,1,8,26.8287992477417,5002.748231876151
128,64,8192,1,m,n,n,32,16,256,3,1,1,1,1,58.88000011444092,2279.513039047732
128,64,8192,1,m,n,n,32,16,256,3,1,1,1,2,34.11967992782593,3933.733501718468
128,64,8192,1,m,n,n,32,16,256,3,1,1,1,4,21.85215950012207,6142.080740315401
128,64,8192,1,m,n,n,32,16,256,3,1,1,1,8,26.951680183410645,4979.939175837134
128,64,8192,1,m,n,n,32,16,256,3,1,1,1,16,36.45440101623535,3681.7976501719154
128,64,8192,1,m,n,n,32,16,256,4,1,1,1,1,59.658241271972656,2249.776814373763
128,64,8192,1,m,n,n,32,16,256,4,1,1,1,2,35.143680572509766,3819.1141568987614
128,64,8192,1,m,n,n,32,16,256,4,1,1,1,4,22.568960189819336,5947.005394627993
128,64,8192,1,m,n,n,32,16,256,4,1,1,1,8,28.692479133605957,4677.801711557159
128,64,8192,1,m,n,n,32,32,16,3,1,1,1,1,112.5376033782959,1192.6478258900381
128,64,8192,1,m,n,n,32,32,16,3,1,1,1,2,59.453439712524414,2257.5267074366734
128,64,8192,1,m,n,n,32,32,16,3,1,1,1,4,33.361918926239014,4023.0817746648954
128,64,8192,1,m,n,n,32,32,16,3,1,1,1,8,22.507519721984863,5963.239382120768
128,64,8192,1,m,n,n,32,32,16,3,1,1,1,16,20.951039791107178,6406.2561733556395
128,64,8192,1,m,n,n,32,32,16,3,1,1,1,32,26.009600162506104,5160.314928388647
128,64,8192,1,m,n,n,32,32,16,3,1,1,1,64,40.714240074157715,3296.5794708567123
128,64,8192,1,m,n,n,32,32,16,3,1,1,1,128,95.04768371582031,1412.109403962887
128,64,8192,1,m,n,n,32,32,16,4,1,1,1,1,112.5376033782959,1192.6478258900381
128,64,8192,1,m,n,n,32,32,16,4,1,1,1,2,59.453439712524414,2257.5267074366734
128,64,8192,1,m,n,n,32,32,16,4,1,1,1,4,33.379199504852295,4020.999005098637
128,64,8192,1,m,n,n,32,32,16,4,1,1,1,8,22.527999877929688,5957.81821410124
128,64,8192,1,m,n,n,32,32,16,4,1,1,1,16,20.848639011383057,6437.721326879853
128,64,8192,1,m,n,n,32,32,16,4,1,1,1,32,25.642240047454834,5234.243488541167
128,64,8192,1,m,n,n,32,32,16,4,1,1,1,64,40.857601165771484,3285.0124375985415
128,64,8192,1,m,n,n,32,32,16,4,1,1,1,128,92.89728164672852,1444.79715251955
128,64,8192,1,m,n,n,32,32,16,5,1,1,1,1,112.47615814208984,1193.2993642123186
128,64,8192,1,m,n,n,32,32,16,5,1,1,1,2,59.453439712524414,2257.5267074366734
128,64,8192,1,m,n,n,32,32,16,5,1,1,1,4,33.361918926239014,4023.0817746648954
128,64,8192,1,m,n,n,32,32,16,5,1,1,1,8,22.54848003387451,5952.406893873341
128,64,8192,1,m,n,n,32,32,16,5,1,1,1,16,20.936319828033447,6410.760300876007
128,64,8192,1,m,n,n,32,32,16,5,1,1,1,32,25.717759132385254,5218.873359420551
128,64,8192,1,m,n,n,32,32,16,5,1,1,1,64,40.857601165771484,3285.0124375985415
128,64,8192,1,m,n,n,32,32,16,5,1,1,1,128,83.82464408874512,1601.1726558350044
128,64,8192,1,m,n,n,32,32,16,5,2,2,1,128,84.76672172546387,1583.3775952158958
128,64,8192,1,m,n,n,32,32,16,6,1,1,1,1,112.66112327575684,1191.3402254252321
128,64,8192,1,m,n,n,32,32,16,6,1,1,1,2,59.53536033630371,2254.4203519022994
128,64,8192,1,m,n,n,32,32,16,6,1,1,1,4,33.44383955001831,4013.2272432196414
128,64,8192,1,m,n,n,32,32,16,6,1,1,1,8,22.568960189819336,5947.005394627993
128,64,8192,1,m,n,n,32,32,16,6,1,1,1,16,20.951039791107178,6406.2561733556395
128,64,8192,1,m,n,n,32,32,16,6,1,1,1,32,25.681920051574707,5226.156289345288
128,64,8192,1,m,n,n,32,32,16,6,1,1,1,64,40.93952178955078,3278.4390763024776
128,64,8192,1,m,n,n,32,32,32,3,1,1,1,1,96.93183898925781,1384.6609060504288
128,64,8192,1,m,n,n,32,32,32,3,1,1,1,2,54.35391902923584,2469.329358345018
128,64,8192,1,m,n,n,32,32,32,3,1,1,1,4,30.945279598236084,4337.2601489647095
128,64,8192,1,m,n,n,32,32,32,3,1,1,1,8,21.483519077301025,6247.474052880437
128,64,8192,1,m,n,n,32,32,32,3,1,1,1,16,20.500481128692627,6547.052586592608
128,64,8192,1,m,n,n,32,32,32,3,1,1,1,32,25.763840675354004,5209.538814156473
128,64,8192,1,m,n,n,32,32,32,3,1,1,1,64,40.79616069793701,3289.9597830730963
128,64,8192,1,m,n,n,32,32,32,3,1,1,1,128,83.76319885253906,1602.3472102144
128,64,8192,1,m,n,n,32,32,32,3,2,2,1,1,46.16191864013672,2907.5422329456815
128,64,8192,1,m,n,n,32,32,32,3,2,2,1,2,26.603519916534424,5045.11164015488
128,64,8192,1,m,n,n,32,32,32,3,2,2,1,4,17.530879974365234,7656.07477755034
128,64,8192,1,m,n,n,32,32,32,3,2,2,1,8,15.196160078048706,8832.344968113452
128,64,8192,1,m,n,n,32,32,32,3,2,2,1,16,17.940479516983032,7481.278740233515
128,64,8192,1,m,n,n,32,32,32,3,2,2,1,32,25.518081188201904,5259.7108305327665
128,64,8192,1,m,n,n,32,32,32,3,2,2,1,64,40.32447814941406,3328.4430241771215
128,64,8192,1,m,n,n,32,32,32,3,2,2,1,128,83.08735847473145,1615.38085292263
128,64,8192,1,m,n,n,32,32,32,4,1,1,1,1,96.33791923522949,1393.1972899713446
128,64,8192,1,m,n,n,32,32,32,4,1,1,1,2,53.86240005493164,2491.8631153293927
128,64,8192,1,m,n,n,32,32,32,4,1,1,1,4,30.67903995513916,4374.899872885908
128,64,8192,1,m,n,n,32,32,32,4,1,1,1,8,21.381120681762695,6277.394435853064
128,64,8192,1,m,n,n,32,32,32,4,1,1,1,16,20.541439056396484,6533.998306131594
128,64,8192,1,m,n,n,32,32,32,4,1,1,1,32,25.927679538726807,5176.6193653977425
128,64,8192,1,m,n,n,32,32,32,4,1,1,1,64,42.5164794921875,3156.8401147762675
128,64,8192,1,m,n,n,32,32,32,4,2,2,1,1,41.021437644958496,3271.8923495967542
128,64,8192,1,m,n,n,32,32,32,4,2,2,1,2,25.067520141601562,5354.248335767961
128,64,8192,1,m,n,n,32,32,32,4,2,2,1,4,16.79360032081604,7992.194969272559
128,64,8192,1,m,n,n,32,32,32,4,2,2,1,8,14.581760168075562,9204.49427592756
128,64,8192,1,m,n,n,32,32,32,4,2,2,1,16,17.838079929351807,7524.225058502535
128,64,8192,1,m,n,n,32,32,32,4,2,2,1,32,25.415680408477783,5280.902413111461
128,64,8192,1,m,n,n,32,32,32,4,2,2,1,64,40.14080047607422,3343.673429731428
128,64,8192,1,m,n,n,32,32,32,5,1,1,1,1,96.82944297790527,1386.1251688768475
128,64,8192,1,m,n,n,32,32,32,5,1,1,1,2,54.00576114654541,2485.248335558095
128,64,8192,1,m,n,n,32,32,32,5,1,1,1,4,30.78144073486328,4360.345870620151
128,64,8192,1,m,n,n,32,32,32,5,1,1,1,8,21.422080993652344,6265.391678790243
128,64,8192,1,m,n,n,32,32,32,5,1,1,1,16,20.56191921234131,6527.490289887057
128,64,8192,1,m,n,n,32,32,32,5,1,1,1,32,25.98912000656128,5164.381401375462
128,64,8192,1,m,n,n,32,32,32,5,1,1,1,64,43.233280181884766,3104.5002237937697
128,64,8192,1,m,n,n,32,32,32,5,2,2,1,1,41.04191780090332,3270.2596562640624
128,64,8192,1,m,n,n,32,32,32,5,2,2,1,2,25.25183916091919,5315.16643776668
128,64,8192,1,m,n,n,32,32,32,5,2,2,1,4,16.79360032081604,7992.194969272559
128,64,8192,1,m,n,n,32,32,32,5,2,2,1,8,14.643199443817139,9165.8744740154
128,64,8192,1,m,n,n,32,32,32,5,2,2,1,16,17.817599773406982,7532.8736590167355
128,64,8192,1,m,n,n,32,32,32,5,2,2,1,32,25.10848045349121,5345.513769684844
128,64,8192,1,m,n,n,32,32,32,5,2,2,1,64,40.32512187957764,3328.3898905702645
128,64,8192,1,m,n,n,32,32,32,6,1,1,1,1,96.95232391357422,1384.3683429357002
128,64,8192,1,m,n,n,32,32,32,6,1,1,1,2,54.04672145843506,2483.364843938238
128,64,8192,1,m,n,n,32,32,32,6,1,1,1,4,30.842878818511963,4351.660193258038
128,64,8192,1,m,n,n,32,32,32,6,1,1,1,8,21.442561149597168,6259.407496315873
128,64,8192,1,m,n,n,32,32,32,6,1,1,1,16,20.643839836120605,6501.5873531996085
128,64,8192,1,m,n,n,32,32,32,6,1,1,1,32,26.030080318450928,5156.254854306475
128,64,8192,1,m,n,n,32,32,32,6,2,2,1,1,41.062397956848145,3268.6285915656313
128,64,8192,1,m,n,n,32,32,32,6,2,2,1,2,25.25183916091919,5315.16643776668
128,64,8192,1,m,n,n,32,32,32,6,2,2,1,4,17.018879652023315,7886.402086640488
128,64,8192,1,m,n,n,32,32,32,6,2,2,1,8,14.643199443817139,9165.8744740154
128,64,8192,1,m,n,n,32,32,32,6,2,2,1,16,17.904640436172485,7496.253749326452
128,64,8192,1,m,n,n,32,32,32,6,2,2,1,32,25.64095973968506,5234.504845474577
128,64,8192,1,m,n,n,32,32,64,3,1,1,1,1,97.30048179626465,1379.4148345640833
128,64,8192,1,m,n,n,32,32,64,3,1,1,1,2,51.077117919921875,2627.7466988334195
128,64,8192,1,m,n,n,32,32,64,3,1,1,1,4,29.552640914916992,4541.649201044914
128,64,8192,1,m,n,n,32,32,64,3,1,1,1,8,20.91007947921753,6418.805252911575
128,64,8192,1,m,n,n,32,32,64,3,1,1,1,16,20.439040660858154,6566.733254610824
128,64,8192,1,m,n,n,32,32,64,3,1,1,1,32,26.624000072479248,5041.230755506887
128,64,8192,1,m,n,n,32,32,64,3,1,1,1,64,45.342721939086914,2960.0721408014965
128,64,8192,1,m,n,n,32,32,64,3,2,2,1,1,36.92543983459473,3634.830853775072
128,64,8192,1,m,n,n,32,32,64,3,2,2,1,2,20.090880393981934,6680.5299403506415
128,64,8192,1,m,n,n,32,32,64,3,2,2,1,4,14.417920112609863,9309.090836383095
128,64,8192,1,m,n,n,32,32,64,3,2,2,1,8,15.46239972114563,8680.26505720521
128,64,8192,1,m,n,n,32,32,64,3,2,2,1,16,17.982720136642456,7463.705545108913
128,64,8192,1,m,n,n,32,32,64,3,2,2,1,32,24.944639205932617,5380.624145009835
128,64,8192,1,m,n,n,32,32,64,3,2,2,1,64,40.222721099853516,3336.863452544706
128,64,8192,1,m,n,n,32,32,64,4,1,1,1,1,96.99328422546387,1383.783723499936
128,64,8192,1,m,n,n,32,32,64,4,1,1,1,2,51.11807823181152,2625.6411164626757
128,64,8192,1,m,n,n,32,32,64,4,1,1,1,4,29.511680603027344,4547.9527176175725
128,64,8192,1,m,n,n,32,32,64,4,1,1,1,8,20.889599323272705,6425.098247359421
128,64,8192,1,m,n,n,32,32,64,4,1,1,1,16,20.480000972747803,6553.5996887207175
128,64,8192,1,m,n,n,32,32,64,4,1,1,1,32,29.818880558013916,4501.098816867845
128,64,8192,1,m,n,n,32,32,64,4,2,2,1,1,37.02784061431885,3624.778700924227
128,64,8192,1,m,n,n,32,32,64,4,2,2,1,2,23.121919631958008,5804.783086197165
128,64,8192,1,m,n,n,32,32,64,4,2,2,1,4,15.892479419708252,8445.361133112854
128,64,8192,1,m,n,n,32,32,64,4,2,2,1,8,14.27456021308899,9402.582356052531
128,64,8192,1,m,n,n,32,32,64,4,2,2,1,16,18.042880296707153,7438.81940094093
128,64,8192,1,m,n,n,32,32,64,4,2,2,1,32,26.78783893585205,5010.397752555059
128,64,8192,1,m,n,n,32,32,64,5,1,1,1,1,97.1776008605957,1381.1591026263295
128,64,8192,1,m,n,n,32,32,64,5,1,1,1,2,51.34335994720459,2614.1204653924783
128,64,8192,1,m,n,n,32,32,64,5,1,1,1,4,29.614078998565674,4532.226985904262
128,64,8192,1,m,n,n,32,32,64,5,1,1,1,8,20.951039791107178,6406.2561733556395
128,64,8192,1,m,n,n,32,32,64,5,1,1,1,16,20.62335968017578,6508.043795066858
128,64,8192,1,m,n,n,32,32,64,5,1,1,1,32,30.222721099853516,4440.954457957479
128,64,8192,1,m,n,n,32,32,64,5,2,2,1,1,36.92543983459473,3634.830853775072
128,64,8192,1,m,n,n,32,32,64,5,2,2,1,2,23.162879943847656,5794.5181395999025
128,64,8192,1,m,n,n,32,32,64,5,2,2,1,4,15.912959575653074,8434.49185941212
128,64,8192,1,m,n,n,32,32,64,5,2,2,1,8,14.254080057144165,9416.091916274168
128,64,8192,1,m,n,n,32,32,64,5,2,2,1,16,18.26815962791443,7347.085351439031
128,64,8192,1,m,n,n,32,32,64,5,2,2,1,32,26.072959899902344,5147.77487923428
128,64,8192,1,m,n,n,32,32,64,6,1,1,1,1,97.30048179626465,1379.4148345640833
128,64,8192,1,m,n,n,32,32,64,6,1,1,1,2,51.52768135070801,2604.7694070782363
128,64,8192,1,m,n,n,32,32,64,6,1,1,1,4,29.798400402069092,4504.192379087584
128,64,8192,1,m,n,n,32,32,64,6,1,1,1,8,21.11488103866577,6356.546729021074
128,64,8192,1,m,n,n,32,32,64,6,1,1,1,16,21.237759590148926,6319.768685123289
128,64,8192,1,m,n,n,32,32,64,6,2,2,1,1,37.066240310668945,3621.0235210007936
128,64,8192,1,m,n,n,32,32,64,6,2,2,1,2,23.18336009979248,5789.399268365823
128,64,8192,1,m,n,n,32,32,64,6,2,2,1,4,15.912959575653074,8434.49185941212
128,64,8192,1,m,n,n,32,32,64,6,2,2,1,8,14.335999488830566,9362.286048110662
128,64,8192,1,m,n,n,32,32,64,6,2,2,1,16,18.636800050735474,7201.758222152698
128,64,8192,1,m,n,n,32,32,128,3,1,1,1,1,95.66207885742188,1403.0400510116742
128,64,8192,1,m,n,n,32,32,128,3,1,1,1,2,52.32639789581299,2565.009887881844
128,64,8192,1,m,n,n,32,32,128,3,1,1,1,4,30.392320156097412,4416.172484056726
128,64,8192,1,m,n,n,32,32,128,3,1,1,1,8,21.790719032287598,6159.398769775692
128,64,8192,1,m,n,n,32,32,128,3,1,1,1,16,21.60640001296997,6211.9431242331575
128,64,8192,1,m,n,n,32,32,128,3,1,1,1,32,31.21664047241211,4299.557094191981
128,64,8192,1,m,n,n,32,32,128,3,2,2,1,1,34.1811203956604,3926.6626268061173
128,64,8192,1,m,n,n,32,32,128,3,2,2,1,2,20.76672077178955,6463.11613060871
128,64,8192,1,m,n,n,32,32,128,3,2,2,1,4,14.847999811172485,9039.448390820082
128,64,8192,1,m,n,n,32,32,128,3,2,2,1,8,14.23359990119934,9429.640353224391
128,64,8192,1,m,n,n,32,32,128,3,2,2,1,16,18.064639568328857,7429.859172795904
128,64,8192,1,m,n,n,32,32,128,3,2,2,1,32,25.59999942779541,5242.880117187503
128,64,8192,1,m,n,n,32,32,128,4,1,1,1,1,100.41343688964844,1336.6510713850134
128,64,8192,1,m,n,n,32,32,128,4,1,1,1,2,52.34687805175781,2564.006355207901
128,64,8192,1,m,n,n,32,32,128,4,1,1,1,4,30.494720935821533,4401.343048276174
128,64,8192,1,m,n,n,32,32,128,4,1,1,1,8,21.811199188232422,6153.615252498962
128,64,8192,1,m,n,n,32,32,128,4,1,1,1,16,28.569600582122803,4697.921051230434
128,64,8192,1,m,n,n,32,32,128,4,2,2,1,1,34.52928066253662,3887.0699135537675
128,64,8192,1,m,n,n,32,32,128,4,2,2,1,2,20.393600463867188,6581.3649844618285
128,64,8192,1,m,n,n,32,32,128,4,2,2,1,4,14.725120067596436,9114.881738408007
128,64,8192,1,m,n,n,32,32,128,4,2,2,1,8,15.278079509735107,8784.986877079493
128,64,8192,1,m,n,n,32,32,128,4,2,2,1,16,19.72223997116089,6805.3998022669675
128,64,8192,1,m,n,n,32,32,128,5,1,1,1,1,96.1740779876709,1395.5707276674505
128,64,8192,1,m,n,n,32,32,128,5,1,1,1,2,52.674560546875,2548.05596110403
128,64,8192,1,m,n,n,32,32,128,5,1,1,1,4,30.88383913040161,4345.888716531942
128,64,8192,1,m,n,n,32,32,128,5,1,1,1,8,22.03648090362549,6090.706069947775
128,64,8192,1,m,n,n,32,32,128,5,1,1,1,16,29.034879207611084,4622.6377261737225
128,64,8192,1,m,n,n,32,32,128,5,2,2,1,1,34.6726393699646,3870.9982983374202
128,64,8192,1,m,n,n,32,32,128,5,2,2,1,2,20.55936098098755,6528.30251504991
128,64,8192,1,m,n,n,32,32,128,5,2,2,1,4,14.74560022354126,9102.222084233794
128,64,8192,1,m,n,n,32,32,128,5,2,2,1,8,14.315520524978638,9375.679198378313
128,64,8192,1,m,n,n,32,32,128,5,2,2,1,16,20.049920082092285,6694.177704971374
128,64,8192,1,m,n,n,32,32,128,6,1,1,1,1,96.68607711791992,1388.1805116191224
128,64,8192,1,m,n,n,32,32,128,6,1,1,1,2,53.145599365234375,2525.472091821014
128,64,8192,1,m,n,n,32,32,128,6,1,1,1,4,31.191039085388184,4303.086140624148
128,64,8192,1,m,n,n,32,32,128,6,1,1,1,8,22.507519721984863,5963.239382120768
128,64,8192,1,m,n,n,32,32,128,6,2,2,1,1,34.83648061752319,3852.7924067187996
128,64,8192,1,m,n,n,32,32,128,6,2,2,1,2,20.684800148010254,6488.7128248570925
128,64,8192,1,m,n,n,32,32,128,6,2,2,1,4,14.929920434951782,8989.84884646731
128,64,8192,1,m,n,n,32,32,128,6,2,2,1,8,14.725120067596436,9114.881738408007
128,64,8192,1,m,n,n,32,32,256,3,1,1,1,1,94.04416084289551,1427.1776875569767
128,64,8192,1,m,n,n,32,32,256,3,1,1,1,2,52.98175811767578,2533.281883585178
128,64,8192,1,m,n,n,32,32,256,3,1,1,1,4,31.375360488891598,4277.806721854865
128,64,8192,1,m,n,n,32,32,256,3,1,1,1,8,23.019518852233887,5830.605272923639
128,64,8192,1,m,n,n,32,32,256,3,1,1,1,16,31.31392002105713,4286.20012792218
128,64,8192,1,m,n,n,32,32,256,3,2,2,1,1,35.55327892303467,3775.1153217275123
128,64,8192,1,m,n,n,32,32,256,3,2,2,1,2,22.13887929916382,6062.534882019497
128,64,8192,1,m,n,n,32,32,256,3,2,2,1,4,15.790079832077028,8500.129792082564
128,64,8192,1,m,n,n,32,32,256,3,2,2,1,8,14.96832013130188,8966.786307524431
128,64,8192,1,m,n,n,32,32,256,3,2,2,1,16,21.39904022216797,6272.13775040992
128,64,8192,1,m,n,n,32,64,16,3,1,1,1,1,184.0332794189453,729.3122658237157
128,64,8192,1,m,n,n,32,64,16,3,1,1,1,2,97.81248092651367,1372.1942918597222
128,64,8192,1,m,n,n,32,64,16,3,1,1,1,4,52.7564811706543,2544.0993224290023
128,64,8192,1,m,n,n,32,64,16,3,1,1,1,8,32.1126389503479,4179.5919733512255
128,64,8192,1,m,n,n,32,64,16,3,1,1,1,16,25.313279628753662,5302.265449931681
128,64,8192,1,m,n,n,32,64,16,3,1,1,1,32,28.99967908859253,4628.248733028106
128,64,8192,1,m,n,n,32,64,16,3,1,1,1,64,41.86111927032471,3206.262286807672
128,64,8192,1,m,n,n,32,64,16,3,1,1,1,128,88.14592361450195,1522.6765174869438
128,64,8192,1,m,n,n,32,64,16,4,1,1,1,1,161.32095336914062,831.9919092771415
128,64,8192,1,m,n,n,32,64,16,4,1,1,1,2,85.8521556854248,1563.3588571939174
128,64,8192,1,m,n,n,32,64,16,4,1,1,1,4,52.899842262268066,2537.204692115569
128,64,8192,1,m,n,n,32,64,16,4,1,1,1,8,32.12928056716919,4177.42712039274
128,64,8192,1,m,n,n,32,64,16,4,1,1,1,16,25.374720096588135,5289.426937089517
128,64,8192,1,m,n,n,32,64,16,4,1,1,1,32,29.08224105834961,4615.109534740124
128,64,8192,1,m,n,n,32,64,16,4,1,1,1,64,41.902079582214355,3203.1280866778197
128,64,8192,1,m,n,n,32,64,16,4,1,1,1,128,96.29695892333984,1393.7898922316765
128,64,8192,1,m,n,n,32,64,16,5,1,1,1,1,162.2208023071289,827.3767981118024
128,64,8192,1,m,n,n,32,64,16,5,1,1,1,2,85.89311599731445,1562.6133298528425
128,64,8192,1,m,n,n,32,64,16,5,1,1,1,4,52.92031764984131,2536.2230228488143
128,64,8192,1,m,n,n,32,64,16,5,1,1,1,8,32.276480197906494,4158.375609020267
128,64,8192,1,m,n,n,32,64,16,5,1,1,1,16,25.45664072036743,5272.405321437979
128,64,8192,1,m,n,n,32,64,16,5,1,1,1,32,29.1430401802063,4605.481348893707
128,64,8192,1,m,n,n,32,64,16,5,1,1,1,64,42.00448036193848,3195.319328878515
128,64,8192,1,m,n,n,32,64,16,5,1,1,1,128,88.76031875610352,1512.1366155613389
128,64,8192,1,m,n,n,32,64,16,6,1,1,1,1,162.3244857788086,826.8483177756175
128,64,8192,1,m,n,n,32,64,16,6,1,1,1,2,85.95456123352051,1561.496284477081
128,64,8192,1,m,n,n,32,64,16,6,1,1,1,4,53.05920124053955,2529.5844050032892
128,64,8192,1,m,n,n,32,64,16,6,1,1,1,8,32.31744050979614,4153.105130937445
128,64,8192,1,m,n,n,32,64,16,6,1,1,1,16,25.579519271850586,5247.077811493595
128,64,8192,1,m,n,n,32,64,16,6,1,1,1,32,29.208319187164307,4595.188348221777
128,64,8192,1,m,n,n,32,64,16,6,1,1,1,64,42.08640098571777,3189.09968199817
128,64,8192,1,m,n,n,32,64,32,3,1,1,1,1,168.98048400878906,794.2794624319991
128,64,8192,1,m,n,n,32,64,32,3,1,1,1,2,89.82527732849121,1494.208890768748
128,64,8192,1,m,n,n,32,64,32,3,1,1,1,4,55.2345609664917,2429.959171422107
128,64,8192,1,m,n,n,32,64,32,3,1,1,1,8,33.58720064163208,3996.0974846362797
128,64,8192,1,m,n,n,32,64,32,3,1,1,1,16,26.382720470428467,5087.334649602958
128,64,8192,1,m,n,n,32,64,32,3,1,1,1,32,29.757440090179443,4510.392278141377
128,64,8192,1,m,n,n,32,64,32,3,1,1,1,64,42.5984001159668,3150.769222191805
128,64,8192,1,m,n,n,32,64,32,3,1,1,1,128,88.53504180908203,1515.9842392058574
128,64,8192,1,m,n,n,32,64,32,3,2,2,1,1,62.85312175750732,2135.418643449778
128,64,8192,1,m,n,n,32,64,32,3,2,2,1,2,35.94239950180054,3734.245066005579
128,64,8192,1,m,n,n,32,64,32,3,2,2,1,4,22.814719676971436,5882.944427999078
128,64,8192,1,m,n,n,32,64,32,3,2,2,1,8,17.346559762954712,7737.426315887441
128,64,8192,1,m,n,n,32,64,32,3,2,2,1,16,18.165760040283203,7388.5005473136025
128,64,8192,1,m,n,n,32,64,32,3,2,2,1,32,26.624000072479248,5041.230755506887
128,64,8192,1,m,n,n,32,64,32,3,2,2,1,64,41.410560607910156,3241.147331252551
128,64,8192,1,m,n,n,32,64,32,3,2,2,1,128,85.62687873840332,1567.4719197700229
128,64,8192,1,m,n,n,32,64,32,4,1,1,1,1,193.39519500732422,694.0075630881985
128,64,8192,1,m,n,n,32,64,32,4,1,1,1,2,102.60479927062988,1308.1038017138753
128,64,8192,1,m,n,n,32,64,32,4,1,1,1,4,55.357441902160645,2424.5652145057193
128,64,8192,1,m,n,n,32,64,32,4,1,1,1,8,33.66463899612427,3986.9053108055664
128,64,8192,1,m,n,n,32,64,32,4,1,1,1,16,26.460158824920654,5072.4460456976285
128,64,8192,1,m,n,n,32,64,32,4,1,1,1,32,29.900801181793213,4488.766945874548
128,64,8192,1,m,n,n,32,64,32,4,1,1,1,64,42.680320739746094,3144.7216345543907
128,64,8192,1,m,n,n,32,64,32,4,2,2,1,1,62.87360191345215,2134.7230620691284
128,64,8192,1,m,n,n,32,64,32,4,2,2,1,2,35.16416072845459,3816.8898452165236
128,64,8192,1,m,n,n,32,64,32,4,2,2,1,4,22.48703956604004,5968.670424838663
128,64,8192,1,m,n,n,32,64,32,4,2,2,1,8,17.367039918899536,7728.301922882016
128,64,8192,1,m,n,n,32,64,32,4,2,2,1,16,17.94559955596924,7479.144264943503
128,64,8192,1,m,n,n,32,64,32,4,2,2,1,32,26.5830397605896,5048.998504639904
128,64,8192,1,m,n,n,32,64,32,4,2,2,1,64,41.5334415435791,3231.558065304355
128,64,8192,1,m,n,n,32,64,32,5,1,1,1,1,193.59743118286133,693.2825873770269
128,64,8192,1,m,n,n,32,64,32,5,1,1,1,2,102.50240325927734,1309.4105477751534
128,64,8192,1,m,n,n,32,64,32,5,1,1,1,4,55.4969596862793,2418.4699262576564
128,64,8192,1,m,n,n,32,64,32,5,1,1,1,8,33.77151966094971,3974.287486837529
128,64,8192,1,m,n,n,32,64,32,5,1,1,1,16,26.562559604644775,5052.891362793609
128,64,8192,1,m,n,n,32,64,32,5,1,1,1,32,29.93664026260376,4483.393153762216
128,64,8192,1,m,n,n,32,64,32,5,1,1,1,64,48.00511837005615,2795.9045317909295
128,64,8192,1,m,n,n,32,64,32,5,2,2,1,1,62.960638999938965,2131.7720107658074
128,64,8192,1,m,n,n,32,64,32,5,2,2,1,2,35.287039279937744,3803.5984525431345
128,64,8192,1,m,n,n,32,64,32,5,2,2,1,4,22.507519721984863,5963.239382120768
128,64,8192,1,m,n,n,32,64,32,5,2,2,1,8,17.26464033126831,7774.139827107535
128,64,8192,1,m,n,n,32,64,32,5,2,2,1,16,17.98143982887268,7464.236973086408
128,64,8192,1,m,n,n,32,64,32,5,2,2,1,32,26.501119136810303,5064.60603822464
128,64,8192,1,m,n,n,32,64,32,5,2,2,1,64,43.64287853240967,3075.36378243998
128,64,8192,1,m,n,n,32,64,32,6,1,1,1,1,193.22879791259766,694.605200932369
128,64,8192,1,m,n,n,32,64,32,6,1,1,1,2,102.42048263549805,1310.4578746974319
128,64,8192,1,m,n,n,32,64,32,6,1,1,1,4,55.664639472961426,2411.18471745775
128,64,8192,1,m,n,n,32,64,32,6,1,1,1,8,33.91488075256348,3957.487834889559
128,64,8192,1,m,n,n,32,64,32,6,1,1,1,16,26.68544054031372,5029.62384290554
128,64,8192,1,m,n,n,32,64,32,6,1,1,1,32,30.105600357055664,4458.231239641903
128,64,8192,1,m,n,n,32,64,32,6,2,2,1,1,63.01695823669434,2129.8668129279195
128,64,8192,1,m,n,n,32,64,32,6,2,2,1,2,35.287039279937744,3803.5984525431345
128,64,8192,1,m,n,n,32,64,32,6,2,2,1,4,22.507519721984863,5963.239382120768
128,64,8192,1,m,n,n,32,64,32,6,2,2,1,8,17.26464033126831,7774.139827107535
128,64,8192,1,m,n,n,32,64,32,6,2,2,1,16,18.042880296707153,7438.81940094093
128,64,8192,1,m,n,n,32,64,32,6,2,2,1,32,26.624000072479248,5041.230755506887
128,64,8192,1,m,n,n,32,64,64,3,1,1,1,1,170.2297592163086,788.4504367385694
128,64,8192,1,m,n,n,32,64,64,3,1,1,1,2,91.09503746032715,1473.381336040981
128,64,8192,1,m,n,n,32,64,64,3,1,1,1,4,49.90975856781006,2689.2081198438304
128,64,8192,1,m,n,n,32,64,64,3,1,1,1,8,31.129601001739502,4311.578808623342
128,64,8192,1,m,n,n,32,64,64,3,1,1,1,16,25.436160564422607,5276.650446519412
128,64,8192,1,m,n,n,32,64,64,3,1,1,1,32,29.83936071395874,4498.009501162451
128,64,8192,1,m,n,n,32,64,64,3,1,1,1,64,47.718400955200195,2812.703806357815
128,64,8192,1,m,n,n,32,64,64,3,2,2,1,1,60.76416015625,2208.830462806862
128,64,8192,1,m,n,n,32,64,64,3,2,2,1,2,30.453760623931885,4407.262855232595
128,64,8192,1,m,n,n,32,64,64,3,2,2,1,4,20.336639881134033,6599.79862870619
128,64,8192,1,m,n,n,32,64,64,3,2,2,1,8,16.302080154418945,8233.165751158333
128,64,8192,1,m,n,n,32,64,64,3,2,2,1,16,17.73568034172058,7567.667290680274
128,64,8192,1,m,n,n,32,64,64,3,2,2,1,32,26.561920642852783,5053.012912909029
128,64,8192,1,m,n,n,32,64,64,3,2,2,1,64,41.410560607910156,3241.147331252551
128,64,8192,1,m,n,n,32,64,64,4,1,1,1,1,171.43808364868164,782.8933055215712
128,64,8192,1,m,n,n,32,64,64,4,1,1,1,2,90.11199951171875,1489.45455352531
128,64,8192,1,m,n,n,32,64,64,4,1,1,1,4,49.541120529174805,2709.2186564686017
128,64,8192,1,m,n,n,32,64,64,4,1,1,1,8,31.129601001739502,4311.578808623342
128,64,8192,1,m,n,n,32,64,64,4,1,1,1,16,25.55903911590576,5251.282232925351
128,64,8192,1,m,n,n,32,64,64,4,1,1,1,32,30.04415988922119,4467.3483463970215
128,64,8192,1,m,n,n,32,64,64,4,2,2,1,1,61.84959888458252,2170.0662643013025
128,64,8192,1,m,n,n,32,64,64,4,2,2,1,2,30.371840000152588,4419.1503708476575
128,64,8192,1,m,n,n,32,64,64,4,2,2,1,4,20.41856050491333,6573.319797333564
128,64,8192,1,m,n,n,32,64,64,4,2,2,1,8,16.363519430160522,8202.253101653412
128,64,8192,1,m,n,n,32,64,64,4,2,2,1,16,17.89952039718628,7498.398002948637
128,64,8192,1,m,n,n,32,64,64,4,2,2,1,32,26.808319091796875,5006.570070298422
128,64,8192,1,m,n,n,32,64,64,5,1,1,1,1,171.39711380004883,783.0804441466724
128,64,8192,1,m,n,n,32,64,64,5,1,1,1,2,90.52160263061523,1482.7148890380597
128,64,8192,1,m,n,n,32,64,64,5,1,1,1,4,49.80735778808594,2694.736961776866
128,64,8192,1,m,n,n,32,64,64,5,1,1,1,8,31.354880332946777,4280.600868980769
128,64,8192,1,m,n,n,32,64,64,5,1,1,1,16,25.825281143188477,5197.144892860168
128,64,8192,1,m,n,n,32,64,64,5,1,1,1,32,37.37600088119507,3591.013613966623
128,64,8192,1,m,n,n,32,64,64,5,2,2,1,1,61.35807991027832,2187.449936442954
128,64,8192,1,m,n,n,32,64,64,5,2,2,1,2,30.494720935821533,4401.343048276174
128,64,8192,1,m,n,n,32,64,64,5,2,2,1,4,20.541439056396484,6533.998306131594
128,64,8192,1,m,n,n,32,64,64,5,2,2,1,8,16.67072057723999,8051.105372328252
128,64,8192,1,m,n,n,32,64,64,5,2,2,1,16,17.920000553131104,7489.828340242355
128,64,8192,1,m,n,n,32,64,64,5,2,2,1,32,29.163520336151123,4602.24713796378
128,64,8192,1,m,n,n,32,64,64,6,1,1,1,1,171.8886375427246,780.8411883341555
128,64,8192,1,m,n,n,32,64,64,6,1,1,1,2,90.76736450195312,1478.7002876690544
128,64,8192,1,m,n,n,32,64,64,6,1,1,1,4,50.17600059509277,2674.938743785142
128,64,8192,1,m,n,n,32,64,64,6,1,1,1,8,31.744000911712643,4228.1289108228775
128,64,8192,1,m,n,n,32,64,64,6,1,1,1,16,26.112000942230225,5140.078245897018
128,64,8192,1,m,n,n,32,64,64,6,2,2,1,1,62.19776153564453,2157.9189457337948
128,64,8192,1,m,n,n,32,64,64,6,2,2,1,2,30.658559799194336,4377.822339962853
128,64,8192,1,m,n,n,32,64,64,6,2,2,1,4,20.684800148010254,6488.7128248570925
128,64,8192,1,m,n,n,32,64,64,6,2,2,1,8,16.629760265350342,8070.935831808421
128,64,8192,1,m,n,n,32,64,64,6,2,2,1,16,18.02240014076233,7447.272669106475
128,64,8192,1,m,n,n,32,64,128,3,1,1,1,1,173.32223892211914,774.3826114565113
128,64,8192,1,m,n,n,32,64,128,3,1,1,1,2,92.71295547485352,1447.6696089836528
128,64,8192,1,m,n,n,32,64,128,3,1,1,1,4,51.220479011535645,2620.391893831608
128,64,8192,1,m,n,n,32,64,128,3,1,1,1,8,32.39936113357544,4142.604153416786
128,64,8192,1,m,n,n,32,64,128,3,1,1,1,16,26.624000072479248,5041.230755506887
128,64,8192,1,m,n,n,32,64,128,3,1,1,1,32,38.891520500183105,3451.0794711502235
128,64,8192,1,m,n,n,32,64,128,3,2,2,1,1,60.62079906463623,2214.0540882163546
128,64,8192,1,m,n,n,32,64,128,3,2,2,1,2,31.90783977508545,4206.418514888026
128,64,8192,1,m,n,n,32,64,128,3,2,2,1,4,21.278719902038574,6307.603493908555
128,64,8192,1,m,n,n,32,64,128,3,2,2,1,8,16.91648006439209,7934.140405634276
128,64,8192,1,m,n,n,32,64,128,3,2,2,1,16,18.37056040763855,7306.131387488416
128,64,8192,1,m,n,n,32,64,128,3,2,2,1,32,30.131840705871582,4454.348783738457
128,64,8192,1,m,n,n,32,64,128,4,1,1,1,1,173.8751983642578,771.9199130333823
128,64,8192,1,m,n,n,32,64,128,4,1,1,1,2,93.16351890563965,1440.6682956656239
128,64,8192,1,m,n,n,32,64,128,4,1,1,1,4,51.69151782989502,2596.5135796878685
128,64,8192,1,m,n,n,32,64,128,4,1,1,1,8,32.74751901626587,4098.561724121248
128,64,8192,1,m,n,n,32,64,128,4,1,1,1,16,27.013120651245117,4968.61246550622
128,64,8192,1,m,n,n,32,64,128,4,2,2,1,1,59.88351821899414,2241.313336153122
128,64,8192,1,m,n,n,32,64,128,4,2,2,1,2,32.1126389503479,4179.5919733512255
128,64,8192,1,m,n,n,32,64,128,4,2,2,1,4,21.340160369873047,6289.443269108781
128,64,8192,1,m,n,n,32,64,128,4,2,2,1,8,17.059839963912964,7867.467003436936
128,64,8192,1,m,n,n,32,64,128,4,2,2,1,16,18.620799779891968,7207.946467741822
128,64,8192,1,m,n,n,64,16,16,3,1,1,1,1,121.56928062438965,1104.0431210141815
128,64,8192,1,m,n,n,64,16,16,3,1,1,1,2,63.8156795501709,2103.209257444013
128,64,8192,1,m,n,n,64,16,16,3,1,1,1,4,35.61471939086914,3768.6027096541034
128,64,8192,1,m,n,n,64,16,16,3,1,1,1,8,23.736319541931152,5654.529876162944
128,64,8192,1,m,n,n,64,16,16,3,1,1,1,16,21.585919857025146,6217.836853328203
128,64,8192,1,m,n,n,64,16,16,3,1,1,1,32,27.03360080718994,4964.84833660424
128,64,8192,1,m,n,n,64,16,16,3,1,1,1,64,41.594882011413574,3226.7846790182225
128,64,8192,1,m,n,n,64,16,16,3,1,1,1,128,92.32383728027344,1453.7711164728407
128,64,8192,1,m,n,n,64,16,16,4,1,1,1,1,124.6617603302002,1076.6551638969981
128,64,8192,1,m,n,n,64,16,16,4,1,1,1,2,63.91808032989502,2099.839784099793
128,64,8192,1,m,n,n,64,16,16,4,1,1,1,4,35.635199546813965,3766.4368295083677
128,64,8192,1,m,n,n,64,16,16,4,1,1,1,8,23.81824016571045,5635.0816460917395
128,64,8192,1,m,n,n,64,16,16,4,1,1,1,16,21.544959545135498,6229.657926199457
128,64,8192,1,m,n,n,64,16,16,4,1,1,1,32,26.992640495300293,4972.382306331562
128,64,8192,1,m,n,n,64,16,16,4,1,1,1,64,41.73823833465576,3215.7017966078697
128,64,8192,1,m,n,n,64,16,16,4,1,1,1,128,86.36416435241699,1554.0905074043455
128,64,8192,1,m,n,n,64,16,16,5,1,1,1,1,124.74368095397949,1075.9481119489787
128,64,8192,1,m,n,n,64,16,16,5,1,1,1,2,63.95904064178466,2098.4950157666235
128,64,8192,1,m,n,n,64,16,16,5,1,1,1,4,35.778560638427734,3751.3450961983167
128,64,8192,1,m,n,n,64,16,16,5,1,1,1,8,23.879680633544922,5620.58304127644
128,64,8192,1,m,n,n,64,16,16,5,1,1,1,16,21.565439701080322,6223.741776675963
128,64,8192,1,m,n,n,64,16,16,5,1,1,1,32,27.03104019165039,4965.318650277413
128,64,8192,1,m,n,n,64,16,16,5,1,1,1,64,41.71775817871094,3217.28045464564
128,64,8192,1,m,n,n,64,16,16,5,1,1,1,128,83.9680004119873,1598.439016547535
128,64,8192,1,m,n,n,64,16,16,6,1,1,1,1,124.82560157775879,1075.2419880499474
128,64,8192,1,m,n,n,64,16,16,6,1,1,1,2,64.04096126556396,2095.8106397470865
128,64,8192,1,m,n,n,64,16,16,6,1,1,1,4,35.778560638427734,3751.3450961983167
128,64,8192,1,m,n,n,64,16,16,6,1,1,1,8,23.879680633544922,5620.58304127644
128,64,8192,1,m,n,n,64,16,16,6,1,1,1,16,21.585919857025146,6217.836853328203
128,64,8192,1,m,n,n,64,16,16,6,1,1,1,32,26.97216033935547,4976.15787209158
128,64,8192,1,m,n,n,64,16,16,6,1,1,1,64,43.04895877838135,3117.7926669715985
128,64,8192,1,m,n,n,64,16,32,3,1,1,1,1,111.26784324645996,1206.258017446296
128,64,8192,1,m,n,n,64,16,32,3,1,1,1,2,58.818559646606445,2281.8941641278993
128,64,8192,1,m,n,n,64,16,32,3,1,1,1,4,33.259520530700684,4035.4679159042107
128,64,8192,1,m,n,n,64,16,32,3,1,1,1,8,22.814719676971436,5882.944427999078
128,64,8192,1,m,n,n,64,16,32,3,1,1,1,16,21.319680213928223,6295.4850472998705
128,64,8192,1,m,n,n,64,16,32,3,1,1,1,32,27.13599920272827,4946.113352866906
128,64,8192,1,m,n,n,64,16,32,3,1,1,1,64,42.00448036193848,3195.319328878515
128,64,8192,1,m,n,n,64,16,32,3,1,1,1,128,83.33056449890137,1610.666252018124
128,64,8192,1,m,n,n,64,16,32,4,1,1,1,1,113.13152313232422,1186.386643473476
128,64,8192,1,m,n,n,64,16,32,4,1,1,1,2,58.859519958496094,2280.3061950665183
128,64,8192,1,m,n,n,64,16,32,4,1,1,1,4,33.320960998535156,4028.0269229299965
128,64,8192,1,m,n,n,64,16,32,4,1,1,1,8,22.79423952102661,5888.230132713596
128,64,8192,1,m,n,n,64,16,32,4,1,1,1,16,21.25823974609375,6313.680229552535
128,64,8192,1,m,n,n,64,16,32,4,1,1,1,32,27.2544002532959,4924.62599626528
128,64,8192,1,m,n,n,64,16,32,4,1,1,1,64,44.25727844238281,3032.6701668909427
128,64,8192,1,m,n,n,64,16,32,5,1,1,1,1,113.29536437988281,1184.6709592632922
128,64,8192,1,m,n,n,64,16,32,5,1,1,1,2,59.02336120605469,2273.9763588087862
128,64,8192,1,m,n,n,64,16,32,5,1,1,1,4,33.52576017379761,4003.4208711216397
128,64,8192,1,m,n,n,64,16,32,5,1,1,1,8,22.917120456695557,5856.657613403888
128,64,8192,1,m,n,n,64,16,32,5,1,1,1,16,21.2992000579834,6301.53844438361
128,64,8192,1,m,n,n,64,16,32,5,1,1,1,32,30.801920890808105,4357.446682490935
128,64,8192,1,m,n,n,64,16,32,5,1,1,1,64,44.27775859832764,3031.2674410097484
128,64,8192,1,m,n,n,64,16,32,6,1,1,1,1,113.45919609069824,1182.9603295682402
128,64,8192,1,m,n,n,64,16,32,6,1,1,1,2,59.22815799713135,2266.113492952131
128,64,8192,1,m,n,n,64,16,32,6,1,1,1,4,33.710079193115234,3981.531079506093
128,64,8192,1,m,n,n,64,16,32,6,1,1,1,8,23.101439476013184,5809.929209794987
128,64,8192,1,m,n,n,64,16,32,6,1,1,1,16,21.40160083770752,6271.387314332184
128,64,8192,1,m,n,n,64,16,32,6,1,1,1,32,30.986239910125732,4331.526780573984
128,64,8192,1,m,n,n,64,16,64,3,1,1,1,1,109.09695625305176,1230.2609771136079
128,64,8192,1,m,n,n,64,16,64,3,1,1,1,2,59.04384136199951,2273.187599314672
128,64,8192,1,m,n,n,64,16,64,3,1,1,1,4,34.24256086349487,3919.6171260393708
128,64,8192,1,m,n,n,64,16,64,3,1,1,1,8,23.244800567626953,5774.096775298865
128,64,8192,1,m,n,n,64,16,64,3,1,1,1,16,22.016000747680664,6096.371885985675
128,64,8192,1,m,n,n,64,16,64,3,1,1,1,32,32.15359926223755,4174.267611701891
128,64,8192,1,m,n,n,64,16,64,3,1,1,1,64,46.0595178604126,2914.006360352242
128,64,8192,1,m,n,n,64,16,64,4,1,1,1,1,106.74176216125488,1257.405960726385
128,64,8192,1,m,n,n,64,16,64,4,1,1,1,2,59.39199924468994,2259.8620977050205
128,64,8192,1,m,n,n,64,16,64,4,1,1,1,4,33.97631883621216,3950.3316603254257
128,64,8192,1,m,n,n,64,16,64,4,1,1,1,8,23.449599742889404,5723.668185027282
128,64,8192,1,m,n,n,64,16,64,4,1,1,1,16,22.13887929916382,6062.534882019497
128,64,8192,1,m,n,n,64,16,64,4,1,1,1,32,32.56319999694824,4121.7610066755915
128,64,8192,1,m,n,n,64,16,64,5,1,1,1,1,106.57792091369629,1259.3389592267017
128,64,8192,1,m,n,n,64,16,64,5,1,1,1,2,59.71968173980713,2247.4622116168275
128,64,8192,1,m,n,n,64,16,64,5,1,1,1,4,34.303998947143555,3912.5971350105856
128,64,8192,1,m,n,n,64,16,64,5,1,1,1,8,23.797760009765625,5639.931150869768
128,64,8192,1,m,n,n,64,16,64,5,1,1,1,16,30.41599988937378,4412.734366391509
128,64,8192,1,m,n,n,64,16,64,5,1,1,1,32,42.680320739746094,3144.7216345543907
128,64,8192,1,m,n,n,64,16,64,6,1,1,1,1,106.72127723693848,1257.6473171513396
128,64,8192,1,m,n,n,64,16,64,6,1,1,1,2,60.02687931060791,2235.9604487431875
128,64,8192,1,m,n,n,64,16,64,6,1,1,1,4,34.652159214019775,3873.286139863325
128,64,8192,1,m,n,n,64,16,64,6,1,1,1,8,24.145920276641846,5558.608926984607
128,64,8192,1,m,n,n,64,16,64,6,1,1,1,16,31.047680377960205,4322.955092493063
128,64,8192,1,m,n,n,64,16,128,3,1,1,1,1,102.25664138793945,1312.5575627973847
128,64,8192,1,m,n,n,64,16,128,3,1,1,1,2,57.85600185394287,2319.858332741897
128,64,8192,1,m,n,n,64,16,128,3,1,1,1,4,33.812479972839355,3969.4730498269705
128,64,8192,1,m,n,n,64,16,128,3,1,1,1,8,23.81824016571045,5635.0816460917395
128,64,8192,1,m,n,n,64,16,128,3,1,1,1,16,31.29343986511231,4289.005254089484
128,64,8192,1,m,n,n,64,16,128,3,1,1,1,32,44.68736171722412,3003.482927663363
128,64,8192,1,m,n,n,64,16,128,4,1,1,1,1,102.80960083007812,1305.4979974276202
128,64,8192,1,m,n,n,64,16,128,4,1,1,1,2,58.18367958068848,2306.7933992360927
128,64,8192,1,m,n,n,64,16,128,4,1,1,1,4,34.2630410194397,3917.27424088975
128,64,8192,1,m,n,n,64,16,128,4,1,1,1,8,24.576001167297363,5461.333073933932
128,64,8192,1,m,n,n,64,16,128,4,1,1,1,16,32.68608093261719,4106.265546998177
128,64,8192,1,m,n,n,64,32,16,3,1,1,1,1,190.8121681213379,703.402352803049
128,64,8192,1,m,n,n,64,32,16,3,1,1,1,2,99.65567588806152,1346.8146877129245
128,64,8192,1,m,n,n,64,32,16,3,1,1,1,4,53.92384052276611,2489.0239029494683
128,64,8192,1,m,n,n,64,32,16,3,1,1,1,8,32.68608093261719,4106.265546998177
128,64,8192,1,m,n,n,64,32,16,3,1,1,1,16,25.538558959960938,5255.493397666839
128,64,8192,1,m,n,n,64,32,16,3,1,1,1,32,29.139840602874756,4605.98703435457
128,64,8192,1,m,n,n,64,32,16,3,1,1,1,64,41.82015895843506,3209.4026264557874
128,64,8192,1,m,n,n,64,32,16,3,1,1,1,128,89.94815826416016,1492.1676062096658
128,64,8192,1,m,n,n,64,32,16,3,2,2,1,1,86.52480125427246,1551.205273567416
128,64,8192,1,m,n,n,64,32,16,3,2,2,1,2,47.00160026550293,2855.599112409579
128,64,8192,1,m,n,n,64,32,16,3,2,2,1,4,28.221440315246582,4755.878031054606
128,64,8192,1,m,n,n,64,32,16,3,2,2,1,8,19.452799558639526,6899.661285020037
128,64,8192,1,m,n,n,64,32,16,3,2,2,1,16,19.19551968574524,6992.138280042049
128,64,8192,1,m,n,n,64,32,16,3,2,2,1,32,26.603519916534424,5045.11164015488
128,64,8192,1,m,n,n,64,32,16,3,2,2,1,64,41.594882011413574,3226.7846790182225
128,64,8192,1,m,n,n,64,32,16,3,2,2,1,128,84.8691177368164,1581.4672236397723
128,64,8192,1,m,n,n,64,32,16,4,1,1,1,1,192.2867202758789,698.0083065925418
128,64,8192,1,m,n,n,64,32,16,4,1,1,1,2,100.16768455505371,1339.930423631105
128,64,8192,1,m,n,n,64,32,16,4,1,1,1,4,54.00576114654541,2485.248335558095
128,64,8192,1,m,n,n,64,32,16,4,1,1,1,8,32.727038860321045,4101.126550826706
128,64,8192,1,m,n,n,64,32,16,4,1,1,1,16,25.661439895629883,5230.327235957526
128,64,8192,1,m,n,n,64,32,16,4,1,1,1,32,29.163520336151123,4602.24713796378
128,64,8192,1,m,n,n,64,32,16,4,1,1,1,64,41.98400020599365,3196.87803309507
128,64,8192,1,m,n,n,64,32,16,4,1,1,1,128,96.21503829956055,1394.9766104350554
128,64,8192,1,m,n,n,64,32,16,4,2,2,1,1,79.62624073028564,1685.5966923596159
128,64,8192,1,m,n,n,64,32,16,4,2,2,1,2,50.626559257507324,2651.1327249658407
128,64,8192,1,m,n,n,64,32,16,4,2,2,1,4,30.003199577331543,4473.447161995554
128,64,8192,1,m,n,n,64,32,16,4,2,2,1,8,20.76672077178955,6463.11613060871
128,64,8192,1,m,n,n,64,32,16,4,2,2,1,16,19.57568049430847,6856.350564110561
128,64,8192,1,m,n,n,64,32,16,4,2,2,1,32,26.705920696258545,5025.766740137279
128,64,8192,1,m,n,n,64,32,16,4,2,2,1,64,41.5334415435791,3231.558065304355
128,64,8192,1,m,n,n,64,32,16,4,2,2,1,128,86.38463973999023,1553.7221478723873
128,64,8192,1,m,n,n,64,32,16,5,1,1,1,1,192.4095916748047,697.5625634445713
128,64,8192,1,m,n,n,64,32,16,5,1,1,1,2,100.3110408782959,1338.015504822066
128,64,8192,1,m,n,n,64,32,16,5,1,1,1,4,54.128642082214355,2479.6064123711208
128,64,8192,1,m,n,n,64,32,16,5,1,1,1,8,32.78847932815552,4093.4416828763096
128,64,8192,1,m,n,n,64,32,16,5,1,1,1,16,25.70240020751953,5221.991989710481
128,64,8192,1,m,n,n,64,32,16,5,1,1,1,32,29.24544095993042,4589.355591659349
128,64,8192,1,m,n,n,64,32,16,5,1,1,1,64,41.902079582214355,3203.1280866778197
128,64,8192,1,m,n,n,64,32,16,5,1,1,1,128,86.56767845153809,1550.4369575434223
128,64,8192,1,m,n,n,64,32,16,5,2,2,1,1,79.62624073028564,1685.5966923596159
128,64,8192,1,m,n,n,64,32,16,5,2,2,1,2,50.64703941345215,2650.060685765395
128,64,8192,1,m,n,n,64,32,16,5,2,2,1,4,30.003199577331543,4473.447161995554
128,64,8192,1,m,n,n,64,32,16,5,2,2,1,8,20.746240615844727,6469.496352871402
128,64,8192,1,m,n,n,64,32,16,5,2,2,1,16,19.578880071640015,6855.230100439414
128,64,8192,1,m,n,n,64,32,16,5,2,2,1,32,26.767361164093018,5014.230845438956
128,64,8192,1,m,n,n,64,32,16,5,2,2,1,64,41.594882011413574,3226.7846790182225
128,64,8192,1,m,n,n,64,32,16,5,2,2,1,128,86.0159969329834,1560.3810080184437
128,64,8192,1,m,n,n,64,32,16,6,1,1,1,1,192.5939178466797,696.8949461158383
128,64,8192,1,m,n,n,64,32,16,6,1,1,1,2,100.43392181396484,1336.378442421211
128,64,8192,1,m,n,n,64,32,16,6,1,1,1,4,54.16959762573242,2477.73167759773
128,64,8192,1,m,n,n,64,32,16,6,1,1,1,8,32.91136026382446,4078.1580258027066
128,64,8192,1,m,n,n,64,32,16,6,1,1,1,16,25.763840675354004,5209.538814156473
128,64,8192,1,m,n,n,64,32,16,6,1,1,1,32,29.24544095993042,4589.355591659349
128,64,8192,1,m,n,n,64,32,16,6,1,1,1,64,42.04160213470459,3192.4979350205513
128,64,8192,1,m,n,n,64,32,16,6,2,2,1,1,79.74912166595459,1682.9994512315538
128,64,8192,1,m,n,n,64,32,16,6,2,2,1,2,50.64703941345215,2650.060685765395
128,64,8192,1,m,n,n,64,32,16,6,2,2,1,4,30.105600357055664,4458.231239641903
128,64,8192,1,m,n,n,64,32,16,6,2,2,1,8,20.787200927734375,6456.748480307713
128,64,8192,1,m,n,n,64,32,16,6,2,2,1,16,19.59936022758484,6848.066796134354
128,64,8192,1,m,n,n,64,32,16,6,2,2,1,32,26.93631887435913,4982.779147590311
128,64,8192,1,m,n,n,64,32,16,6,2,2,1,64,41.73823833465576,3215.7017966078697
128,64,8192,1,m,n,n,64,32,32,3,1,1,1,1,184.83200073242188,726.1606619424346
128,64,8192,1,m,n,n,64,32,32,3,1,1,1,2,98.46783638000488,1363.0616141704377
128,64,8192,1,m,n,n,64,32,32,3,1,1,1,4,53.288960456848145,2518.6779184534034
128,64,8192,1,m,n,n,64,32,32,3,1,1,1,8,32.60416030883789,4116.582875579166
128,64,8192,1,m,n,n,64,32,32,3,1,1,1,16,25.804800987243652,5201.2696422789395
128,64,8192,1,m,n,n,64,32,32,3,1,1,1,32,29.573121070861816,4538.503990782488
128,64,8192,1,m,n,n,64,32,32,3,1,1,1,64,42.31167793273926,3172.1201937053684
128,64,8192,1,m,n,n,64,32,32,3,1,1,1,128,88.69888305664062,1513.1839700201444
128,64,8192,1,m,n,n,64,32,32,3,2,2,1,1,72.04864025115967,1862.8766279574538
128,64,8192,1,m,n,n,64,32,32,3,2,2,1,2,36.06528043746948,3721.5218174362653
128,64,8192,1,m,n,n,64,32,32,3,2,2,1,4,22.896640300750732,5861.896166294725
128,64,8192,1,m,n,n,64,32,32,3,2,2,1,8,17.26464033126831,7774.139827107535
128,64,8192,1,m,n,n,64,32,32,3,2,2,1,16,18.001919984817505,7455.745171248223
128,64,8192,1,m,n,n,64,32,32,3,2,2,1,32,26.316800117492676,5100.0777982421205
128,64,8192,1,m,n,n,64,32,32,3,2,2,1,64,41.12448215484619,3263.6940568547325
128,64,8192,1,m,n,n,64,32,32,3,2,2,1,128,85.36064147949219,1572.3608172771953
128,64,8192,1,m,n,n,64,32,32,4,1,1,1,1,184.95487213134766,725.6782503392712
128,64,8192,1,m,n,n,64,32,32,4,1,1,1,2,98.0787181854248,1368.4694343807778
128,64,8192,1,m,n,n,64,32,32,4,1,1,1,4,53.37088108062744,2514.81192145277
128,64,8192,1,m,n,n,64,32,32,4,1,1,1,8,32.60416030883789,4116.582875579166
128,64,8192,1,m,n,n,64,32,32,4,1,1,1,16,25.8406400680542,5194.0558610979715
128,64,8192,1,m,n,n,64,32,32,4,1,1,1,32,29.43039894104004,4560.513374925285
128,64,8192,1,m,n,n,64,32,32,4,1,1,1,64,42.4345588684082,3162.9344472795447
128,64,8192,1,m,n,n,64,32,32,4,2,2,1,1,71.98527812957764,1864.5163495569245
128,64,8192,1,m,n,n,64,32,32,4,2,2,1,2,38.47872018814087,3488.10270569669
128,64,8192,1,m,n,n,64,32,32,4,2,2,1,4,24.06399965286255,5577.53199535282
128,64,8192,1,m,n,n,64,32,32,4,2,2,1,8,17.89952039718628,7498.398002948637
128,64,8192,1,m,n,n,64,32,32,4,2,2,1,16,18.350080251693726,7314.285613961368
128,64,8192,1,m,n,n,64,32,32,4,2,2,1,32,26.419200897216797,5080.309904988063
128,64,8192,1,m,n,n,64,32,32,4,2,2,1,64,41.63584232330322,3223.610248059747
128,64,8192,1,m,n,n,64,32,32,5,1,1,1,1,185.15968322753906,724.8755542266861
128,64,8192,1,m,n,n,64,32,32,5,1,1,1,2,98.69312286376953,1359.950157674782
128,64,8192,1,m,n,n,64,32,32,5,1,1,1,4,53.534722328186035,2507.115422719478
128,64,8192,1,m,n,n,64,32,32,5,1,1,1,8,32.76799917221069,4096.000103473666
128,64,8192,1,m,n,n,64,32,32,5,1,1,1,16,25.886719226837158,5184.8102814378435
128,64,8192,1,m,n,n,64,32,32,5,1,1,1,32,29.511680603027344,4547.9527176175725
128,64,8192,1,m,n,n,64,32,32,5,1,1,1,64,47.80032157897949,2807.8833691157247
128,64,8192,1,m,n,n,64,32,32,5,2,2,1,1,72.15104103088379,1860.2327295949751
128,64,8192,1,m,n,n,64,32,32,5,2,2,1,2,38.48191976547241,3487.8126875682997
128,64,8192,1,m,n,n,64,32,32,5,2,2,1,4,24.084479808807373,5572.7891598853785
128,64,8192,1,m,n,n,64,32,32,5,2,2,1,8,17.960959672927856,7472.748140641021
128,64,8192,1,m,n,n,64,32,32,5,2,2,1,16,18.37056040763855,7306.131387488416
128,64,8192,1,m,n,n,64,32,32,5,2,2,1,32,26.58560037612915,5048.512205897456
128,64,8192,1,m,n,n,64,32,32,5,2,2,1,64,43.68512153625488,3072.3899414726557
128,64,8192,1,m,n,n,64,32,32,6,1,1,1,1,184.75008010864258,726.4826511635235
128,64,8192,1,m,n,n,64,32,32,6,1,1,1,2,98.85696411132812,1357.6962352278008
128,64,8192,1,m,n,n,64,32,32,6,1,1,1,4,53.69855880737305,2499.466111957763
128,64,8192,1,m,n,n,64,32,32,6,1,1,1,8,32.95232057571411,4073.0888039162433
128,64,8192,1,m,n,n,64,32,32,6,1,1,1,16,26.0697603225708,5148.406672684149
128,64,8192,1,m,n,n,64,32,32,6,1,1,1,32,29.614078998565674,4532.226985904262
128,64,8192,1,m,n,n,64,32,32,6,2,2,1,1,72.16896057128906,1859.7708341305356
128,64,8192,1,m,n,n,64,32,32,6,2,2,1,2,38.502399921417236,3485.9574539232926
128,64,8192,1,m,n,n,64,32,32,6,2,2,1,4,24.186880588531494,5549.195461924965
128,64,8192,1,m,n,n,64,32,32,6,2,2,1,8,18.02240014076233,7447.272669106475
128,64,8192,1,m,n,n,64,32,32,6,2,2,1,16,18.394880294799805,7296.4719448564765
128,64,8192,1,m,n,n,64,32,32,6,2,2,1,32,26.767361164093018,5014.230845438956
128,64,8192,1,m,n,n,64,32,64,3,1,1,1,1,174.6329689025879,768.5703841802522
128,64,8192,1,m,n,n,64,32,64,3,1,1,1,2,93.36832046508789,1437.508218327505
128,64,8192,1,m,n,n,64,32,64,3,1,1,1,4,51.077117919921875,2627.7466988334195
128,64,8192,1,m,n,n,64,32,64,3,1,1,1,8,31.723520755767822,4230.858517669328
128,64,8192,1,m,n,n,64,32,64,3,1,1,1,16,25.74336051940918,5213.68326791705
128,64,8192,1,m,n,n,64,32,64,3,1,1,1,32,29.987199306488037,4475.834059333465
128,64,8192,1,m,n,n,64,32,64,3,1,1,1,64,48.18943977355957,2785.210382828359
128,64,8192,1,m,n,n,64,32,64,3,2,2,1,1,63.71327877044678,2106.5895617077636
128,64,8192,1,m,n,n,64,32,64,3,2,2,1,2,31.764481067657474,4225.402823805619
128,64,8192,1,m,n,n,64,32,64,3,2,2,1,4,21.01248025894165,6387.524287756796
128,64,8192,1,m,n,n,64,32,64,3,2,2,1,8,16.52735948562622,8120.942012347989
128,64,8192,1,m,n,n,64,32,64,3,2,2,1,16,17.756160497665405,7558.938657805389
128,64,8192,1,m,n,n,64,32,64,3,2,2,1,32,26.664960384368896,5033.486870607877
128,64,8192,1,m,n,n,64,32,64,3,2,2,1,64,41.349120140075684,3245.9633371960385
128,64,8192,1,m,n,n,64,32,64,4,1,1,1,1,173.21983337402344,774.8404174376011
128,64,8192,1,m,n,n,64,32,64,4,1,1,1,2,93.79839897155762,1430.9170462568204
128,64,8192,1,m,n,n,64,32,64,4,1,1,1,4,51.38432025909424,2612.036654824592
128,64,8192,1,m,n,n,64,32,64,4,1,1,1,8,32.07168102264404,4184.929623902042
128,64,8192,1,m,n,n,64,32,64,4,1,1,1,16,25.94815969467163,5172.533604668742
128,64,8192,1,m,n,n,64,32,64,4,1,1,1,32,30.167040824890137,4449.151270059609
128,64,8192,1,m,n,n,64,32,64,4,2,2,1,1,64.14336204528809,2092.464811951021
128,64,8192,1,m,n,n,64,32,64,4,2,2,1,2,32.05120086669922,4187.603720628467
128,64,8192,1,m,n,n,64,32,64,4,2,2,1,4,21.2172794342041,6325.868894559089
128,64,8192,1,m,n,n,64,32,64,4,2,2,1,8,16.834559440612793,7972.749656650021
128,64,8192,1,m,n,n,64,32,64,4,2,2,1,16,18.083839416503906,7421.970794404892
128,64,8192,1,m,n,n,64,32,64,4,2,2,1,32,26.767361164093018,5014.230845438956
128,64,8192,1,m,n,n,64,32,64,5,1,1,1,1,173.52703094482422,773.468705533703
128,64,8192,1,m,n,n,64,32,64,5,1,1,1,2,94.00320053100586,1427.7995562047895
128,64,8192,1,m,n,n,64,32,64,5,1,1,1,4,51.671037673950195,2597.5427249386457
128,64,8192,1,m,n,n,64,32,64,5,1,1,1,8,32.39936113357544,4142.604153416786
128,64,8192,1,m,n,n,64,32,64,5,1,1,1,16,26.316800117492676,5100.0777982421205
128,64,8192,1,m,n,n,64,32,64,5,1,1,1,32,37.76511907577515,3554.0131021616567
128,64,8192,1,m,n,n,64,32,64,5,2,2,1,1,63.87712001800537,2101.186277060822
128,64,8192,1,m,n,n,64,32,64,5,2,2,1,2,32.21503973007202,4166.30645576112
128,64,8192,1,m,n,n,64,32,64,5,2,2,1,4,21.25823974609375,6313.680229552535
128,64,8192,1,m,n,n,64,32,64,5,2,2,1,8,16.834559440612793,7972.749656650021
128,64,8192,1,m,n,n,64,32,64,5,2,2,1,16,17.960959672927856,7472.748140641021
128,64,8192,1,m,n,n,64,32,64,5,2,2,1,32,28.75391960144043,4667.8063325069725
128,64,8192,1,m,n,n,64,32,64,6,1,1,1,1,174.05887603759766,771.1053354786012
128,64,8192,1,m,n,n,64,32,64,6,1,1,1,2,94.33088302612305,1422.8397285630315
128,64,8192,1,m,n,n,64,32,64,6,1,1,1,4,52.060160636901855,2578.1274271532375
128,64,8192,1,m,n,n,64,32,64,6,1,1,1,8,32.7455997467041,4098.801947077156
128,64,8192,1,m,n,n,64,32,64,6,1,1,1,16,26.68544054031372,5029.62384290554
128,64,8192,1,m,n,n,64,32,64,6,2,2,1,1,63.938560485839844,2099.1671845618816
128,64,8192,1,m,n,n,64,32,64,6,2,2,1,2,32.54271984100342,4124.354960364663
128,64,8192,1,m,n,n,64,32,64,6,2,2,1,4,21.442561149597168,6259.407496315873
128,64,8192,1,m,n,n,64,32,64,6,2,2,1,8,16.711679697036743,8031.372694619024
128,64,8192,1,m,n,n,64,32,64,6,2,2,1,16,17.98143982887268,7464.236973086408
128,64,8192,1,m,n,n,64,32,128,3,1,1,1,1,185.28255462646484,724.3948480232634
128,64,8192,1,m,n,n,64,32,128,3,1,1,1,2,96.74752235412598,1387.2988654812411
128,64,8192,1,m,n,n,64,32,128,3,1,1,1,4,53.432321548461914,2511.9202031726722
128,64,8192,1,m,n,n,64,32,128,3,1,1,1,8,33.54624032974243,4000.9767616492404
128,64,8192,1,m,n,n,64,32,128,3,1,1,1,16,27.21791982650757,4931.226517512377
128,64,8192,1,m,n,n,64,32,128,3,1,1,1,32,39.58463907241821,3390.6518069914705
128,64,8192,1,m,n,n,64,32,128,3,2,2,1,1,65.16736030578613,2059.5851568976773
128,64,8192,1,m,n,n,64,32,128,3,2,2,1,2,34.38591957092285,3903.2758080867534
128,64,8192,1,m,n,n,64,32,128,3,2,2,1,4,22.527999877929688,5957.81821410124
128,64,8192,1,m,n,n,64,32,128,3,2,2,1,8,17.571840286254883,7638.228313797523
128,64,8192,1,m,n,n,64,32,128,3,2,2,1,16,18.53503942489624,7241.297141225334
128,64,8192,1,m,n,n,64,32,128,3,2,2,1,32,30.003199577331543,4473.447161995554
128,64,8192,1,m,n,n,64,32,128,4,1,1,1,1,180.42879104614258,743.8819892423675
128,64,8192,1,m,n,n,64,32,128,4,1,1,1,2,96.89087867736816,1385.2462670601283
128,64,8192,1,m,n,n,64,32,128,4,1,1,1,4,53.82143974304199,2493.759524843473
128,64,8192,1,m,n,n,64,32,128,4,1,1,1,8,34.160640239715576,3929.016758999641
128,64,8192,1,m,n,n,64,32,128,4,1,1,1,16,27.852799892425537,4818.823548023263
128,64,8192,1,m,n,n,64,32,128,4,2,2,1,1,60.962557792663574,2201.642005515592
128,64,8192,1,m,n,n,64,32,128,4,2,2,1,2,34.0991997718811,3936.0961224280313
128,64,8192,1,m,n,n,64,32,128,4,2,2,1,4,22.466559410095215,5974.1113692597755
128,64,8192,1,m,n,n,64,32,128,4,2,2,1,8,17.55136013031006,7647.141133422173
128,64,8192,1,m,n,n,64,32,128,4,2,2,1,16,18.882559537887573,7108.026204323313
128,64,8192,1,m,n,n,64,64,16,3,1,1,1,1,333.55777740478516,402.3822470705627
128,64,8192,1,m,n,n,64,64,16,3,1,1,1,2,170.0044822692871,789.4952309986693
128,64,8192,1,m,n,n,64,64,16,3,1,1,1,4,89.86623764038086,1493.5278423149439
128,64,8192,1,m,n,n,64,64,16,3,1,1,1,8,51.568641662597656,2602.700472084513
128,64,8192,1,m,n,n,64,64,16,3,1,1,1,16,34.28352117538452,3914.9341549072847
128,64,8192,1,m,n,n,64,64,16,3,1,1,1,32,33.361918926239014,4023.0817746648954
128,64,8192,1,m,n,n,64,64,16,3,1,1,1,64,46.40768051147461,2892.144716580131
128,64,8192,1,m,n,n,64,64,16,3,1,1,1,128,101.27360343933105,1325.2982360838425
128,64,8192,1,m,n,n,64,64,16,3,2,2,1,1,122.08127975463867,1099.412852402542
128,64,8192,1,m,n,n,64,64,16,3,2,2,1,2,63.119359016418464,2126.4114542907128
128,64,8192,1,m,n,n,64,64,16,3,2,2,1,4,37.64224052429199,3565.6147490313215
128,64,8192,1,m,n,n,64,64,16,3,2,2,1,8,25.968639850616455,5168.454288406402
128,64,8192,1,m,n,n,64,64,16,3,2,2,1,16,20.889599323272705,6425.098247359421
128,64,8192,1,m,n,n,64,64,16,3,2,2,1,32,27.095038890838623,4953.590527798862
128,64,8192,1,m,n,n,64,64,16,3,2,2,1,64,43.92960071563721,3055.2913255190088
128,64,8192,1,m,n,n,64,64,16,3,2,2,1,128,87.53151893615723,1533.3645483507973
128,64,8192,1,m,n,n,64,64,16,4,1,1,1,1,334.6022415161133,401.12620702075174
128,64,8192,1,m,n,n,64,64,16,4,1,1,1,2,170.5779266357422,786.8411267925247
128,64,8192,1,m,n,n,64,64,16,4,1,1,1,4,89.66143608093262,1496.9393070935066
128,64,8192,1,m,n,n,64,64,16,4,1,1,1,8,51.79391860961914,2591.3800616559865
128,64,8192,1,m,n,n,64,64,16,4,1,1,1,16,34.303998947143555,3912.5971350105856
128,64,8192,1,m,n,n,64,64,16,4,1,1,1,32,33.361918926239014,4023.0817746648954
128,64,8192,1,m,n,n,64,64,16,4,1,1,1,64,46.40768051147461,2892.144716580131
128,64,8192,1,m,n,n,64,64,16,4,1,1,1,128,102.4614429473877,1309.934001894924
128,64,8192,1,m,n,n,64,64,16,4,2,2,1,1,122.08127975463867,1099.412852402542
128,64,8192,1,m,n,n,64,64,16,4,2,2,1,2,69.59104061126709,1928.6639030121012
128,64,8192,1,m,n,n,64,64,16,4,2,2,1,4,40.83712100982666,3286.659898666782
128,64,8192,1,m,n,n,64,64,16,4,2,2,1,8,27.27936029434204,4920.120067032431
128,64,8192,1,m,n,n,64,64,16,4,2,2,1,16,21.64736032485962,6200.189121713176
128,64,8192,1,m,n,n,64,64,16,4,2,2,1,32,27.381761074066162,4901.720076986591
128,64,8192,1,m,n,n,64,64,16,4,2,2,1,64,43.84768009185791,3060.9995265159523
128,64,8192,1,m,n,n,64,64,16,4,2,2,1,128,92.22335815429688,1455.3550281203518
128,64,8192,1,m,n,n,64,64,16,5,1,1,1,1,334.6227264404297,401.10165088829893
128,64,8192,1,m,n,n,64,64,16,5,1,1,1,2,170.72128295898438,786.1804086385977
128,64,8192,1,m,n,n,64,64,16,5,1,1,1,4,90.05056381225586,1490.4707124302647
128,64,8192,1,m,n,n,64,64,16,5,1,1,1,8,51.83487892150879,2589.332333605714
128,64,8192,1,m,n,n,64,64,16,5,1,1,1,16,34.406399726867676,3900.9524119197645
128,64,8192,1,m,n,n,64,64,16,5,1,1,1,32,33.464319705963135,4010.7711490720435
128,64,8192,1,m,n,n,64,64,16,5,1,1,1,64,46.46912097930908,2888.320785318104
128,64,8192,1,m,n,n,64,64,16,5,1,1,1,128,102.64575958251953,1307.5818089893814
128,64,8192,1,m,n,n,64,64,16,5,2,2,1,1,122.08127975463867,1099.412852402542
128,64,8192,1,m,n,n,64,64,16,5,2,2,1,2,69.61152076721191,1928.0964777200875
128,64,8192,1,m,n,n,64,64,16,5,2,2,1,4,40.857601165771484,3285.0124375985415
128,64,8192,1,m,n,n,64,64,16,5,2,2,1,8,27.27936029434204,4920.120067032431
128,64,8192,1,m,n,n,64,64,16,5,2,2,1,16,21.667840480804443,6194.328785044528
128,64,8192,1,m,n,n,64,64,16,5,2,2,1,32,27.443199157714844,4890.746418763231
128,64,8192,1,m,n,n,64,64,16,5,2,2,1,64,43.707518577575684,3070.815556865334
128,64,8192,1,m,n,n,64,64,16,5,2,2,1,128,86.07744216918945,1559.2671508080882
128,64,8192,1,m,n,n,64,64,16,6,1,1,1,1,334.7660827636719,400.9298877949682
128,64,8192,1,m,n,n,64,64,16,6,1,1,1,2,170.82368850708008,785.7091084556292
128,64,8192,1,m,n,n,64,64,16,6,1,1,1,4,89.82527732849121,1494.208890768748
128,64,8192,1,m,n,n,64,64,16,6,1,1,1,8,51.95456027984619,2583.367605789644
128,64,8192,1,m,n,n,64,64,16,6,1,1,1,16,34.48832035064697,3891.6864212403493
128,64,8192,1,m,n,n,64,64,16,6,1,1,1,32,33.56544017791748,3998.6881533077917
128,64,8192,1,m,n,n,64,64,16,6,1,1,1,64,46.528639793395996,2884.626083976994
128,64,8192,1,m,n,n,64,64,16,6,2,2,1,1,122.73664474487305,1093.5424239353467
128,64,8192,1,m,n,n,64,64,16,6,2,2,1,2,69.89823818206787,1920.1875682530872
128,64,8192,1,m,n,n,64,64,16,6,2,2,1,4,40.857601165771484,3285.0124375985415
128,64,8192,1,m,n,n,64,64,16,6,2,2,1,8,27.27936029434204,4920.120067032431
128,64,8192,1,m,n,n,64,64,16,6,2,2,1,16,21.688320636749268,6188.479516140033
128,64,8192,1,m,n,n,64,64,16,6,2,2,1,32,27.381761074066162,4901.720076986591
128,64,8192,1,m,n,n,64,64,16,6,2,2,1,64,43.76575946807861,3066.7290967015947
128,64,8192,1,m,n,n,64,64,32,3,1,1,1,1,324.2598342895508,413.92030034823574
128,64,8192,1,m,n,n,64,64,32,3,1,1,1,2,166.3795280456543,806.6961697545556
128,64,8192,1,m,n,n,64,64,32,3,1,1,1,4,87.90016174316406,1526.9338001012043
128,64,8192,1,m,n,n,64,64,32,3,1,1,1,8,51.015682220458984,2630.9111660997105
128,64,8192,1,m,n,n,64,64,32,3,1,1,1,16,34.14016008377075,3931.3737156084176
128,64,8192,1,m,n,n,64,64,32,3,1,1,1,32,33.607680797576904,3993.662306197488
128,64,8192,1,m,n,n,64,64,32,3,1,1,1,64,46.91967964172363,2860.584919267991
128,64,8192,1,m,n,n,64,64,32,3,1,1,1,128,103.85408401489258,1292.368319196319
128,64,8192,1,m,n,n,64,64,32,3,2,2,1,1,102.89152145385742,1304.458580294112
128,64,8192,1,m,n,n,64,64,32,3,2,2,1,2,55.111680030822754,2435.3771818412174
128,64,8192,1,m,n,n,64,64,32,3,2,2,1,4,33.79199981689453,3971.8788094008273
128,64,8192,1,m,n,n,64,64,32,3,2,2,1,8,23.736319541931152,5654.529876162944
128,64,8192,1,m,n,n,64,64,32,3,2,2,1,16,20.17280101776123,6653.4006795500245
128,64,8192,1,m,n,n,64,64,32,3,2,2,1,32,26.891520023345947,4991.0800089946015
128,64,8192,1,m,n,n,64,64,32,3,2,2,1,64,44.011521339416504,3049.60437438447
128,64,8192,1,m,n,n,64,64,32,3,2,2,1,128,86.32320404052734,1554.827922478259
128,64,8192,1,m,n,n,64,64,32,4,1,1,1,1,324.40319061279297,413.73738570963087
128,64,8192,1,m,n,n,64,64,32,4,1,1,1,2,165.6831932067871,810.0865597905549
128,64,8192,1,m,n,n,64,64,32,4,1,1,1,4,87.66976356506348,1530.9466176487551
128,64,8192,1,m,n,n,64,64,32,4,1,1,1,8,50.91328144073486,2636.2026607189896
128,64,8192,1,m,n,n,64,64,32,4,1,1,1,16,34.1811203956604,3926.6626268061173
128,64,8192,1,m,n,n,64,64,32,4,1,1,1,32,33.64864110946655,3988.800842309195
128,64,8192,1,m,n,n,64,64,32,4,1,1,1,64,46.85823917388916,2864.3357148339073
128,64,8192,1,m,n,n,64,64,32,4,2,2,1,1,102.83007621765137,1305.238048408261
128,64,8192,1,m,n,n,64,64,32,4,2,2,1,2,55.087361335754395,2436.4522958714692
128,64,8192,1,m,n,n,64,64,32,4,2,2,1,4,33.812479972839355,3969.4730498269705
128,64,8192,1,m,n,n,64,64,32,4,2,2,1,8,23.756799697875977,5649.655244262552
128,64,8192,1,m,n,n,64,64,32,4,2,2,1,16,20.215680599212646,6639.288118018025
128,64,8192,1,m,n,n,64,64,32,4,2,2,1,32,26.951680183410645,4979.939175837134
128,64,8192,1,m,n,n,64,64,32,4,2,2,1,64,43.970561027526855,3052.445201142096
128,64,8192,1,m,n,n,64,64,32,5,1,1,1,1,324.6080017089844,413.4763385171512
128,64,8192,1,m,n,n,64,64,32,5,1,1,1,2,166.2156867980957,807.4913420358212
128,64,8192,1,m,n,n,64,64,32,5,1,1,1,4,87.7939224243164,1528.7815408373363
128,64,8192,1,m,n,n,64,64,32,5,1,1,1,8,50.95424175262451,2634.0835106841096
128,64,8192,1,m,n,n,64,64,32,5,1,1,1,16,34.26944017410278,3916.542765744611
128,64,8192,1,m,n,n,64,64,32,5,1,1,1,32,33.710079193115234,3981.531079506093
128,64,8192,1,m,n,n,64,64,32,5,1,1,1,64,46.91967964172363,2860.584919267991
128,64,8192,1,m,n,n,64,64,32,5,2,2,1,1,102.85056114196777,1304.9780818865459
128,64,8192,1,m,n,n,64,64,32,5,2,2,1,2,55.111680030822754,2435.3771818412174
128,64,8192,1,m,n,n,64,64,32,5,2,2,1,4,33.812479972839355,3969.4730498269705
128,64,8192,1,m,n,n,64,64,32,5,2,2,1,8,23.797760009765625,5639.931150869768
128,64,8192,1,m,n,n,64,64,32,5,2,2,1,16,20.27519941329956,6619.798171354094
128,64,8192,1,m,n,n,64,64,32,5,2,2,1,32,26.951680183410645,4979.939175837134
128,64,8192,1,m,n,n,64,64,32,5,2,2,1,64,44.113922119140625,3042.5253877338687
128,64,8192,1,m,n,n,64,64,32,6,1,1,1,1,324.75135803222656,413.2938159620597
128,64,8192,1,m,n,n,64,64,32,6,1,1,1,2,166.3795280456543,806.6961697545556
128,64,8192,1,m,n,n,64,64,32,6,1,1,1,4,88.06400299072266,1524.0929714964188
128,64,8192,1,m,n,n,64,64,32,6,1,1,1,8,51.179518699645996,2622.4890622296607
128,64,8192,1,m,n,n,64,64,32,6,1,1,1,16,34.38591957092285,3903.2758080867534
128,64,8192,1,m,n,n,64,64,32,6,1,1,1,32,33.89440059661865,3959.8790843756574
128,64,8192,1,m,n,n,64,64,32,6,2,2,1,1,102.85056114196777,1304.9780818865459
128,64,8192,1,m,n,n,64,64,32,6,2,2,1,2,55.111680030822754,2435.3771818412174
128,64,8192,1,m,n,n,64,64,32,6,2,2,1,4,33.812479972839355,3969.4730498269705
128,64,8192,1,m,n,n,64,64,32,6,2,2,1,8,23.879680633544922,5620.58304127644
128,64,8192,1,m,n,n,64,64,32,6,2,2,1,16,20.295679569244385,6613.118202919922
128,64,8192,1,m,n,n,64,64,32,6,2,2,1,32,27.054080963134766,4961.089906653704
128,64,8192,1,m,n,n,64,64,64,3,1,1,1,1,328.3148956298828,408.8079151647961
128,64,8192,1,m,n,n,64,64,64,3,1,1,1,2,169.55392837524414,791.5931484816991
128,64,8192,1,m,n,n,64,64,64,3,1,1,1,4,89.76384162902832,1495.2315494103805
128,64,8192,1,m,n,n,64,64,64,3,1,1,1,8,52.160000801086426,2573.192598517069
128,64,8192,1,m,n,n,64,64,64,3,1,1,1,16,35.143680572509766,3819.1141568987614
128,64,8192,1,m,n,n,64,64,64,3,1,1,1,32,34.549760818481445,3884.765764520255
128,64,8192,1,m,n,n,64,64,64,3,1,1,1,64,47.861762046813965,2804.278870232997
128,64,8192,1,m,n,n,64,64,64,3,2,2,1,1,89.90719795227051,1492.847414411167
128,64,8192,1,m,n,n,64,64,64,3,2,2,1,2,49.35679912567139,2719.3361477566095
128,64,8192,1,m,n,n,64,64,64,3,2,2,1,4,31.088640689849854,4317.259456243155
128,64,8192,1,m,n,n,64,64,64,3,2,2,1,8,22.650880813598633,5925.497074684237
128,64,8192,1,m,n,n,64,64,64,3,2,2,1,16,19.742720127105713,6798.340205194226
128,64,8192,1,m,n,n,64,64,64,3,2,2,1,32,26.87551975250244,4994.051435507687
128,64,8192,1,m,n,n,64,64,64,3,2,2,1,64,44.23679828643799,3034.0741916023376
128,64,8192,1,m,n,n,64,64,64,4,1,1,1,1,328.70399475097656,408.3239940594037
128,64,8192,1,m,n,n,64,64,64,4,1,1,1,2,169.61536407470703,791.3064287082145
128,64,8192,1,m,n,n,64,64,64,4,1,1,1,4,89.84576225280762,1493.8682096361845
128,64,8192,1,m,n,n,64,64,64,4,1,1,1,8,52.34687805175781,2564.006355207901
128,64,8192,1,m,n,n,64,64,64,4,1,1,1,16,35.184640884399414,3814.6681229738247
128,64,8192,1,m,n,n,64,64,64,4,1,1,1,32,34.5088005065918,3889.376797503061
128,64,8192,1,m,n,n,64,64,64,4,2,2,1,1,89.70239639282227,1496.2557679310755
128,64,8192,1,m,n,n,64,64,64,4,2,2,1,2,49.52064037322998,2710.3391028149113
128,64,8192,1,m,n,n,64,64,64,4,2,2,1,4,31.109120845794678,4314.417262554802
128,64,8192,1,m,n,n,64,64,64,4,2,2,1,8,22.773759365081787,5893.525344163924
128,64,8192,1,m,n,n,64,64,64,4,2,2,1,16,19.804160594940186,6777.249020808872
128,64,8192,1,m,n,n,64,64,64,4,2,2,1,32,26.951680183410645,4979.939175837134
128,64,8192,1,m,n,n,64,64,64,5,1,1,1,1,328.7449645996094,408.2731066724284
128,64,8192,1,m,n,n,64,64,64,5,1,1,1,2,169.9635124206543,789.6855394928258
128,64,8192,1,m,n,n,64,64,64,5,1,1,1,4,90.19392013549805,1488.1017234683352
128,64,8192,1,m,n,n,64,64,64,5,1,1,1,8,52.674560546875,2548.05596110403
128,64,8192,1,m,n,n,64,64,64,5,1,1,1,16,35.51232099533081,3779.4693289026945
128,64,8192,1,m,n,n,64,64,64,5,1,1,1,32,34.75840091705322,3861.4471454050663
128,64,8192,1,m,n,n,64,64,64,5,2,2,1,1,89.70239639282227,1496.2557679310755
128,64,8192,1,m,n,n,64,64,64,5,2,2,1,2,49.52064037322998,2710.3391028149113
128,64,8192,1,m,n,n,64,64,64,5,2,2,1,4,31.252479553222656,4294.626535837854
128,64,8192,1,m,n,n,64,64,64,5,2,2,1,8,22.896640300750732,5861.896166294725
128,64,8192,1,m,n,n,64,64,64,5,2,2,1,16,19.84511971473694,6763.261191129537
128,64,8192,1,m,n,n,64,64,64,5,2,2,1,32,27.054080963134766,4961.089906653704
128,64,8192,1,m,n,n,64,64,64,6,1,1,1,1,328.9497756958008,408.01890719061936
128,64,8192,1,m,n,n,64,64,64,6,1,1,1,2,170.1683235168457,788.7350902103306
128,64,8192,1,m,n,n,64,64,64,6,1,1,1,4,90.56256294250488,1482.044275681667
128,64,8192,1,m,n,n,64,64,64,6,1,1,1,8,53.043198585510254,2530.3475578236357
128,64,8192,1,m,n,n,64,64,64,6,1,1,1,16,35.84000110626221,3744.9141701211774
128,64,8192,1,m,n,n,64,64,64,6,2,2,1,1,90.19392013549805,1488.1017234683352
128,64,8192,1,m,n,n,64,64,64,6,2,2,1,2,49.74592208862305,2698.0649340641285
128,64,8192,1,m,n,n,64,64,64,6,2,2,1,4,31.31392002105713,4286.20012792218
128,64,8192,1,m,n,n,64,64,64,6,2,2,1,8,22.93760061264038,5851.428415142765
128,64,8192,1,m,n,n,64,64,64,6,2,2,1,16,19.988479614257812,6714.754227943494
128,64,8192,1,m,n,n,64,64,128,3,1,1,1,1,344.3302536010742,389.7935966890052
128,64,8192,1,m,n,n,64,64,128,3,1,1,1,2,172.93312072753906,776.1250559484424
128,64,8192,1,m,n,n,64,64,128,3,1,1,1,4,91.89375877380371,1460.5750139177205
128,64,8192,1,m,n,n,64,64,128,3,1,1,1,8,54.04672145843506,2483.364843938238
128,64,8192,1,m,n,n,64,64,128,3,1,1,1,16,36.618239879608154,3665.324396838165
128,64,8192,1,m,n,n,64,64,128,3,1,1,1,32,35.90656042098999,3737.9722932620416
128,64,8192,1,m,n,n,64,64,128,3,2,2,1,1,94.39231872558594,1421.9136664095847
128,64,8192,1,m,n,n,64,64,128,3,2,2,1,2,52.797441482543945,2542.1256074382973
128,64,8192,1,m,n,n,64,64,128,3,2,2,1,4,33.28000068664551,4032.984532174559
128,64,8192,1,m,n,n,64,64,128,3,2,2,1,8,24.227840900421143,5539.813826236037
128,64,8192,1,m,n,n,64,64,128,3,2,2,1,16,20.853118896484375,6436.338308253148
128,64,8192,1,m,n,n,64,64,128,3,2,2,1,32,27.893760204315186,4811.747395004723
128,64,8192,1,m,n,n,128,16,16,3,1,1,1,1,219.19744491577148,612.3142906687362
128,64,8192,1,m,n,n,128,16,16,3,1,1,1,2,115.22047996520996,1164.8773554885915
128,64,8192,1,m,n,n,128,16,16,3,1,1,1,4,61.726717948913574,2174.3862699954598
128,64,8192,1,m,n,n,128,16,16,3,1,1,1,8,36.823039054870605,3644.9389144660227
128,64,8192,1,m,n,n,128,16,16,3,1,1,1,16,27.93152093887329,4805.242374510455
128,64,8192,1,m,n,n,128,16,16,3,1,1,1,32,30.67903995513916,4374.899872885908
128,64,8192,1,m,n,n,128,16,16,3,1,1,1,64,43.92960071563721,3055.2913255190088
128,64,8192,1,m,n,n,128,16,16,3,1,1,1,128,89.72288131713867,1495.9141528857924
128,64,8192,1,m,n,n,128,16,16,4,1,1,1,1,218.82879257202148,613.3458327053828
128,64,8192,1,m,n,n,128,16,16,4,1,1,1,2,115.4867172241211,1162.1919059274
128,64,8192,1,m,n,n,128,16,16,4,1,1,1,4,61.89055919647217,2168.6300744823548
128,64,8192,1,m,n,n,128,16,16,4,1,1,1,8,36.94591999053955,3632.8159654535084
128,64,8192,1,m,n,n,128,16,16,4,1,1,1,16,28.098559379577637,4776.676490309714
128,64,8192,1,m,n,n,128,16,16,4,1,1,1,32,30.78144073486328,4360.345870620151
128,64,8192,1,m,n,n,128,16,16,4,1,1,1,64,44.05248165130615,3046.7688304688386
128,64,8192,1,m,n,n,128,16,16,4,1,1,1,128,91.72991752624512,1463.1837858308177
128,64,8192,1,m,n,n,128,16,16,5,1,1,1,1,219.01311874389648,612.8296276030288
128,64,8192,1,m,n,n,128,16,16,5,1,1,1,2,115.6710433959961,1160.339909276256
128,64,8192,1,m,n,n,128,16,16,5,1,1,1,4,62.05440044403076,2162.904274952364
128,64,8192,1,m,n,n,128,16,16,5,1,1,1,8,37.13023900985718,3614.7822254623366
128,64,8192,1,m,n,n,128,16,16,5,1,1,1,16,28.200960159301758,4759.331854015965
128,64,8192,1,m,n,n,128,16,16,5,1,1,1,32,30.863358974456787,4348.7725399909195
128,64,8192,1,m,n,n,128,16,16,5,1,1,1,64,43.90912055969238,3056.71637894768
128,64,8192,1,m,n,n,128,16,16,5,1,1,1,128,90.13248443603516,1489.1160366854317
128,64,8192,1,m,n,n,128,16,16,6,1,1,1,1,219.17695999145508,612.3715193660532
128,64,8192,1,m,n,n,128,16,16,6,1,1,1,2,115.77343940734863,1159.3136447104691
128,64,8192,1,m,n,n,128,16,16,6,1,1,1,4,62.23423957824707,2156.6541008546933
128,64,8192,1,m,n,n,128,16,16,6,1,1,1,8,37.314560413360596,3596.926414599887
128,64,8192,1,m,n,n,128,16,16,6,1,1,1,16,28.36479902267456,4731.841318272961
128,64,8192,1,m,n,n,128,16,16,6,1,1,1,32,30.986239910125732,4331.526780573984
128,64,8192,1,m,n,n,128,16,16,6,1,1,1,64,47.84128189086914,2805.4793411715928
128,64,8192,1,m,n,n,128,16,32,3,1,1,1,1,195.89120864868164,685.1646325829299
128,64,8192,1,m,n,n,128,16,32,3,1,1,1,2,103.69024276733398,1294.41039405381
128,64,8192,1,m,n,n,128,16,32,3,1,1,1,4,56.11519813537598,2391.8248969950064
128,64,8192,1,m,n,n,128,16,32,3,1,1,1,8,34.1811203956604,3926.6626268061173
128,64,8192,1,m,n,n,128,16,32,3,1,1,1,16,26.992640495300293,4972.382306331562
128,64,8192,1,m,n,n,128,16,32,3,1,1,1,32,30.597119331359863,4386.613215004081
128,64,8192,1,m,n,n,128,16,32,3,1,1,1,64,48.29184055328369,2779.3044634923035
128,64,8192,1,m,n,n,128,16,32,3,1,1,1,128,92.20095634460449,1455.7086316800908
128,64,8192,1,m,n,n,128,16,32,4,1,1,1,1,196.3007926940918,683.7350280554402
128,64,8192,1,m,n,n,128,16,32,4,1,1,1,2,106.00447654724121,1266.15150955616
128,64,8192,1,m,n,n,128,16,32,4,1,1,1,4,57.7126407623291,2325.6209770877135
128,64,8192,1,m,n,n,128,16,32,4,1,1,1,8,35.20512104034424,3812.448985651538
128,64,8192,1,m,n,n,128,16,32,4,1,1,1,16,27.36639976501465,4904.47151077522
128,64,8192,1,m,n,n,128,16,32,4,1,1,1,32,30.782721042633057,4360.16451612945
128,64,8192,1,m,n,n,128,16,32,4,1,1,1,64,49.541120529174805,2709.2186564686017
128,64,8192,1,m,n,n,128,16,32,5,1,1,1,1,196.6080093383789,682.6666342417415
128,64,8192,1,m,n,n,128,16,32,5,1,1,1,2,106.3321590423584,1262.249626159976
128,64,8192,1,m,n,n,128,16,32,5,1,1,1,4,57.978878021240234,2314.9417957144688
128,64,8192,1,m,n,n,128,16,32,5,1,1,1,8,35.532801151275635,3777.2909438968213
128,64,8192,1,m,n,n,128,16,32,5,1,1,1,16,27.688961029052734,4847.3370979565325
128,64,8192,1,m,n,n,128,16,32,5,1,1,1,32,31.006720066070557,4328.665776773637
128,64,8192,1,m,n,n,128,16,32,5,1,1,1,64,50.31936168670654,2667.317777909291
128,64,8192,1,m,n,n,128,16,32,6,1,1,1,1,196.4441680908203,683.2360018850155
128,64,8192,1,m,n,n,128,16,32,6,1,1,1,2,106.88511848449707,1255.7195042962633
128,64,8192,1,m,n,n,128,16,32,6,1,1,1,4,58.368000984191895,2299.508733155876
128,64,8192,1,m,n,n,128,16,32,6,1,1,1,8,35.86047887802124,3742.775673926138
128,64,8192,1,m,n,n,128,16,32,6,1,1,1,16,28.01664113998413,4790.643079924749
128,64,8192,1,m,n,n,128,16,32,6,1,1,1,32,39.976959228515625,3357.377113971747
128,64,8192,1,m,n,n,128,16,64,3,1,1,1,1,209.73567962646484,639.9375072426359
128,64,8192,1,m,n,n,128,16,64,3,1,1,1,2,106.4345645904541,1261.035158235032
128,64,8192,1,m,n,n,128,16,64,3,1,1,1,4,58.26560020446777,2303.5500797897603
128,64,8192,1,m,n,n,128,16,64,3,1,1,1,8,36.00383996963501,3727.8725856241117
128,64,8192,1,m,n,n,128,16,64,3,1,1,1,16,28.36479902267456,4731.841318272961
128,64,8192,1,m,n,n,128,16,64,3,1,1,1,32,40.53055763244629,3311.5194026482745
128,64,8192,1,m,n,n,128,16,64,3,1,1,1,64,62.872958183288574,2134.744918613908
128,64,8192,1,m,n,n,128,16,64,4,1,1,1,1,224.01023864746094,599.1588992109728
128,64,8192,1,m,n,n,128,16,64,4,1,1,1,2,105.20575523376465,1275.7641224263014
128,64,8192,1,m,n,n,128,16,64,4,1,1,1,4,58.18367958068848,2306.7933992360927
128,64,8192,1,m,n,n,128,16,64,4,1,1,1,8,36.31103992462158,3696.3339050223794
128,64,8192,1,m,n,n,128,16,64,4,1,1,1,16,28.835840225219727,4654.5454181915475
128,64,8192,1,m,n,n,128,16,64,4,1,1,1,32,41.86111927032471,3206.262286807672
128,64,8192,1,m,n,n,128,16,64,5,1,1,1,1,224.6656036376953,597.4111115667037
128,64,8192,1,m,n,n,128,16,64,5,1,1,1,2,106.27072334289551,1262.979339727745
128,64,8192,1,m,n,n,128,16,64,5,1,1,1,4,58.98240089416504,2275.5555210584484
128,64,8192,1,m,n,n,128,16,64,5,1,1,1,8,36.9868803024292,3628.7928828424315
128,64,8192,1,m,n,n,128,16,64,5,1,1,1,16,29.534080028533936,4544.503430285535
128,64,8192,1,m,n,n,128,16,64,5,1,1,1,32,43.009281158447266,3120.6689436528486
128,64,8192,1,m,n,n,128,32,16,3,1,1,1,1,343.8796615600586,390.30435062981724
128,64,8192,1,m,n,n,128,32,16,3,1,1,1,2,181.45280838012695,739.6839387507644
128,64,8192,1,m,n,n,128,32,16,3,1,1,1,4,95.25247573852539,1409.0733806062628
128,64,8192,1,m,n,n,128,32,16,3,1,1,1,8,54.620161056518555,2457.29279086375
128,64,8192,1,m,n,n,128,32,16,3,1,1,1,16,35.94239950180054,3734.245066005579
128,64,8192,1,m,n,n,128,32,16,3,1,1,1,32,34.359679222106934,3906.2567241211223
128,64,8192,1,m,n,n,128,32,16,3,1,1,1,64,47.41119861602783,2830.9288083390993
128,64,8192,1,m,n,n,128,32,16,3,1,1,1,128,107.3971176147461,1249.7330559788816
128,64,8192,1,m,n,n,128,32,16,3,2,2,1,1,147.25119590759277,911.4882033571266
128,64,8192,1,m,n,n,128,32,16,3,2,2,1,2,80.56832313537598,1665.8870729440266
128,64,8192,1,m,n,n,128,32,16,3,2,2,1,4,46.530561447143555,2884.5069525426807
128,64,8192,1,m,n,n,128,32,16,3,2,2,1,8,29.88032102584839,4491.843574367661
128,64,8192,1,m,n,n,128,32,16,3,2,2,1,16,23.142399787902832,5799.646070852138
128,64,8192,1,m,n,n,128,32,16,3,2,2,1,32,27.955200672149658,4801.172045733669
128,64,8192,1,m,n,n,128,32,16,3,2,2,1,64,44.5030403137207,3015.922666268251
128,64,8192,1,m,n,n,128,32,16,3,2,2,1,128,87.85920143127441,1527.6456627595044
128,64,8192,1,m,n,n,128,32,16,4,1,1,1,1,343.51104736328125,390.723177697565
128,64,8192,1,m,n,n,128,32,16,4,1,1,1,2,180.87936401367188,742.0289690417924
128,64,8192,1,m,n,n,128,32,16,4,1,1,1,4,95.29343605041504,1408.4677136523028
128,64,8192,1,m,n,n,128,32,16,4,1,1,1,8,54.86591815948486,2446.2860096472714
128,64,8192,1,m,n,n,128,32,16,4,1,1,1,16,36.10624074935913,3717.2999795716005
128,64,8192,1,m,n,n,128,32,16,4,1,1,1,32,34.38591957092285,3903.2758080867534
128,64,8192,1,m,n,n,128,32,16,4,1,1,1,64,47.65696048736572,2816.330009875101
128,64,8192,1,m,n,n,128,32,16,4,1,1,1,128,108.01152229309082,1242.6241677790474
128,64,8192,1,m,n,n,128,32,16,4,2,2,1,1,147.25119590759277,911.4882033571266
128,64,8192,1,m,n,n,128,32,16,4,2,2,1,2,81.2441635131836,1652.029169802706
128,64,8192,1,m,n,n,128,32,16,4,2,2,1,4,46.79679870605469,2868.096359391237
128,64,8192,1,m,n,n,128,32,16,4,2,2,1,8,30.208001136779785,4443.11847686549
128,64,8192,1,m,n,n,128,32,16,4,2,2,1,16,23.408639430999756,5733.683428959021
128,64,8192,1,m,n,n,128,32,16,4,2,2,1,32,28.078079223632812,4780.160598985394
128,64,8192,1,m,n,n,128,32,16,4,2,2,1,64,44.62592124938965,3007.6180892699376
128,64,8192,1,m,n,n,128,32,16,4,2,2,1,128,90.37823677062988,1485.066901013238
128,64,8192,1,m,n,n,128,32,16,5,1,1,1,1,343.67488861083984,390.5369069661107
128,64,8192,1,m,n,n,128,32,16,5,1,1,1,2,181.57567977905273,739.1833981473761
128,64,8192,1,m,n,n,128,32,16,5,1,1,1,4,95.51615715026855,1405.1834998852091
128,64,8192,1,m,n,n,128,32,16,5,1,1,1,8,55.00927925109863,2439.910681020592
128,64,8192,1,m,n,n,128,32,16,5,1,1,1,16,36.29055976867676,3698.4198881342827
128,64,8192,1,m,n,n,128,32,16,5,1,1,1,32,34.47295904159546,3893.420574603166
128,64,8192,1,m,n,n,128,32,16,5,1,1,1,64,47.88224220275879,2803.0794262234217
128,64,8192,1,m,n,n,128,32,16,5,1,1,1,128,108.27775955200195,1239.568758675137
128,64,8192,1,m,n,n,128,32,16,5,2,2,1,1,147.37407684326172,910.7282018312216
128,64,8192,1,m,n,n,128,32,16,5,2,2,1,2,81.32608413696289,1650.365063365909
128,64,8192,1,m,n,n,128,32,16,5,2,2,1,4,46.81727886199951,2866.8417144795103
128,64,8192,1,m,n,n,128,32,16,5,2,2,1,8,30.208001136779785,4443.11847686549
128,64,8192,1,m,n,n,128,32,16,5,2,2,1,16,23.449599742889404,5723.668185027282
128,64,8192,1,m,n,n,128,32,16,5,2,2,1,32,28.078079223632812,4780.160598985394
128,64,8192,1,m,n,n,128,32,16,5,2,2,1,64,44.5849609375,3010.381195312671
128,64,8192,1,m,n,n,128,32,16,5,2,2,1,128,88.71935844421387,1512.8347449040134
128,64,8192,1,m,n,n,128,32,16,6,1,1,1,1,343.83872985839844,390.35081375293083
128,64,8192,1,m,n,n,128,32,16,6,1,1,1,2,182.29248046875,736.2768209356209
128,64,8192,1,m,n,n,128,32,16,6,1,1,1,4,95.67935943603516,1402.7866489817904
128,64,8192,1,m,n,n,128,32,16,6,1,1,1,8,55.19360065460205,2431.7624943501287
128,64,8192,1,m,n,n,128,32,16,6,1,1,1,16,36.39296054840088,3688.0134503346303
128,64,8192,1,m,n,n,128,32,16,6,1,1,1,32,34.71359968185425,3866.430713901425
128,64,8192,1,m,n,n,128,32,16,6,1,1,1,64,48.06272029876709,2792.553712434021
128,64,8192,1,m,n,n,128,32,16,6,2,2,1,1,147.41503715515137,910.4751495516604
128,64,8192,1,m,n,n,128,32,16,6,2,2,1,2,81.38751983642578,1649.119278603813
128,64,8192,1,m,n,n,128,32,16,6,2,2,1,4,46.89919948577881,2861.834092513641
128,64,8192,1,m,n,n,128,32,16,6,2,2,1,8,30.268800258636475,4434.193851528827
128,64,8192,1,m,n,n,128,32,16,6,2,2,1,16,23.449599742889404,5723.668185027282
128,64,8192,1,m,n,n,128,32,16,6,2,2,1,32,28.11903953552246,4773.197456849274
128,64,8192,1,m,n,n,128,32,16,6,2,2,1,64,44.75200176239014,2999.144679887759
128,64,8192,1,m,n,n,128,32,32,3,1,1,1,1,577.720947265625,232.32276522992208
128,64,8192,1,m,n,n,128,32,32,3,1,1,1,2,194.703369140625,689.344661021561
128,64,8192,1,m,n,n,128,32,32,3,1,1,1,4,102.2771167755127,1312.294795077119
128,64,8192,1,m,n,n,128,32,32,3,1,1,1,8,58.55231761932373,2292.270117685398
128,64,8192,1,m,n,n,128,32,32,3,1,1,1,16,38.21568012237549,3512.111457134968
128,64,8192,1,m,n,n,128,32,32,3,1,1,1,32,35.77343940734863,3751.8821288519657
128,64,8192,1,m,n,n,128,32,32,3,1,1,1,64,48.78335952758789,2751.301454015224
128,64,8192,1,m,n,n,128,32,32,3,1,1,1,128,111.5340805053711,1203.378621062255
128,64,8192,1,m,n,n,128,32,32,3,2,2,1,1,125.76767921447754,1067.1877611028522
128,64,8192,1,m,n,n,128,32,32,3,2,2,1,2,64.24575805664062,2089.129804985263
128,64,8192,1,m,n,n,128,32,32,3,2,2,1,4,38.440959453582764,3491.529085325436
128,64,8192,1,m,n,n,128,32,32,3,2,2,1,8,26.152958869934082,5132.0284128270905
128,64,8192,1,m,n,n,128,32,32,3,2,2,1,16,21.50399923324585,6241.524032073775
128,64,8192,1,m,n,n,128,32,32,3,2,2,1,32,27.27936029434204,4920.120067032431
128,64,8192,1,m,n,n,128,32,32,3,2,2,1,64,44.25727844238281,3032.6701668909427
128,64,8192,1,m,n,n,128,32,32,3,2,2,1,128,90.29631614685059,1486.4142162978078
128,64,8192,1,m,n,n,128,32,32,4,1,1,1,1,578.5190582275391,232.00225833737431
128,64,8192,1,m,n,n,128,32,32,4,1,1,1,2,193.20831298828125,694.6788464952892
128,64,8192,1,m,n,n,128,32,32,4,1,1,1,4,101.74464225769043,1319.162611629853
128,64,8192,1,m,n,n,128,32,32,4,1,1,1,8,58.40896129608154,2297.8961621939375
128,64,8192,1,m,n,n,128,32,32,4,1,1,1,16,38.37951898574829,3497.118555598363
128,64,8192,1,m,n,n,128,32,32,4,1,1,1,32,35.96287965774536,3732.118486543204
128,64,8192,1,m,n,n,128,32,32,4,1,1,1,64,48.887038230895996,2745.466546082885
128,64,8192,1,m,n,n,128,32,32,4,2,2,1,1,122.16320037841797,1098.6756043083467
128,64,8192,1,m,n,n,128,32,32,4,2,2,1,2,62.80831813812256,2136.9419207315837
128,64,8192,1,m,n,n,128,32,32,4,2,2,1,4,37.74463891983032,3555.9415016548096
128,64,8192,1,m,n,n,128,32,32,4,2,2,1,8,25.866239070892334,5188.915467461105
128,64,8192,1,m,n,n,128,32,32,4,2,2,1,16,21.381120681762695,6277.394435853064
128,64,8192,1,m,n,n,128,32,32,4,2,2,1,32,27.238399982452393,4927.518800166903
128,64,8192,1,m,n,n,128,32,32,4,2,2,1,64,44.564480781555176,3011.7646530631514
128,64,8192,1,m,n,n,128,32,32,5,1,1,1,1,577.3721694946289,232.46310627940406
128,64,8192,1,m,n,n,128,32,32,5,1,1,1,2,193.61791610717773,693.2092375465057
128,64,8192,1,m,n,n,128,32,32,5,1,1,1,4,102.09280014038086,1314.6639901682229
128,64,8192,1,m,n,n,128,32,32,5,1,1,1,8,58.73663902282715,2285.076746523379
128,64,8192,1,m,n,n,128,32,32,5,1,1,1,16,38.68671894073486,3469.3489568244713
128,64,8192,1,m,n,n,128,32,32,5,1,1,1,32,36.35200023651123,3692.1689900627357
128,64,8192,1,m,n,n,128,32,32,5,1,1,1,64,57.733120918273926,2324.7959899828807
128,64,8192,1,m,n,n,128,32,32,5,2,2,1,1,122.75712013244629,1093.3600255137014
128,64,8192,1,m,n,n,128,32,32,5,2,2,1,2,62.972798347473145,2131.36038928125
128,64,8192,1,m,n,n,128,32,32,5,2,2,1,4,37.84703969955444,3546.320374472514
128,64,8192,1,m,n,n,128,32,32,5,2,2,1,8,25.907199382781982,5180.711585876843
128,64,8192,1,m,n,n,128,32,32,5,2,2,1,16,21.4630389213562,6253.43542877567
128,64,8192,1,m,n,n,128,32,32,5,2,2,1,32,27.32032060623169,4912.743519173246
128,64,8192,1,m,n,n,128,32,32,5,2,2,1,64,46.55104160308838,2883.237912147931
128,64,8192,1,m,n,n,128,32,32,6,1,1,1,1,579.1948699951172,231.73155522101138
128,64,8192,1,m,n,n,128,32,32,6,1,1,1,2,194.1913604736328,691.1622003813296
128,64,8192,1,m,n,n,128,32,32,6,1,1,1,4,102.39999771118164,1310.7200292968757
128,64,8192,1,m,n,n,128,32,32,6,1,1,1,8,59.12576198577881,2270.0380255950467
128,64,8192,1,m,n,n,128,32,32,6,1,1,1,16,39.01439905166626,3440.210057375412
128,64,8192,1,m,n,n,128,32,32,6,1,1,1,32,36.7411208152771,3653.065693744208
128,64,8192,1,m,n,n,128,32,32,6,1,1,1,64,58.081278800964355,2310.8604144193105
128,64,8192,1,m,n,n,128,32,32,6,2,2,1,1,122.55231857299805,1095.1871785277851
128,64,8192,1,m,n,n,128,32,32,6,2,2,1,2,63.119359016418464,2126.4114542907128
128,64,8192,1,m,n,n,128,32,32,6,2,2,1,4,38.01088094711304,3531.034394776214
128,64,8192,1,m,n,n,128,32,32,6,2,2,1,8,26.050560474395752,5152.201164037074
128,64,8192,1,m,n,n,128,32,32,6,2,2,1,16,21.565439701080322,6223.741776675963
128,64,8192,1,m,n,n,128,32,32,6,2,2,1,32,27.35680103302002,4906.192351876136
128,64,8192,1,m,n,n,128,32,64,3,1,1,1,1,368.27136993408203,364.45333240002896
128,64,8192,1,m,n,n,128,32,64,3,1,1,1,2,186.2656021118164,720.5717345461792
128,64,8192,1,m,n,n,128,32,64,3,1,1,1,4,98.75455856323242,1359.104125953442
128,64,8192,1,m,n,n,128,32,64,3,1,1,1,8,57.40032196044922,2338.2748287105533
128,64,8192,1,m,n,n,128,32,64,3,1,1,1,16,38.25664043426514,3508.351137905614
128,64,8192,1,m,n,n,128,32,64,3,1,1,1,32,36.47808074951172,3679.40761252349
128,64,8192,1,m,n,n,128,32,64,3,1,1,1,64,58.53184223175049,2293.0719909443383
128,64,8192,1,m,n,n,128,32,64,3,2,2,1,1,116.34688377380371,1153.5996809415196
128,64,8192,1,m,n,n,128,32,64,3,2,2,1,2,56.09471797943115,2392.6981511737886
128,64,8192,1,m,n,n,128,32,64,3,2,2,1,4,34.48832035064697,3891.6864212403493
128,64,8192,1,m,n,n,128,32,64,3,2,2,1,8,24.51456069946289,5475.020729330903
128,64,8192,1,m,n,n,128,32,64,3,2,2,1,16,20.992000102996826,6393.75606619014
128,64,8192,1,m,n,n,128,32,64,3,2,2,1,32,27.384319305419922,4901.262160401247
128,64,8192,1,m,n,n,128,32,64,3,2,2,1,64,47.34975814819336,2834.602186983316
128,64,8192,1,m,n,n,128,32,64,4,1,1,1,1,368.29185485839844,364.43306097986965
128,64,8192,1,m,n,n,128,32,64,4,1,1,1,2,187.33055114746094,716.4753809662785
128,64,8192,1,m,n,n,128,32,64,4,1,1,1,4,99.63520050048828,1347.091462914678
128,64,8192,1,m,n,n,128,32,64,4,1,1,1,8,58.30656051635742,2301.9318377105496
128,64,8192,1,m,n,n,128,32,64,4,1,1,1,16,39.26016092300415,3418.674932668355
128,64,8192,1,m,n,n,128,32,64,4,1,1,1,32,37.457919120788574,3583.1602809327233
128,64,8192,1,m,n,n,128,32,64,4,2,2,1,1,113.62303733825684,1181.2545338005057
128,64,8192,1,m,n,n,128,32,64,4,2,2,1,2,54.78400230407715,2449.943822195174
128,64,8192,1,m,n,n,128,32,64,4,2,2,1,4,34.1811203956604,3926.6626268061173
128,64,8192,1,m,n,n,128,32,64,4,2,2,1,8,24.535040855407715,5470.4505605262675
128,64,8192,1,m,n,n,128,32,64,4,2,2,1,16,20.951039791107178,6406.2561733556395
128,64,8192,1,m,n,n,128,32,64,4,2,2,1,32,27.381761074066162,4901.720076986591
128,64,8192,1,m,n,n,128,64,16,3,1,1,1,1,829.3990325927734,161.82527676747313
128,64,8192,1,m,n,n,128,64,16,3,1,1,1,2,429.87518310546875,312.22488125598545
128,64,8192,1,m,n,n,128,64,16,3,1,1,1,4,221.08160018920898,607.0958772015944
128,64,8192,1,m,n,n,128,64,16,3,1,1,1,8,120.3609561920166,1115.1268006368873
128,64,8192,1,m,n,n,128,64,16,3,1,1,1,16,72.31488227844238,1856.0180666989945
128,64,8192,1,m,n,n,128,64,16,3,1,1,1,32,49.86879825592041,2691.4169319102393
128,64,8192,1,m,n,n,128,64,16,3,1,1,1,64,55.6441593170166,2412.0721679940043
128,64,8192,1,m,n,n,128,64,16,3,1,1,1,128,106.22976303100586,1263.4663221532853
128,64,8192,1,m,n,n,128,64,16,3,2,2,1,1,207.79008865356445,645.9294034171809
128,64,8192,1,m,n,n,128,64,16,3,2,2,1,2,103.34207534790039,1298.7713624693229
128,64,8192,1,m,n,n,128,64,16,3,2,2,1,4,60.395522117614746,2222.312570435657
128,64,8192,1,m,n,n,128,64,16,3,2,2,1,8,39.11679983139038,3431.204203271588
128,64,8192,1,m,n,n,128,64,16,3,2,2,1,16,30.67903995513916,4374.899872885908
128,64,8192,1,m,n,n,128,64,16,3,2,2,1,32,28.958721160888672,4634.794722263943
128,64,8192,1,m,n,n,128,64,16,3,2,2,1,64,44.27775859832764,3031.2674410097484
128,64,8192,1,m,n,n,128,64,16,3,2,2,1,128,92.75391578674316,1447.0303152331498
128,64,8192,1,m,n,n,128,64,16,4,1,1,1,1,829.6870422363281,161.76910228491843
128,64,8192,1,m,n,n,128,64,16,4,1,1,1,2,430.30529022216797,311.9128001673021
128,64,8192,1,m,n,n,128,64,16,4,1,1,1,4,221.83935165405273,605.0221793350071
128,64,8192,1,m,n,n,128,64,16,4,1,1,1,8,120.56575775146484,1113.2325670500693
128,64,8192,1,m,n,n,128,64,16,4,1,1,1,16,72.45823860168457,1852.3459939154468
128,64,8192,1,m,n,n,128,64,16,4,1,1,1,32,50.120320320129395,2677.910419221628
128,64,8192,1,m,n,n,128,64,16,4,1,1,1,64,55.82848072052002,2404.1085529785455
128,64,8192,1,m,n,n,128,64,16,4,1,1,1,128,106.86464309692383,1255.9601015863361
128,64,8192,1,m,n,n,128,64,16,4,2,2,1,1,207.81055450439453,645.8657902150092
128,64,8192,1,m,n,n,128,64,16,4,2,2,1,2,103.3625602722168,1298.5139652744929
128,64,8192,1,m,n,n,128,64,16,4,2,2,1,4,60.395522117614746,2222.312570435657
128,64,8192,1,m,n,n,128,64,16,4,2,2,1,8,39.09631967544556,3433.001600002147
128,64,8192,1,m,n,n,128,64,16,4,2,2,1,16,30.72000026702881,4369.0666286892365
128,64,8192,1,m,n,n,128,64,16,4,2,2,1,32,29.040639400482178,4621.720828838621
128,64,8192,1,m,n,n,128,64,16,4,2,2,1,64,44.337921142578125,3027.1542855695475
128,64,8192,1,m,n,n,128,64,16,4,2,2,1,128,94.45119857788086,1421.0272608592593
128,64,8192,1,m,n,n,128,64,16,5,1,1,1,1,829.8496246337891,161.73740882178504
128,64,8192,1,m,n,n,128,64,16,5,1,1,1,2,431.61598205566406,310.9656119793321
128,64,8192,1,m,n,n,128,64,16,5,1,1,1,4,220.6719970703125,608.2227458939176
128,64,8192,1,m,n,n,128,64,16,5,1,1,1,8,120.79104423522949,1111.1562852178286
128,64,8192,1,m,n,n,128,64,16,5,1,1,1,16,72.76544094085693,1844.5257290351735
128,64,8192,1,m,n,n,128,64,16,5,1,1,1,32,50.33984184265137,2666.232611924528
128,64,8192,1,m,n,n,128,64,16,5,1,1,1,64,56.053757667541504,2394.446573877422
128,64,8192,1,m,n,n,128,64,16,5,1,1,1,128,108.4825611114502,1237.228607297634
128,64,8192,1,m,n,n,128,64,16,5,2,2,1,1,207.91296005249023,645.5476751719327
128,64,8192,1,m,n,n,128,64,16,5,2,2,1,2,103.50591659545898,1296.7155155446294
128,64,8192,1,m,n,n,128,64,16,5,2,2,1,4,60.41600227355957,2221.559238432745
128,64,8192,1,m,n,n,128,64,16,5,2,2,1,8,39.11679983139038,3431.204203271588
128,64,8192,1,m,n,n,128,64,16,5,2,2,1,16,30.760960578918457,4363.248919215613
128,64,8192,1,m,n,n,128,64,16,5,2,2,1,32,29.105279445648193,4611.456428399562
128,64,8192,1,m,n,n,128,64,16,5,2,2,1,64,44.33919906616211,3027.0670383495844
128,64,8192,1,m,n,n,128,64,16,5,2,2,1,128,92.46591567993164,1451.5373260844697
128,64,8192,1,m,n,n,128,64,16,6,1,1,1,1,830.0543975830078,161.69750848959012
128,64,8192,1,m,n,n,128,64,16,6,1,1,1,2,433.3772659301758,309.70181998800257
128,64,8192,1,m,n,n,128,64,16,6,1,1,1,4,222.16703414916992,604.1298094202491
128,64,8192,1,m,n,n,128,64,16,6,1,1,1,8,120.91391563415527,1110.0271403508061
128,64,8192,1,m,n,n,128,64,16,6,1,1,1,16,72.94976234436035,1839.8651851177167
128,64,8192,1,m,n,n,128,64,16,6,1,1,1,32,50.54463863372803,2655.4295693477884
128,64,8192,1,m,n,n,128,64,16,6,1,1,1,64,56.258559226989746,2385.7299199302947
128,64,8192,1,m,n,n,128,64,16,6,2,2,1,1,207.97439575195312,645.3569801932675
128,64,8192,1,m,n,n,128,64,16,6,2,2,1,2,103.48544120788574,1296.9720806463781
128,64,8192,1,m,n,n,128,64,16,6,2,2,1,4,60.55935859680176,2216.300355715595
128,64,8192,1,m,n,n,128,64,16,6,2,2,1,8,39.11679983139038,3431.204203271588
128,64,8192,1,m,n,n,128,64,16,6,2,2,1,16,30.78144073486328,4360.345870620151
128,64,8192,1,m,n,n,128,64,16,6,2,2,1,32,29.20448064804077,4595.792324387875
128,64,8192,1,m,n,n,128,64,16,6,2,2,1,64,44.44159984588623,3020.0921763716383
128,64,8192,1,m,n,n,128,64,32,3,1,1,1,1,1366.6508483886719,98.20923036651774
128,64,8192,1,m,n,n,128,64,32,3,1,1,1,2,670.7405090332031,200.10380496245818
128,64,8192,1,m,n,n,128,64,32,3,1,1,1,4,339.02591705322266,395.8922349258908
128,64,8192,1,m,n,n,128,64,32,3,1,1,1,8,183.27552795410156,732.3276025897615
128,64,8192,1,m,n,n,128,64,32,3,1,1,1,16,103.64928245544434,1294.9219215067515
128,64,8192,1,m,n,n,128,64,32,3,1,1,1,32,66.99007987976074,2003.546319707409
128,64,8192,1,m,n,n,128,64,32,3,1,1,1,64,64.31039810180664,2087.0299665619627
128,64,8192,1,m,n,n,128,64,32,3,1,1,1,128,118.06719779968262,1136.7910012374396
128,64,8192,1,m,n,n,128,64,32,3,2,2,1,1,184.4633674621582,727.6118280098847
128,64,8192,1,m,n,n,128,64,32,3,2,2,1,2,95.84639549255371,1400.3419461968952
128,64,8192,1,m,n,n,128,64,32,3,2,2,1,4,56.87295913696289,2359.9568237125395
128,64,8192,1,m,n,n,128,64,32,3,2,2,1,8,37.51935958862305,3577.2926156420513
128,64,8192,1,m,n,n,128,64,32,3,2,2,1,16,30.105600357055664,4458.231239641903
128,64,8192,1,m,n,n,128,64,32,3,2,2,1,32,28.8972806930542,4644.64907358085
128,64,8192,1,m,n,n,128,64,32,3,2,2,1,64,44.44159984588623,3020.0921763716383
128,64,8192,1,m,n,n,128,64,32,3,2,2,1,128,92.83583641052246,1445.7534201176984
128,64,8192,1,m,n,n,128,64,32,4,1,1,1,1,1310.908203125,102.38529874177762
128,64,8192,1,m,n,n,128,64,32,4,1,1,1,2,675.7170867919922,198.63006371084504
128,64,8192,1,m,n,n,128,64,32,4,1,1,1,4,349.2659378051758,384.2851920901261
128,64,8192,1,m,n,n,128,64,32,4,1,1,1,8,183.23455810546875,732.4913454521229
128,64,8192,1,m,n,n,128,64,32,4,1,1,1,16,105.28767585754395,1274.7714953989384
128,64,8192,1,m,n,n,128,64,32,4,1,1,1,32,67.80928134918213,1979.3415492615134
128,64,8192,1,m,n,n,128,64,32,4,1,1,1,64,65.29024124145508,2055.7088693184432
128,64,8192,1,m,n,n,128,64,32,4,2,2,1,1,185.85599899291992,722.159783527423
128,64,8192,1,m,n,n,128,64,32,4,2,2,1,2,95.90784072875977,1399.4447897079212
128,64,8192,1,m,n,n,128,64,32,4,2,2,1,4,56.87295913696289,2359.9568237125395
128,64,8192,1,m,n,n,128,64,32,4,2,2,1,8,37.51935958862305,3577.2926156420513
128,64,8192,1,m,n,n,128,64,32,4,2,2,1,16,30.193281173706055,4445.284605797799
128,64,8192,1,m,n,n,128,64,32,4,2,2,1,32,28.85632038116455,4651.241954175427
128,64,8192,1,m,n,n,128,64,32,4,2,2,1,64,44.5030403137207,3015.922666268251
128,64,8192,1,m,n,n,128,64,32,5,1,1,1,1,1088.3071899414062,123.3270617344963
128,64,8192,1,m,n,n,128,64,32,5,1,1,1,2,483.40991973876953,277.6478564455816
128,64,8192,1,m,n,n,128,64,32,5,1,1,1,4,248.25855255126953,540.6368748254174
128,64,8192,1,m,n,n,128,64,32,5,1,1,1,8,134.53311920166016,997.6556612711299
128,64,8192,1,m,n,n,128,64,32,5,1,1,1,16,80.32256126403809,1670.98416544259
128,64,8192,1,m,n,n,128,64,32,5,1,1,1,32,55.19360065460205,2431.7624943501287
128,64,8192,1,m,n,n,128,64,32,5,1,1,1,64,60.76416015625,2208.830462806862
128,64,8192,1,m,n,n,128,64,32,5,2,2,1,1,185.83871841430664,722.2269349747482
128,64,8192,1,m,n,n,128,64,32,5,2,2,1,2,95.96799850463867,1398.5675442998063
128,64,8192,1,m,n,n,128,64,32,5,2,2,1,4,57.01632022857666,2354.022979068542
128,64,8192,1,m,n,n,128,64,32,5,2,2,1,8,37.53983974456787,3575.3409954133253
128,64,8192,1,m,n,n,128,64,32,5,2,2,1,16,30.248959064483643,4437.10237148589
128,64,8192,1,m,n,n,128,64,32,5,2,2,1,32,28.958721160888672,4634.794722263943
128,64,8192,1,m,n,n,128,64,32,5,2,2,1,64,44.5849609375,3010.381195312671
128,64,8192,1,m,n,n,128,64,32,6,1,1,1,1,1341.317138671875,100.06412661877839
128,64,8192,1,m,n,n,128,64,32,6,1,1,1,2,677.5807952880859,198.08372511935625
128,64,8192,1,m,n,n,128,64,32,6,1,1,1,4,342.7328109741211,391.6103848316246
128,64,8192,1,m,n,n,128,64,32,6,1,1,1,8,184.56575393676758,727.2081907783561
128,64,8192,1,m,n,n,128,64,32,6,1,1,1,16,104.73471641540527,1281.5018037348514
128,64,8192,1,m,n,n,128,64,32,6,1,1,1,32,67.48159885406494,1988.9529928041268
128,64,8192,1,m,n,n,128,64,32,6,2,2,1,1,185.9993553161621,721.6031892791049
128,64,8192,1,m,n,n,128,64,32,6,2,2,1,2,96.11264228820801,1396.4627837150522
128,64,8192,1,m,n,n,128,64,32,6,2,2,1,4,57.036800384521484,2353.177722017235
128,64,8192,1,m,n,n,128,64,32,6,2,2,1,8,37.68320083618164,3561.739051400603
128,64,8192,1,m,n,n,128,64,32,6,2,2,1,16,30.28991937637329,4431.102187240959
128,64,8192,1,m,n,n,128,64,32,6,2,2,1,32,29.061119556427002,4618.463777329499
128,64,8192,1,m,n,n,128,64,64,3,1,1,1,1,1311.2736511230469,102.3567642688836
128,64,8192,1,m,n,n,128,64,64,3,1,1,1,2,670.2285003662109,200.25667056334342
128,64,8192,1,m,n,n,128,64,64,3,1,1,1,4,340.316162109375,394.39128358782875
128,64,8192,1,m,n,n,128,64,64,3,1,1,1,8,181.98528289794922,737.5196821561909
128,64,8192,1,m,n,n,128,64,64,3,1,1,1,16,104.61183547973633,1283.0071032067726
128,64,8192,1,m,n,n,128,64,64,3,1,1,1,32,66.84671878814697,2007.843173654756
128,64,8192,1,m,n,n,128,64,64,3,1,1,1,64,64.63488101959229,2076.5525654687226
128,64,8192,1,m,n,n,128,64,64,3,2,2,1,1,170.68031311035156,786.3691222151846
128,64,8192,1,m,n,n,128,64,64,3,2,2,1,2,90.82880020141602,1477.7001094627205
128,64,8192,1,m,n,n,128,64,64,3,2,2,1,4,54.68160152435303,2454.531766781277
128,64,8192,1,m,n,n,128,64,64,3,2,2,1,8,36.94591999053955,3632.8159654535084
128,64,8192,1,m,n,n,128,64,64,3,2,2,1,16,30.310399532318115,4428.108176432709
128,64,8192,1,m,n,n,128,64,64,3,2,2,1,32,29.265921115875244,4586.1439818886765
128,64,8192,1,m,n,n,128,64,64,3,2,2,1,64,44.97407913208008,2984.3352124193316
128,64,8192,1,m,n,n,128,64,64,4,1,1,1,1,1358.5816955566406,98.79253374233639
128,64,8192,1,m,n,n,128,64,64,4,1,1,1,2,662.0774078369141,202.72210833851793
128,64,8192,1,m,n,n,128,64,64,4,1,1,1,4,339.04640197753906,395.8683154198214
128,64,8192,1,m,n,n,128,64,64,4,1,1,1,8,181.84192657470703,738.1011108285783
128,64,8192,1,m,n,n,128,64,64,4,1,1,1,16,103.69024276733398,1294.41039405381
128,64,8192,1,m,n,n,128,64,64,4,1,1,1,32,66.7852783203125,2009.690329600351
128,64,8192,1,m,n,n,128,64,64,4,2,2,1,1,170.82368850708008,785.7091084556292
128,64,8192,1,m,n,n,128,64,64,4,2,2,1,2,90.91072082519531,1476.3685380745815
128,64,8192,1,m,n,n,128,64,64,4,2,2,1,4,54.86591815948486,2446.2860096472714
128,64,8192,1,m,n,n,128,64,64,4,2,2,1,8,37.068800926208496,3620.7733901936112
128,64,8192,1,m,n,n,128,64,64,4,2,2,1,16,30.47424077987671,4404.300962556844
128,64,8192,1,m,n,n,128,64,64,4,2,2,1,32,29.327359199523926,4576.536437763506
128,64,8192,1,m,n,n,256,16,16,3,1,1,1,1,384.47105407714844,349.09709476611914
128,64,8192,1,m,n,n,256,16,16,3,1,1,1,32,50.33984184265137,2666.232611924528
128,64,8192,1,m,n,n,256,16,16,3,1,1,1,64,78.11391830444336,1718.2306420335503
128,64,8192,1,m,n,n,256,16,16,3,1,1,1,128,153.39520454406738,874.9799473779634
128,64,8192,1,m,n,n,256,16,16,4,1,1,1,1,384.00001525878906,349.525319444445
128,64,8192,1,m,n,n,256,16,16,4,1,1,1,32,50.6060791015625,2652.2056318695504
128,64,8192,1,m,n,n,256,16,16,4,1,1,1,64,79.34080123901367,1691.6608592805856
128,64,8192,1,m,n,n,256,16,16,4,1,1,1,128,152.8831958770752,877.9102714984906
128,64,8192,1,m,n,n,256,16,16,5,1,1,1,1,385.3721618652344,348.28080822022713
128,64,8192,1,m,n,n,256,16,16,5,1,1,1,32,51.44576072692871,2608.917160588224
128,64,8192,1,m,n,n,256,16,16,5,1,1,1,64,80.85503578186035,1659.979823175237
128,64,8192,1,m,n,n,256,16,16,5,1,1,1,128,154.15295600891113,870.6789118740044
128,64,8192,1,m,n,n,256,16,16,6,1,1,1,1,385.7612609863281,347.92951385742396
128,64,8192,1,m,n,n,256,16,16,6,1,1,1,32,70.49280166625977,1903.9919655263348
128,64,8192,1,m,n,n,256,16,16,6,1,1,1,64,103.6128044128418,1295.3778132016762
128,64,8192,1,m,n,n,256,16,16,6,1,1,1,128,180.3878402709961,744.0508617341676
128,64,8192,1,m,n,n,256,16,32,3,1,1,1,1,489.47200775146484,274.20920067843923
128,64,8192,1,m,n,n,256,16,32,3,1,1,1,32,67.05152034759521,2001.7104355608199
128,64,8192,1,m,n,n,256,16,32,3,1,1,1,64,101.3145637512207,1324.7624332625412
128,64,8192,1,m,n,n,256,16,32,3,1,1,1,128,178.83136749267578,750.5267665388569
128,64,8192,1,m,n,n,256,16,32,4,1,1,1,1,487.5059127807617,275.3150771739657
128,64,8192,1,m,n,n,256,16,32,4,1,1,1,32,69.12000179290771,1941.807357038753
128,64,8192,1,m,n,n,256,16,32,4,1,1,1,64,103.50720405578613,1296.6993865244601
128,64,8192,1,m,n,n,256,16,32,4,1,1,1,128,183.00928115844727,733.393012367476
128,64,8192,1,m,n,n,256,16,32,5,1,1,1,1,488.1612777709961,274.9454619031942
128,64,8192,1,m,n,n,256,16,32,5,1,1,1,32,76.79999828338623,1747.6267057291677
128,64,8192,1,m,n,n,256,16,32,5,1,1,1,64,114.89279747009277,1168.1996692171901
128,64,8192,1,m,n,n,256,16,32,5,1,1,1,128,192.7168083190918,696.4505544206
128,64,8192,1,m,n,n,256,32,16,3,1,1,1,1,837.2211456298828,160.31335173578466
128,64,8192,1,m,n,n,256,32,16,3,1,1,1,32,66.9491195678711,2004.7721145000858
128,64,8192,1,m,n,n,256,32,16,3,1,1,1,64,87.67487525939941,1530.8573591111078
128,64,8192,1,m,n,n,256,32,16,3,1,1,1,128,207.42143630981445,647.0774206747178
128,64,8192,1,m,n,n,256,32,16,3,2,2,1,1,238.08000564575195,563.7505242658114
128,64,8192,1,m,n,n,256,32,16,3,2,2,1,32,40.14080047607422,3343.673429731428
128,64,8192,1,m,n,n,256,32,16,3,2,2,1,64,67.2972822189331,1994.4004211545976
128,64,8192,1,m,n,n,256,32,16,3,2,2,1,128,146.39103889465332,916.8438793346256
128,64,8192,1,m,n,n,256,32,16,4,1,1,1,1,836.7104339599609,160.41120386748125
128,64,8192,1,m,n,n,256,32,16,4,1,1,1,32,62.68928050994874,2140.999655893319
128,64,8192,1,m,n,n,256,32,16,4,1,1,1,64,78.37696075439453,1712.464054591126
128,64,8192,1,m,n,n,256,32,16,4,1,1,1,128,163.73760223388672,819.7123090167167
128,64,8192,1,m,n,n,256,32,16,4,2,2,1,1,238.20287704467773,563.4597267052568
128,64,8192,1,m,n,n,256,32,16,4,2,2,1,32,40.20224094390869,3338.5633449454817
128,64,8192,1,m,n,n,256,32,16,4,2,2,1,64,67.42015838623047,1990.7655397530466
128,64,8192,1,m,n,n,256,32,16,4,2,2,1,128,146.08384132385254,918.7718969030491
128,64,8192,1,m,n,n,256,32,16,5,1,1,1,1,837.6319885253906,160.23472102144
128,64,8192,1,m,n,n,256,32,16,5,1,1,1,32,62.79168128967286,2137.5081100444168
128,64,8192,1,m,n,n,256,32,16,5,1,1,1,64,78.58176231384277,1708.000992188954
128,64,8192,1,m,n,n,256,32,16,5,1,1,1,128,164.94272232055664,813.7232495723916
128,64,8192,1,m,n,n,256,32,16,5,2,2,1,1,238.38720321655273,563.024047385948
128,64,8192,1,m,n,n,256,32,16,5,2,2,1,32,40.34560203552246,3326.7003397750123
128,64,8192,1,m,n,n,256,32,16,5,2,2,1,64,67.66592025756836,1983.535101408569
128,64,8192,1,m,n,n,256,32,16,5,2,2,1,128,146.16576194763184,918.2569584803823
128,64,8192,1,m,n,n,256,32,16,6,1,1,1,1,838.2463836669922,160.1172765134413
128,64,8192,1,m,n,n,256,32,16,6,1,1,1,32,63.283200263977044,2120.90614002025
128,64,8192,1,m,n,n,256,32,16,6,1,1,1,64,96.68607711791992,1388.1805116191224
128,64,8192,1,m,n,n,256,32,16,6,1,1,1,128,178.4012794494629,752.3361290579809
128,64,8192,1,m,n,n,256,32,16,6,2,2,1,1,238.57152938842773,562.5890412995376
128,64,8192,1,m,n,n,256,32,16,6,2,2,1,32,40.53055763244629,3311.5194026482745
128,64,8192,1,m,n,n,256,32,16,6,2,2,1,64,70.01855850219727,1916.8879061654502
128,64,8192,1,m,n,n,256,32,32,3,1,1,1,1,975.1961517333984,137.63151932196385
128,64,8192,1,m,n,n,256,32,32,3,1,1,1,32,68.11647891998291,1970.4149440499837
128,64,8192,1,m,n,n,256,32,32,3,1,1,1,64,107.64287948608398,1246.8797624217366
128,64,8192,1,m,n,n,256,32,32,3,1,1,1,128,193.35168838500977,694.163723736098
128,64,8192,1,m,n,n,256,32,32,3,2,2,1,1,196.1369514465332,684.3061799937665
128,64,8192,1,m,n,n,256,32,32,3,2,2,1,32,39.976959228515625,3357.377113971747
128,64,8192,1,m,n,n,256,32,32,3,2,2,1,64,69.93919849395752,1919.062998864591
128,64,8192,1,m,n,n,256,32,32,3,2,2,1,128,151.71584129333496,884.6652192403347
128,64,8192,1,m,n,n,256,32,32,4,1,1,1,1,1467.6582336425781,91.45026064200606
128,64,8192,1,m,n,n,256,32,32,4,1,1,1,32,85.52448272705078,1569.348608963266
128,64,8192,1,m,n,n,256,32,32,4,1,1,1,64,123.04384231567383,1090.8122298039032
128,64,8192,1,m,n,n,256,32,32,4,2,2,1,1,196.4851188659668,683.0936041093129
128,64,8192,1,m,n,n,256,32,32,4,2,2,1,32,40.14080047607422,3343.673429731428
128,64,8192,1,m,n,n,256,32,32,4,2,2,1,64,70.22592067718506,1911.227744766393
128,64,8192,1,m,n,n,256,32,32,5,1,1,1,1,1513.0624389648438,88.70600746114917
128,64,8192,1,m,n,n,256,32,32,5,1,1,1,32,86.07744216918945,1559.2671508080882
128,64,8192,1,m,n,n,256,32,32,5,1,1,1,64,122.36543655395508,1096.8597978304017
128,64,8192,1,m,n,n,256,32,32,5,2,2,1,1,196.7513656616211,682.1692319576155
128,64,8192,1,m,n,n,256,32,32,5,2,2,1,32,40.32512187957764,3328.3898905702645
128,64,8192,1,m,n,n,256,32,32,5,2,2,1,64,70.63551902770996,1900.1449957116768
128,64,8192,1,m,n,n,256,64,16,3,1,1,1,1,2876.0678100585938,46.66709440250145
128,64,8192,1,m,n,n,256,64,16,3,1,1,1,32,122.57280349731445,1095.0041458661806
128,64,8192,1,m,n,n,256,64,16,3,1,1,1,64,112.49664306640625,1193.0820719758892
128,64,8192,1,m,n,n,256,64,16,3,1,1,1,128,258.17087173461914,519.8794391412446
128,64,8192,1,m,n,n,256,64,16,3,2,2,1,1,339.8041534423828,394.9855428202056
128,64,8192,1,m,n,n,256,64,16,3,2,2,1,32,45.158400535583496,2972.154159761269
128,64,8192,1,m,n,n,256,64,16,3,2,2,1,64,68.46464157104492,1960.3948099359275
128,64,8192,1,m,n,n,256,64,16,3,2,2,1,128,151.7363166809082,884.5458419967537
128,64,8192,1,m,n,n,256,64,16,4,1,1,1,1,2864.1281127929688,46.86163562324624
128,64,8192,1,m,n,n,256,64,16,4,1,1,1,32,127.11935997009277,1055.8401806898435
128,64,8192,1,m,n,n,256,64,16,4,1,1,1,64,112.96768188476562,1188.107304325416
128,64,8192,1,m,n,n,256,64,16,4,1,1,1,128,255.5904006958008,525.1282036986341
128,64,8192,1,m,n,n,256,64,16,4,2,2,1,1,340.1113510131836,394.6287814275195
128,64,8192,1,m,n,n,256,64,16,4,2,2,1,32,45.24032115936279,2966.772219127422
128,64,8192,1,m,n,n,256,64,16,4,2,2,1,64,68.56704235076904,1957.4670774536423
128,64,8192,1,m,n,n,256,64,16,4,2,2,1,128,152.26880073547363,881.4525848480771
128,64,8192,1,m,n,n,256,64,16,5,1,1,1,1,1812.357177734375,74.05699585541156
128,64,8192,1,m,n,n,256,64,16,5,1,1,1,32,94.61759567260742,1418.528203405375
128,64,8192,1,m,n,n,256,64,16,5,1,1,1,64,95.64352035522461,1403.3122944608162
128,64,8192,1,m,n,n,256,64,16,5,1,1,1,128,185.40544509887695,723.9147044922091
128,64,8192,1,m,n,n,256,64,16,5,2,2,1,1,340.4595184326172,394.2252183692847
128,64,8192,1,m,n,n,256,64,16,5,2,2,1,32,45.4860782623291,2950.743021324772
128,64,8192,1,m,n,n,256,64,16,5,2,2,1,64,68.64895820617676,1955.1313160047873
128,64,8192,1,m,n,n,256,64,16,5,2,2,1,128,154.99263763427734,865.9619582492809
128,64,8192,1,m,n,n,256,64,16,6,1,1,1,1,1813.1155395507812,74.02602044503678
128,64,8192,1,m,n,n,256,64,16,6,1,1,1,32,94.90431785583496,1414.2425869799133
128,64,8192,1,m,n,n,256,64,16,6,1,1,1,64,100.2291202545166,1339.1091097993728
128,64,8192,1,m,n,n,256,64,16,6,1,1,1,128,185.97888946533203,721.6825973413464
128,64,8192,1,m,n,n,256,64,16,6,2,2,1,1,340.58238983154297,394.082994327411
128,64,8192,1,m,n,n,256,64,16,6,2,2,1,32,45.62943935394287,2941.472213999539
128,64,8192,1,m,n,n,256,64,16,6,2,2,1,64,68.71039867401123,1953.3830481290165
128,64,8192,1,m,n,n,256,64,32,3,1,1,1,1,2623.1399536132812,51.166819298040075
128,64,8192,1,m,n,n,256,64,32,3,1,1,1,32,119.4598388671875,1123.538498567874
128,64,8192,1,m,n,n,256,64,32,3,1,1,1,64,123.26911926269531,1088.8187471671022
128,64,8192,1,m,n,n,256,64,32,3,1,1,1,128,224.23040390014648,598.570602672461
128,64,8192,1,m,n,n,256,64,32,3,2,2,1,1,348.590087890625,385.0302480261937
128,64,8192,1,m,n,n,256,64,32,3,2,2,1,32,44.32191848754883,3028.2472550845296
128,64,8192,1,m,n,n,256,64,32,3,2,2,1,64,68.99712085723877,1945.2656332966199
128,64,8192,1,m,n,n,256,64,32,3,2,2,1,128,156.13951683044434,859.6012766310164
128,64,8192,1,m,n,n,256,64,32,4,1,1,1,1,2940.3155517578125,45.64738907691743
128,64,8192,1,m,n,n,256,64,32,4,1,1,1,32,137.41632461547852,976.7233141737062
128,64,8192,1,m,n,n,256,64,32,4,1,1,1,64,134.7993564605713,995.6852282099625
128,64,8192,1,m,n,n,256,64,32,4,2,2,1,1,348.8972854614258,384.6912360538821
128,64,8192,1,m,n,n,256,64,32,4,2,2,1,32,44.627838134765625,3007.4889040041303
128,64,8192,1,m,n,n,256,64,32,4,2,2,1,64,68.97664070129395,1945.8432106201747
240,240,240,1,m,n,n,16,16,16,3,1,1,1,1,9.646080136299133,2866.2419977165546
240,240,240,1,m,n,n,16,16,16,4,1,1,1,1,9.441279768943787,2928.4165575672832
240,240,240,1,m,n,n,16,16,16,5,1,1,1,1,9.54367995262146,2896.9957225363205
240,240,240,1,m,n,n,16,16,16,6,1,1,1,1,9.46175992488861,2922.0779452745933
256,256,256,1,m,n,n,16,16,16,3,1,1,1,1,10.035200119018555,3343.673429731428
256,256,256,1,m,n,n,16,16,16,3,1,1,1,2,10.465279817581177,3206.262286807672
256,256,256,1,m,n,n,16,16,16,3,1,1,1,4,13.680640459060669,2452.6945284770604
256,256,256,1,m,n,n,16,16,16,3,1,1,1,8,21.01248025894165,1596.881071939199
256,256,256,1,m,n,n,16,16,16,4,1,1,1,1,9.932799935340881,3378.1443518874676
256,256,256,1,m,n,n,16,16,16,4,1,1,1,2,10.465279817581177,3206.262286807672
256,256,256,1,m,n,n,16,16,16,4,1,1,1,4,13.619199991226196,2463.7594000834515
256,256,256,1,m,n,n,16,16,16,5,1,1,1,1,9.809920191764832,3420.4592233245753
256,256,256,1,m,n,n,16,16,16,5,1,1,1,2,10.52672028541565,3187.5485517068714
256,256,256,1,m,n,n,16,16,16,5,1,1,1,4,13.623679876327515,2462.94924019054
256,256,256,1,m,n,n,16,16,16,6,1,1,1,1,9.809920191764832,3420.4592233245753
256,256,256,1,m,n,n,16,16,16,6,1,1,1,2,10.383360385894775,3231.558065304355
256,256,256,1,m,n,n,16,16,32,3,1,1,1,1,10.01471996307373,3350.511259797766
256,256,256,1,m,n,n,16,16,32,3,1,1,1,2,10.4038405418396,3225.196682423098
256,256,256,1,m,n,n,16,16,32,3,1,1,1,4,13.598719835281372,2467.4699094060516
256,256,256,1,m,n,n,16,16,32,4,1,1,1,1,10.035200119018555,3343.673429731428
256,256,256,1,m,n,n,16,16,32,4,1,1,1,2,15.052800178527832,2229.1156198209515
256,256,256,1,m,n,n,16,16,32,5,1,1,1,1,10.158720016479492,3303.0176976595426
256,256,256,1,m,n,n,16,16,32,5,1,1,1,2,10.547200441360474,3181.3590901731122
256,256,256,1,m,n,n,16,16,32,6,1,1,1,1,10.199040174484253,3289.9597830730963
256,256,256,1,m,n,n,16,16,64,3,1,1,1,1,10.117119550704956,3316.599337571527
256,256,256,1,m,n,n,16,16,64,3,1,1,1,2,10.629760026931763,3156.6500010335
256,256,256,1,m,n,n,16,16,64,4,1,1,1,1,10.158079862594604,3303.2258511333894
256,256,256,1,m,n,n,16,16,64,5,1,1,1,1,10.301439762115479,3257.2565364503325
256,256,256,1,m,n,n,16,16,64,6,1,1,1,1,10.240000486373901,3276.7998443603587
256,256,256,1,m,n,n,16,16,128,3,1,1,1,1,10.424319505691528,3218.8606634399266
256,256,256,1,m,n,n,16,32,16,3,1,1,1,1,10.117119550704956,3316.599337571527
256,256,256,1,m,n,n,16,32,16,3,1,1,1,2,10.362880229949951,3237.9445921823663
256,256,256,1,m,n,n,16,32,16,3,1,1,1,4,12.738560438156128,2634.0835106841096
256,256,256,1,m,n,n,16,32,16,3,1,1,1,8,21.032960414886475,1595.326161325879
256,256,256,1,m,n,n,16,32,16,4,1,1,1,1,9.745280146598816,3443.1469896440867
256,256,256,1,m,n,n,16,32,16,4,1,1,1,2,15.319039821624756,2190.3743570555703
256,256,256,1,m,n,n,16,32,16,4,1,1,1,4,15.237120389938354,2202.150481278422
256,256,256,1,m,n,n,16,32,16,5,1,1,1,1,9.687039852142334,3463.8478329971235
256,256,256,1,m,n,n,16,32,16,5,1,1,1,2,15.296640396118164,2193.58180169517
256,256,256,1,m,n,n,16,32,16,5,1,1,1,4,12.861440181732178,2608.917160588224
256,256,256,1,m,n,n,16,32,16,6,1,1,1,1,15.360000133514404,2184.5333143446182
256,256,256,1,m,n,n,16,32,16,6,1,1,1,2,15.11423945426941,2220.0542807016122
256,256,256,1,m,n,n,16,32,32,3,1,1,1,1,9.912319779396057,3385.124042279881
256,256,256,1,m,n,n,16,32,32,3,1,1,1,2,10.321919918060303,3250.7936765998043
256,256,256,1,m,n,n,16,32,32,3,1,1,1,4,15.298559665679932,2193.3066075020406
256,256,256,1,m,n,n,16,32,32,4,1,1,1,1,15.134719610214233,2217.050124757814
256,256,256,1,m,n,n,16,32,32,4,1,1,1,2,10.465279817581177,3206.262286807672
256,256,256,1,m,n,n,16,32,32,5,1,1,1,1,9.994239807128906,3357.377113971747
256,256,256,1,m,n,n,16,32,32,5,1,1,1,2,14.602240324020386,2297.8961621939375
256,256,256,1,m,n,n,16,32,32,6,1,1,1,1,12.312320470809937,2725.2727931790673
256,256,256,1,m,n,n,16,32,64,3,1,1,1,1,9.912319779396057,3385.124042279881
256,256,256,1,m,n,n,16,32,64,3,1,1,1,2,10.99776029586792,3051.0241264857427
256,256,256,1,m,n,n,16,32,64,4,1,1,1,1,10.240000486373901,3276.7998443603587
256,256,256,1,m,n,n,16,32,64,5,1,1,1,1,10.629119873046875,3156.8401147762675
256,256,256,1,m,n,n,16,32,64,6,1,1,1,1,10.751999616622925,3120.7620160368874
256,256,256,1,m,n,n,16,32,128,3,1,1,1,1,10.60863971710205,3162.9344472795447
256,256,256,1,m,n,n,16,32,128,4,1,1,1,1,10.858880281448364,3090.0453021224844
256,256,256,1,m,n,n,16,64,16,3,1,1,1,1,11.407359838485718,2941.472213999539
256,256,256,1,m,n,n,16,64,16,3,1,1,1,2,10.830719470977783,3098.079688049639
256,256,256,1,m,n,n,16,64,16,3,1,1,1,4,15.237120389938354,2202.150481278422
256,256,256,1,m,n,n,16,64,16,3,1,1,1,8,21.278719902038574,1576.9008734771387
256,256,256,1,m,n,n,16,64,16,4,1,1,1,1,11.59168004989624,2894.6996341829117
256,256,256,1,m,n,n,16,64,16,4,1,1,1,2,10.833920240402222,3097.164392522264
256,256,256,1,m,n,n,16,64,16,4,1,1,1,4,15.09376049041748,2223.0664135225
256,256,256,1,m,n,n,16,64,16,5,1,1,1,1,11.658879518508911,2878.015159752794
256,256,256,1,m,n,n,16,64,16,5,1,1,1,2,15.134719610214233,2217.050124757814
256,256,256,1,m,n,n,16,64,16,5,1,1,1,4,15.33951997756958,2187.449936442954
256,256,256,1,m,n,n,16,64,16,6,1,1,1,1,15.380480289459229,2181.6244596078063
256,256,256,1,m,n,n,16,64,16,6,1,1,1,2,15.237120389938354,2202.150481278422
256,256,256,1,m,n,n,16,64,32,3,1,1,1,1,11.530239582061768,2910.1244394090904
256,256,256,1,m,n,n,16,64,32,3,1,1,1,2,10.915839672088623,3073.9212930909366
256,256,256,1,m,n,n,16,64,32,3,1,1,1,4,13.537280559539795,2478.6685813609747
256,256,256,1,m,n,n,16,64,32,4,1,1,1,1,11.796480417251587,2844.4443438340154
256,256,256,1,m,n,n,16,64,32,4,1,1,1,2,15.82784056663513,2119.962723830583
256,256,256,1,m,n,n,16,64,32,5,1,1,1,1,14.254080057144165,2354.022979068542
256,256,256,1,m,n,n,16,64,32,5,1,1,1,2,11.36512041091919,2952.404443314313
256,256,256,1,m,n,n,16,64,32,6,1,1,1,1,11.960320472717285,2805.4793411715928
256,256,256,1,m,n,n,16,64,64,3,1,1,1,1,11.716480255126953,2863.8662182968383
256,256,256,1,m,n,n,16,64,64,3,1,1,1,2,12.472319602966309,2690.3120725049175
256,256,256,1,m,n,n,16,64,64,4,1,1,1,1,11.898880004882812,2819.965575434884
256,256,256,1,m,n,n,16,64,64,4,1,1,1,2,15.319039821624756,2190.3743570555703
256,256,256,1,m,n,n,16,64,64,5,1,1,1,1,12.206079959869385,2748.9932976286236
256,256,256,1,m,n,n,16,64,64,6,1,1,1,1,12.349439859390259,2717.0812913013137
256,256,256,1,m,n,n,16,64,128,3,1,1,1,1,12.165119647979736,2758.2492380642057
256,256,256,1,m,n,n,16,64,128,4,1,1,1,1,12.533760070800781,2677.1241678839806
256,256,256,1,m,n,n,16,128,16,3,1,1,1,1,13.967360258102417,2402.3459966628407
256,256,256,1,m,n,n,16,128,16,3,1,1,1,2,12.902400493621826,2600.6348211394698
256,256,256,1,m,n,n,16,128,16,3,1,1,1,4,15.196160078048706,2208.086242028363
256,256,256,1,m,n,n,16,128,16,3,1,1,1,8,22.917120456695557,1464.164403350972
256,256,256,1,m,n,n,16,128,16,4,1,1,1,1,13.967360258102417,2402.3459966628407
256,256,256,1,m,n,n,16,128,16,4,1,1,1,2,11.759999990463257,2853.268029524735
256,256,256,1,m,n,n,16,128,16,4,1,1,1,4,15.21664023399353,2205.1143671676205
256,256,256,1,m,n,n,16,128,16,5,1,1,1,1,15.196160078048706,2208.086242028363
256,256,256,1,m,n,n,16,128,16,5,1,1,1,2,11.878399848937988,2824.827622131276
256,256,256,1,m,n,n,16,128,16,5,1,1,1,4,14.499839544296265,2314.124366514053
256,256,256,1,m,n,n,16,128,16,6,1,1,1,1,14.476799964904785,2317.807255839961
256,256,256,1,m,n,n,16,128,16,6,1,1,1,2,11.982719898223877,2800.2350288579773
256,256,256,1,m,n,n,16,128,16,6,1,1,1,4,14.643199443817139,2291.46861850385
256,256,256,1,m,n,n,16,128,32,3,1,1,1,1,14.704639911651611,2281.8941641278993
256,256,256,1,m,n,n,16,128,32,3,1,1,1,2,12.369920015335083,2712.5827780941445
256,256,256,1,m,n,n,16,128,32,3,1,1,1,4,14.74560022354126,2275.5555210584484
256,256,256,1,m,n,n,16,128,32,4,1,1,1,1,14.847999811172485,2259.8620977050205
256,256,256,1,m,n,n,16,128,32,4,1,1,1,2,15.278079509735107,2196.246719269873
256,256,256,1,m,n,n,16,128,32,5,1,1,1,1,15.360000133514404,2184.5333143446182
256,256,256,1,m,n,n,16,128,32,5,1,1,1,2,13.086719512939453,2564.006355207901
256,256,256,1,m,n,n,16,128,32,6,1,1,1,1,15.257600545883179,2199.194552190167
256,256,256,1,m,n,n,16,128,32,6,1,1,1,2,15.134719610214233,2217.050124757814
256,256,256,1,m,n,n,16,128,64,3,1,1,1,1,15.360000133514404,2184.5333143446182
256,256,256,1,m,n,n,16,128,64,3,1,1,1,2,13.126399517059326,2556.255579177824
256,256,256,1,m,n,n,16,128,64,4,1,1,1,1,15.9334397315979,2105.9126318755634
256,256,256,1,m,n,n,16,128,64,4,1,1,1,2,13.2915198802948,2524.499252319952
256,256,256,1,m,n,n,16,128,64,5,1,1,1,1,16.56831979751587,2025.2163411905474
256,256,256,1,m,n,n,16,128,64,5,1,1,1,2,13.63711953163147,2460.5219542272157
256,256,256,1,m,n,n,16,256,16,3,1,1,1,1,21.441280841827393,1564.9453149525666
256,256,256,1,m,n,n,16,256,16,3,1,1,1,2,15.56607961654663,2155.612256044989
256,256,256,1,m,n,n,16,256,16,3,1,1,1,4,15.831040143966677,2119.5342627431737
256,256,256,1,m,n,n,16,256,16,3,1,1,1,8,26.3372802734375,1274.027980552015
256,256,256,1,m,n,n,16,256,16,4,1,1,1,1,21.872639656066895,1534.0824211261986
256,256,256,1,m,n,n,16,256,16,4,1,1,1,2,15.81055998802185,2122.279794353962
256,256,256,1,m,n,n,16,256,16,4,1,1,1,4,15.912959575653074,2108.62296485303
256,256,256,1,m,n,n,16,256,16,4,1,1,1,8,26.688640117645264,1257.2552161552585
256,256,256,1,m,n,n,16,256,16,5,1,1,1,1,22.159359455108643,1514.2329392677605
256,256,256,1,m,n,n,16,256,16,5,1,1,1,2,16.179200410842896,2073.9239979691865
256,256,256,1,m,n,n,16,256,16,5,1,1,1,4,16.424959897994995,2042.8927807669115
256,256,256,1,m,n,n,16,256,16,5,1,1,1,8,26.48063898086548,1267.13075255646
256,256,256,1,m,n,n,16,256,16,6,1,1,1,1,22.44607925415039,1494.8905606218789
256,256,256,1,m,n,n,16,256,16,6,1,1,1,2,17.288960218429565,1940.801041593692
256,256,256,1,m,n,n,16,256,16,6,1,1,1,4,16.547839641571045,2027.72281619804
256,256,256,1,m,n,n,16,256,16,6,1,1,1,8,27.054080963134766,1240.272476663426
256,256,256,1,m,n,n,16,256,32,3,1,1,1,1,25.681920051574707,1306.539072336322
256,256,256,1,m,n,n,16,256,32,3,1,1,1,2,18.350080251693726,1828.571403490342
256,256,256,1,m,n,n,16,256,32,3,1,1,1,4,17.879040241241455,1876.7468246198268
256,256,256,1,m,n,n,16,256,32,4,1,1,1,1,26.316800117492676,1275.0194495605301
256,256,256,1,m,n,n,16,256,32,4,1,1,1,2,19.00544047355652,1765.517197388107
256,256,256,1,m,n,n,16,256,32,4,1,1,1,4,18.20672035217285,1842.9695931478127
256,256,256,1,m,n,n,16,256,32,5,1,1,1,1,27.053439617156982,1240.3018793484641
256,256,256,1,m,n,n,16,256,32,5,1,1,1,2,19.742720127105713,1699.5850512985564
256,256,256,1,m,n,n,16,256,32,5,1,1,1,4,18.534400463104248,1810.3866950968056
256,256,256,1,m,n,n,32,32,16,3,1,1,1,1,14.950400590896606,2244.383472937274
256,256,256,1,m,n,n,32,32,16,3,1,1,1,2,10.424319505691528,3218.8606634399266
256,256,256,1,m,n,n,32,32,16,3,1,1,1,4,15.21664023399353,2205.1143671676205
256,256,256,1,m,n,n,32,32,16,3,1,1,1,8,20.643839836120605,1625.3968382999021
256,256,256,1,m,n,n,32,32,16,3,2,2,1,8,21.50399923324585,1560.3810080184437
256,256,256,1,m,n,n,32,32,16,4,1,1,1,1,10.85055947303772,3092.414919560467
256,256,256,1,m,n,n,32,32,16,4,1,1,1,2,10.282880067825317,3263.1355980694893
256,256,256,1,m,n,n,32,32,16,4,1,1,1,4,15.260800123214722,2198.733469351782
256,256,256,1,m,n,n,32,32,16,4,2,2,1,4,15.134719610214233,2217.050124757814
256,256,256,1,m,n,n,32,32,16,5,1,1,1,1,10.772479772567749,3114.8289630997283
256,256,256,1,m,n,n,32,32,16,5,1,1,1,2,15.052800178527832,2229.1156198209515
256,256,256,1,m,n,n,32,32,16,5,1,1,1,4,13.434879779815674,2497.561016542298
256,256,256,1,m,n,n,32,32,16,5,2,2,1,4,14.99135971069336,2238.2514093144987
256,256,256,1,m,n,n,32,32,16,6,1,1,1,1,10.936319828033447,3068.164842252397
256,256,256,1,m,n,n,32,32,16,6,1,1,1,2,10.383360385894775,3231.558065304355
256,256,256,1,m,n,n,32,32,32,3,1,1,1,1,10.485759973526001,3200.000008079224
256,256,256,1,m,n,n,32,32,32,3,1,1,1,2,15.222400426864624,2204.27994659652
256,256,256,1,m,n,n,32,32,32,3,1,1,1,4,12.984319925308228,2584.227144203201
256,256,256,1,m,n,n,32,32,32,3,2,2,1,1,9.54367995262146,3515.8798457803755
256,256,256,1,m,n,n,32,32,32,3,2,2,1,2,9.625599980354309,3485.9574539232926
256,256,256,1,m,n,n,32,32,32,3,2,2,1,4,14.643199443817139,2291.46861850385
256,256,256,1,m,n,n,32,32,32,4,1,1,1,1,10.485759973526001,3200.000008079224
256,256,256,1,m,n,n,32,32,32,4,1,1,1,2,13.066240549087524,2568.0249704528255
256,256,256,1,m,n,n,32,32,32,4,2,2,1,1,15.503360033035278,2164.3328883868185
256,256,256,1,m,n,n,32,32,32,4,2,2,1,2,9.728000164031982,3449.2630997338133
256,256,256,1,m,n,n,32,32,32,5,1,1,1,1,15.155199766159058,2214.0540882163546
256,256,256,1,m,n,n,32,32,32,5,1,1,1,2,10.52672028541565,3187.5485517068714
256,256,256,1,m,n,n,32,32,32,5,2,2,1,1,9.42080020904541,3561.739051400603
256,256,256,1,m,n,n,32,32,32,5,2,2,1,2,9.832959771156311,3412.4447552839074
256,256,256,1,m,n,n,32,32,32,6,1,1,1,1,10.547200441360474,3181.3590901731122
256,256,256,1,m,n,n,32,32,32,6,2,2,1,1,9.379839897155762,3577.2926156420513
256,256,256,1,m,n,n,32,32,64,3,1,1,1,1,15.21664023399353,2205.1143671676205
256,256,256,1,m,n,n,32,32,64,3,1,1,1,2,15.21664023399353,2205.1143671676205
256,256,256,1,m,n,n,32,32,64,3,2,2,1,1,15.049599409103394,2229.5897111854797
256,256,256,1,m,n,n,32,32,64,3,2,2,1,2,15.380480289459229,2181.6244596078063
256,256,256,1,m,n,n,32,32,64,4,1,1,1,1,10.813440084457397,3103.0302787943647
256,256,256,1,m,n,n,32,32,64,4,2,2,1,1,9.400320053100586,3569.498890511974
256,256,256,1,m,n,n,32,32,64,5,1,1,1,1,10.833920240402222,3097.164392522264
256,256,256,1,m,n,n,32,32,64,5,2,2,1,1,8.888319730758667,3775.1153217275123
256,256,256,1,m,n,n,32,32,64,6,1,1,1,1,10.977280139923096,3056.71637894768
256,256,256,1,m,n,n,32,32,128,3,1,1,1,1,15.850880146026611,2116.8813145313698
256,256,256,1,m,n,n,32,32,128,3,2,2,1,1,9.052159786224365,3706.787417856162
256,256,256,1,m,n,n,32,32,128,4,1,1,1,1,11.018240451812744,3045.3530349738876
256,256,256,1,m,n,n,32,32,128,6,1,1,1,1,11.325440406799316,2962.7485373421187
256,256,256,1,m,n,n,32,64,16,3,1,1,1,1,13.332480192184448,2516.7434353039384
256,256,256,1,m,n,n,32,64,16,3,1,1,1,2,11.512320041656494,2914.654203373927
256,256,256,1,m,n,n,32,64,16,3,1,1,1,4,15.421439409255981,2175.830096629019
256,256,256,1,m,n,n,32,64,16,3,1,1,1,8,22.712318897247314,1477.3670690255556
256,256,256,1,m,n,n,32,64,16,4,1,1,1,1,11.736960411071777,2858.868976702626
256,256,256,1,m,n,n,32,64,16,4,1,1,1,2,13.352960348129272,2512.8833700686396
256,256,256,1,m,n,n,32,64,16,4,1,1,1,4,15.360000133514404,2184.5333143446182
256,256,256,1,m,n,n,32,64,16,5,1,1,1,1,11.83743953704834,2834.602186983316
256,256,256,1,m,n,n,32,64,16,5,1,1,1,2,10.219520330429077,3283.366627305412
256,256,256,1,m,n,n,32,64,16,5,1,1,1,4,13.784960508346558,2434.1333426151905
256,256,256,1,m,n,n,32,64,16,6,1,1,1,1,15.172480344772339,2211.5324085136244
256,256,256,1,m,n,n,32,64,16,6,1,1,1,2,10.219520330429077,3283.366627305412
256,256,256,1,m,n,n,32,64,32,3,1,1,1,1,12.18559980392456,2753.613489685857
256,256,256,1,m,n,n,32,64,32,3,1,1,1,2,10.588159561157227,3169.0523557176816
256,256,256,1,m,n,n,32,64,32,3,1,1,1,4,14.213119745254517,2360.8069587398763
256,256,256,1,m,n,n,32,64,32,3,2,2,1,1,9.707520008087158,3456.540081508605
256,256,256,1,m,n,n,32,64,32,3,2,2,1,2,9.748479723930359,3442.0169041980257
256,256,256,1,m,n,n,32,64,32,3,2,2,1,4,15.257600545883179,2199.194552190167
256,256,256,1,m,n,n,32,64,32,4,1,1,1,1,16.383999586105347,2048.000051736833
256,256,256,1,m,n,n,32,64,32,4,1,1,1,2,15.011839866638184,2235.1978370466272
256,256,256,1,m,n,n,32,64,32,4,2,2,1,1,15.294719934463501,2193.8572359466352
256,256,256,1,m,n,n,32,64,32,4,2,2,1,2,9.789440035820007,3427.615050219707
256,256,256,1,m,n,n,32,64,32,5,1,1,1,1,15.380480289459229,2181.6244596078063
256,256,256,1,m,n,n,32,64,32,5,1,1,1,2,12.206079959869385,2748.9932976286236
256,256,256,1,m,n,n,32,64,32,5,2,2,1,1,15.233279466629028,2202.705732111489
256,256,256,1,m,n,n,32,64,32,5,2,2,1,2,9.748479723930359,3442.0169041980257
256,256,256,1,m,n,n,32,64,32,6,1,1,1,1,14.27456021308899,2350.645589013133
256,256,256,1,m,n,n,32,64,32,6,1,1,1,2,12.165119647979736,2758.2492380642057
256,256,256,1,m,n,n,32,64,32,6,2,2,1,1,14.92799997329712,2247.75134378493
256,256,256,1,m,n,n,32,64,64,3,1,1,1,1,13.578239679336548,2471.191611904108
256,256,256,1,m,n,n,32,64,64,3,1,1,1,2,12.165119647979736,2758.2492380642057
256,256,256,1,m,n,n,32,64,64,3,2,2,1,1,15.380480289459229,2181.6244596078063
256,256,256,1,m,n,n,32,64,64,3,2,2,1,2,10.117119550704956,3316.599337571527
256,256,256,1,m,n,n,32,64,64,4,1,1,1,1,13.844480514526367,2423.6685489782662
256,256,256,1,m,n,n,32,64,64,4,1,1,1,2,12.043520212173462,2786.098367326485
256,256,256,1,m,n,n,32,64,64,4,2,2,1,1,15.646719932556154,2144.502627044742
256,256,256,1,m,n,n,32,64,64,5,1,1,1,1,14.213119745254517,2360.8069587398763
256,256,256,1,m,n,n,32,64,64,5,1,1,1,2,12.247040271759033,2739.7992703081563
256,256,256,1,m,n,n,32,64,64,5,2,2,1,1,14.99135971069336,2238.2514093144987
256,256,256,1,m,n,n,32,64,64,6,1,1,1,1,14.397439956665039,2330.583221808581
256,256,256,1,m,n,n,32,64,64,6,2,2,1,1,9.97376024723053,3364.270963834051
256,256,256,1,m,n,n,32,64,128,3,1,1,1,1,14.479360580444336,2317.3973611319716
256,256,256,1,m,n,n,32,64,128,3,2,2,1,1,10.158079862594604,3303.2258511333894
256,256,256,1,m,n,n,32,64,128,4,1,1,1,1,14.704639911651611,2281.8941641278993
256,256,256,1,m,n,n,32,128,16,3,1,1,1,1,19.578880071640015,1713.8075251098535
256,256,256,1,m,n,n,32,128,16,3,1,1,1,2,14.86847996711731,2256.749316285726
256,256,256,1,m,n,n,32,128,16,3,1,1,1,4,15.11423945426941,2220.0542807016122
256,256,256,1,m,n,n,32,128,16,3,1,1,1,8,25.292799472808838,1326.639703765211
256,256,256,1,m,n,n,32,128,16,4,1,1,1,1,17.612799406051636,1905.116343315131
256,256,256,1,m,n,n,32,128,16,4,1,1,1,2,15.21664023399353,2205.1143671676205
256,256,256,1,m,n,n,32,128,16,4,1,1,1,4,15.421439409255981,2175.830096629019
256,256,256,1,m,n,n,32,128,16,5,1,1,1,1,17.756160497665405,1889.7346644513473
256,256,256,1,m,n,n,32,128,16,5,1,1,1,2,13.28768014907837,2525.228755022925
256,256,256,1,m,n,n,32,128,16,5,1,1,1,4,15.831040143966677,2119.5342627431737
256,256,256,1,m,n,n,32,128,16,6,1,1,1,1,17.920000553131104,1872.4570850605887
256,256,256,1,m,n,n,32,128,16,6,1,1,1,2,13.454079627990723,2493.99683425325
256,256,256,1,m,n,n,32,128,16,6,1,1,1,4,15.441919565200806,2172.944358265971
256,256,256,1,m,n,n,32,128,32,3,1,1,1,1,16.95744037628174,1978.7439174447795
256,256,256,1,m,n,n,32,128,32,3,1,1,1,2,13.434879779815674,2497.561016542298
256,256,256,1,m,n,n,32,128,32,3,1,1,1,4,15.646719932556154,2144.502627044742
256,256,256,1,m,n,n,32,128,32,3,2,2,1,1,11.448320150375366,2930.9480831473625
256,256,256,1,m,n,n,32,128,32,3,2,2,1,2,15.526399612426758,2161.1212410856842
256,256,256,1,m,n,n,32,128,32,3,2,2,1,4,16.58560037612915,2023.1062632072858
256,256,256,1,m,n,n,32,128,32,4,1,1,1,1,19.763200283050537,1697.8238098804877
256,256,256,1,m,n,n,32,128,32,4,1,1,1,2,15.33951997756958,2187.449936442954
256,256,256,1,m,n,n,32,128,32,4,2,2,1,1,15.421439409255981,2175.830096629019
256,256,256,1,m,n,n,32,128,32,4,2,2,1,2,10.52672028541565,3187.5485517068714
256,256,256,1,m,n,n,32,128,32,5,1,1,1,1,20.131840705871582,1666.7344278267426
256,256,256,1,m,n,n,32,128,32,5,1,1,1,2,15.667200088500977,2141.6993343071845
256,256,256,1,m,n,n,32,128,32,5,2,2,1,1,11.612160205841064,2889.5943050391
256,256,256,1,m,n,n,32,128,32,5,2,2,1,2,10.588159561157227,3169.0523557176816
256,256,256,1,m,n,n,32,128,32,6,1,1,1,1,20.439040660858154,1641.683313652706
256,256,256,1,m,n,n,32,128,32,6,1,1,1,2,15.831040143966677,2119.5342627431737
256,256,256,1,m,n,n,32,128,32,6,2,2,1,1,15.196160078048706,2208.086242028363
256,256,256,1,m,n,n,32,128,32,6,2,2,1,2,10.631680488586426,3156.0797971705556
256,256,256,1,m,n,n,32,128,64,3,1,1,1,1,20.125439167022705,1667.2645859565575
256,256,256,1,m,n,n,32,128,64,3,1,1,1,2,15.81055998802185,2122.279794353962
256,256,256,1,m,n,n,32,128,64,3,2,2,1,1,11.898880004882812,2819.965575434884
256,256,256,1,m,n,n,32,128,64,3,2,2,1,2,11.059199571609497,3034.0741916023376
256,256,256,1,m,n,n,32,128,64,4,1,1,1,1,20.91007947921753,1604.7013132278937
256,256,256,1,m,n,n,32,128,64,4,1,1,1,2,16.302080154418945,2058.291437789583
256,256,256,1,m,n,n,32,128,64,4,2,2,1,1,15.237120389938354,2202.150481278422
256,256,256,1,m,n,n,32,256,16,3,1,1,1,1,40.77568054199219,822.903052848977
256,256,256,1,m,n,n,32,256,16,3,1,1,1,2,25.868160724639893,1297.1325003419665
256,256,256,1,m,n,n,32,256,16,3,1,1,1,4,20.25279998779297,1656.7799030368328
256,256,256,1,m,n,n,32,256,16,3,1,1,1,8,25.907199382781982,1295.1778964692107
256,256,256,1,m,n,n,32,256,16,3,1,1,1,16,55.459837913513184,605.0221793350071
256,256,256,1,m,n,n,32,256,16,4,1,1,1,1,35.79904079437256,937.2997503685797
256,256,256,1,m,n,n,32,256,16,4,1,1,1,2,26.5830397605896,1262.249626159976
256,256,256,1,m,n,n,32,256,16,4,1,1,1,4,20.746240615844727,1617.3740882178506
256,256,256,1,m,n,n,32,256,16,4,1,1,1,8,26.23487949371338,1279.0008053225706
256,256,256,1,m,n,n,32,256,16,4,1,1,1,16,55.56608200073242,603.8653579994666
256,256,256,1,m,n,n,32,256,16,5,1,1,1,1,36.024320125579834,931.4383139787269
256,256,256,1,m,n,n,32,256,16,5,1,1,1,2,26.93120002746582,1245.9315576646964
256,256,256,1,m,n,n,32,256,16,5,1,1,1,4,21.073920726776123,1592.2254067021508
256,256,256,1,m,n,n,32,256,16,5,1,1,1,8,26.419200897216797,1270.0774762470157
256,256,256,1,m,n,n,32,256,16,5,1,1,1,16,55.86944103240967,600.5864991657102
256,256,256,1,m,n,n,32,256,16,6,1,1,1,1,36.35456085205078,922.9772334908339
256,256,256,1,m,n,n,32,256,16,6,1,1,1,2,27.258880138397217,1230.9541635474154
256,256,256,1,m,n,n,32,256,16,6,1,1,1,4,21.2172794342041,1581.4672236397723
256,256,256,1,m,n,n,32,256,16,6,1,1,1,8,26.586239337921143,1262.0977180529558
256,256,256,1,m,n,n,32,256,16,6,1,1,1,16,59.02336120605469,568.4940897021966
256,256,256,1,m,n,n,32,256,32,3,1,1,1,1,38.855040073394775,863.5799097521905
256,256,256,1,m,n,n,32,256,32,3,1,1,1,2,28.50816011428833,1177.011489534271
256,256,256,1,m,n,n,32,256,32,3,1,1,1,4,22.405118942260742,1497.6234710680033
256,256,256,1,m,n,n,32,256,32,3,2,2,1,1,15.7695996761322,2127.7922514916927
256,256,256,1,m,n,n,32,256,32,3,2,2,1,2,15.360000133514404,2184.5333143446182
256,256,256,1,m,n,n,32,256,32,3,2,2,1,4,17.367039918899536,1932.075480720504
256,256,256,1,m,n,n,32,256,32,4,1,1,1,1,73.15904140472412,458.65051476512764
256,256,256,1,m,n,n,32,256,32,4,1,1,1,2,40.5299186706543,827.8929023436482
256,256,256,1,m,n,n,32,256,32,4,1,1,1,4,28.40575933456421,1181.2545338005057
256,256,256,1,m,n,n,32,256,32,4,2,2,1,1,15.319039821624756,2190.3743570555703
256,256,256,1,m,n,n,32,256,32,4,2,2,1,2,13.821439743041992,2427.7088801036098
256,256,256,1,m,n,n,32,256,32,5,1,1,1,1,73.66655826568604,455.4906974068543
256,256,256,1,m,n,n,32,256,32,5,1,1,1,2,41.12383842468262,815.9362862358821
256,256,256,1,m,n,n,32,256,32,5,1,1,1,4,28.770558834075928,1166.2766856046621
256,256,256,1,m,n,n,32,256,32,5,2,2,1,1,15.237120389938354,2202.150481278422
256,256,256,1,m,n,n,32,256,32,5,2,2,1,2,13.926399946212769,2409.4117740116317
256,256,256,1,m,n,n,64,64,16,3,1,1,1,1,18.575359582901,1806.3947483895572
256,256,256,1,m,n,n,64,64,16,3,1,1,1,2,14.090240001678467,2381.395348553531
256,256,256,1,m,n,n,64,64,16,3,1,1,1,4,14.950400590896606,2244.383472937274
256,256,256,1,m,n,n,64,64,16,3,1,1,1,8,24.944000244140625,1345.1904935689686
256,256,256,1,m,n,n,64,64,16,3,2,2,1,1,11.653120517730713,2879.437481912722
256,256,256,1,m,n,n,64,64,16,3,2,2,1,2,10.366079807281494,3236.94517347148
256,256,256,1,m,n,n,64,64,16,3,2,2,1,4,16.117759943008423,2081.8297405251574
256,256,256,1,m,n,n,64,64,16,3,2,2,1,8,24.289278984069824,1381.450310732021
256,256,256,1,m,n,n,64,64,16,4,1,1,1,1,18.677760362625122,1796.491193191644
256,256,256,1,m,n,n,64,64,16,4,1,1,1,2,14.090240001678467,2381.395348553531
256,256,256,1,m,n,n,64,64,16,4,1,1,1,4,14.704639911651611,2281.8941641278993
256,256,256,1,m,n,n,64,64,16,4,2,2,1,1,11.59168004989624,2894.6996341829117
256,256,256,1,m,n,n,64,64,16,4,2,2,1,2,10.674560070037842,3143.401861982407
256,256,256,1,m,n,n,64,64,16,4,2,2,1,4,16.138240098953247,2079.1878045101334
256,256,256,1,m,n,n,64,64,16,5,1,1,1,1,18.821120262145996,1782.8073745156607
256,256,256,1,m,n,n,64,64,16,5,1,1,1,2,14.417920112609863,2327.2727090957737
256,256,256,1,m,n,n,64,64,16,5,1,1,1,4,15.196160078048706,2208.086242028363
256,256,256,1,m,n,n,64,64,16,5,2,2,1,1,15.380480289459229,2181.6244596078063
256,256,256,1,m,n,n,64,64,16,5,2,2,1,2,10.655360221862793,3149.065944401638
256,256,256,1,m,n,n,64,64,16,5,2,2,1,4,16.302080154418945,2058.291437789583
256,256,256,1,m,n,n,64,64,16,6,1,1,1,1,18.862080574035645,1778.9358850576075
256,256,256,1,m,n,n,64,64,16,6,1,1,1,2,14.280320405960083,2349.6974189735693
256,256,256,1,m,n,n,64,64,16,6,1,1,1,4,14.74560022354126,2275.5555210584484
256,256,256,1,m,n,n,64,64,16,6,2,2,1,1,11.694079637527466,2869.35210294964
256,256,256,1,m,n,n,64,64,16,6,2,2,1,2,10.567679405212402,3175.193977161118
256,256,256,1,m,n,n,64,64,32,3,1,1,1,1,18.554879426956177,1808.3885768210791
256,256,256,1,m,n,n,64,64,32,3,1,1,1,2,14.417920112609863,2327.2727090957737
256,256,256,1,m,n,n,64,64,32,3,1,1,1,4,15.278079509735107,2196.246719269873
256,256,256,1,m,n,n,64,64,32,3,2,2,1,1,11.059199571609497,3034.0741916023376
256,256,256,1,m,n,n,64,64,32,3,2,2,1,2,10.362880229949951,3237.9445921823663
256,256,256,1,m,n,n,64,64,32,3,2,2,1,4,16.299519538879395,2058.614790452093
256,256,256,1,m,n,n,64,64,32,4,1,1,1,1,18.718719482421875,1792.5602246195233
256,256,256,1,m,n,n,64,64,32,4,1,1,1,2,15.58527946472168,2152.956709948814
256,256,256,1,m,n,n,64,64,32,4,2,2,1,1,11.079679727554321,3028.465878535521
256,256,256,1,m,n,n,64,64,32,4,2,2,1,2,18.042880296707153,1859.7048502352325
256,256,256,1,m,n,n,64,64,32,5,1,1,1,1,18.882559537887573,1777.0065510808283
256,256,256,1,m,n,n,64,64,32,5,1,1,1,2,14.540799856185913,2307.6056566259213
256,256,256,1,m,n,n,64,64,32,5,2,2,1,1,11.079679727554321,3028.465878535521
256,256,256,1,m,n,n,64,64,32,5,2,2,1,2,10.485759973526001,3200.000008079224
256,256,256,1,m,n,n,64,64,32,6,1,1,1,1,19.04639959335327,1761.7204677208222
256,256,256,1,m,n,n,64,64,32,6,1,1,1,2,14.602240324020386,2297.8961621939375
256,256,256,1,m,n,n,64,64,32,6,2,2,1,1,11.12064003944397,3017.3112231836717
256,256,256,1,m,n,n,64,64,64,3,1,1,1,1,19.066879749298096,1759.828164922225
256,256,256,1,m,n,n,64,64,64,3,1,1,1,2,15.032320022583008,2232.1525852025025
256,256,256,1,m,n,n,64,64,64,3,2,2,1,1,11.018240451812744,3045.3530349738876
256,256,256,1,m,n,n,64,64,64,3,2,2,1,2,10.424319505691528,3218.8606634399266
256,256,256,1,m,n,n,64,64,64,4,1,1,1,1,19.39903974533081,1729.6955127934245
256,256,256,1,m,n,n,64,64,64,4,1,1,1,2,15.0547194480896,2228.8314382542653
256,256,256,1,m,n,n,64,64,64,4,2,2,1,1,10.99776029586792,3051.0241264857427
256,256,256,1,m,n,n,64,64,64,5,1,1,1,1,19.701759815216064,1703.1185190921492
256,256,256,1,m,n,n,64,64,64,5,1,1,1,2,15.21664023399353,2205.1143671676205
256,256,256,1,m,n,n,64,64,64,5,2,2,1,1,11.161600351333618,3006.2384374827416
256,256,256,1,m,n,n,64,64,64,6,1,1,1,1,19.84511971473694,1690.8152977823843
256,256,256,1,m,n,n,64,64,64,6,1,1,1,2,15.380480289459229,2181.6244596078063
256,256,256,1,m,n,n,64,64,64,6,2,2,1,1,11.100159883499146,3022.8782605086685
256,256,256,1,m,n,n,64,64,128,3,1,1,1,1,20.45952081680298,1640.0399745649195
256,256,256,1,m,n,n,64,64,128,3,1,1,1,2,16.01151943206787,2095.643211274327
256,256,256,1,m,n,n,64,64,128,3,2,2,1,1,11.673599481582642,2874.38609256199
256,256,256,1,m,n,n,64,128,16,3,1,1,1,1,38.56384038925171,870.1008940321228
256,256,256,1,m,n,n,64,128,16,3,1,1,1,2,23.349759578704834,1437.0354387118364
256,256,256,1,m,n,n,64,128,16,3,1,1,1,4,18.780159950256348,1786.6957517335727
256,256,256,1,m,n,n,64,128,16,3,1,1,1,8,24.51456069946289,1368.7551823327258
256,256,256,1,m,n,n,64,128,16,3,1,1,1,16,54.333438873291016,617.5650335376533
256,256,256,1,m,n,n,64,128,16,3,2,2,1,1,14.520319700241089,2310.8604144193105
256,256,256,1,m,n,n,64,128,16,3,2,2,1,2,12.51263976097107,2681.642933944415
256,256,256,1,m,n,n,64,128,16,3,2,2,1,4,16.629760265350342,2017.7339579521054
256,256,256,1,m,n,n,64,128,16,3,2,2,1,8,24.416000843048096,1374.280424369901
256,256,256,1,m,n,n,64,128,16,4,1,1,1,1,38.748159408569336,865.9619582492809
256,256,256,1,m,n,n,64,128,16,4,1,1,1,2,23.57248067855835,1423.4578217523488
256,256,256,1,m,n,n,64,128,16,4,1,1,1,4,18.96448016166687,1769.3304384806695
256,256,256,1,m,n,n,64,128,16,4,1,1,1,8,24.637439250946045,1361.9285534600176
256,256,256,1,m,n,n,64,128,16,4,1,1,1,16,54.35391902923584,617.3323395862545
256,256,256,1,m,n,n,64,128,16,4,2,2,1,1,14.479360580444336,2317.3973611319716
256,256,256,1,m,n,n,64,128,16,4,2,2,1,2,12.513279914855957,2681.5057465599943
256,256,256,1,m,n,n,64,128,16,4,2,2,1,4,16.711679697036743,2007.843173654756
256,256,256,1,m,n,n,64,128,16,5,1,1,1,1,38.91200065612793,862.3157749334533
256,256,256,1,m,n,n,64,128,16,5,1,1,1,2,23.715839385986328,1414.853231795257
256,256,256,1,m,n,n,64,128,16,5,1,1,1,4,19.12832021713257,1754.175568952807
256,256,256,1,m,n,n,64,128,16,5,1,1,1,8,24.719359874725342,1357.415085586751
256,256,256,1,m,n,n,64,128,16,5,1,1,1,16,54.29247856140137,618.0309480999666
256,256,256,1,m,n,n,64,128,16,5,2,2,1,1,14.499839544296265,2314.124366514053
256,256,256,1,m,n,n,64,128,16,5,2,2,1,2,12.515840530395508,2680.9571373581302
256,256,256,1,m,n,n,64,128,16,5,2,2,1,4,16.8723201751709,1988.7266037885113
256,256,256,1,m,n,n,64,128,16,6,1,1,1,1,39.01439905166626,860.052514343853
256,256,256,1,m,n,n,64,128,16,6,1,1,1,2,23.894400596618652,1404.2801310005812
256,256,256,1,m,n,n,64,128,16,6,1,1,1,4,19.271680116653442,1741.1264506722614
256,256,256,1,m,n,n,64,128,16,6,1,1,1,8,24.720640182495117,1357.344783641977
256,256,256,1,m,n,n,64,128,16,6,1,1,1,16,54.41535949707031,616.6353086724815
256,256,256,1,m,n,n,64,128,16,6,2,2,1,1,14.561280012130737,2304.3600543390703
256,256,256,1,m,n,n,64,128,16,6,2,2,1,2,12.568960189819336,2669.626722756157
256,256,256,1,m,n,n,64,128,32,3,1,1,1,1,50.85184097290039,659.8469466991686
256,256,256,1,m,n,n,64,128,32,3,1,1,1,2,30.986239910125732,1082.881695143496
256,256,256,1,m,n,n,64,128,32,3,1,1,1,4,23.633921146392822,1419.7572968174736
256,256,256,1,m,n,n,64,128,32,3,2,2,1,1,14.331519603729248,2341.303150523459
256,256,256,1,m,n,n,64,128,32,3,2,2,1,2,12.720639705657959,2637.7943858495946
256,256,256,1,m,n,n,64,128,32,3,2,2,1,4,16.87872052192688,1987.9724862088906
256,256,256,1,m,n,n,64,128,32,4,1,1,1,1,51.15903854370117,655.8847264366993
256,256,256,1,m,n,n,64,128,32,4,1,1,1,2,31.641600131988522,1060.453070010125
256,256,256,1,m,n,n,64,128,32,4,1,1,1,4,23.367679119110107,1435.933445891901
256,256,256,1,m,n,n,64,128,32,4,2,2,1,1,14.335999488830566,2340.5715120276654
256,256,256,1,m,n,n,64,128,32,4,2,2,1,2,12.656639814376831,2651.1327249658407
256,256,256,1,m,n,n,64,128,32,5,1,1,1,1,41.08287811279297,816.7497882664493
256,256,256,1,m,n,n,64,128,32,5,1,1,1,2,26.21119976043701,1280.156280776083
256,256,256,1,m,n,n,64,128,32,5,1,1,1,4,20.80319881439209,1612.945792585818
256,256,256,1,m,n,n,64,128,32,5,2,2,1,1,14.335999488830566,2340.5715120276654
256,256,256,1,m,n,n,64,128,32,5,2,2,1,2,12.677119970321655,2646.8497638701942
256,256,256,1,m,n,n,64,128,32,6,1,1,1,1,51.773438453674316,648.1012851797304
256,256,256,1,m,n,n,64,128,32,6,1,1,1,2,31.493759155273438,1065.4311489005438
256,256,256,1,m,n,n,64,128,32,6,1,1,1,4,23.695359230041504,1416.0761047867527
256,256,256,1,m,n,n,64,128,32,6,2,2,1,1,14.479360580444336,2317.3973611319716
256,256,256,1,m,n,n,64,128,64,3,1,1,1,1,56.09471797943115,598.1745377934471
256,256,256,1,m,n,n,64,128,64,3,1,1,1,2,35.02079963684082,958.1286649063762
256,256,256,1,m,n,n,64,128,64,3,2,2,1,1,14.540799856185913,2307.6056566259213
256,256,256,1,m,n,n,64,128,64,3,2,2,1,2,13.0457603931427,2572.0564374030178
256,256,256,1,m,n,n,64,128,64,4,1,1,1,1,54.16959762573242,619.4329193994325
256,256,256,1,m,n,n,64,128,64,4,2,2,1,1,15.21664023399353,2205.1143671676205
256,256,256,1,m,n,n,64,256,16,3,1,1,1,1,104.1817569732666,322.07588905042354
256,256,256,1,m,n,n,64,256,16,3,1,1,1,2,60.47743797302246,554.8256196793229
256,256,256,1,m,n,n,64,256,16,3,1,1,1,4,40.48895835876465,828.730433188249
256,256,256,1,m,n,n,64,256,16,3,1,1,1,8,35.32799959182739,949.7971124230403
256,256,256,1,m,n,n,64,256,16,3,1,1,1,16,62.218241691589355,539.3021578193502
256,256,256,1,m,n,n,64,256,16,3,2,2,1,1,20.541439056396484,1633.4995765328986
256,256,256,1,m,n,n,64,256,16,3,2,2,1,2,16.588799953460693,2022.7160550573765
256,256,256,1,m,n,n,64,256,16,3,2,2,1,4,23.86496067047119,1406.01245748198
256,256,256,1,m,n,n,64,256,16,3,2,2,1,8,24.883201122283936,1348.4773054360205
256,256,256,1,m,n,n,64,256,16,4,1,1,1,1,104.42751884460449,321.31790902675147
256,256,256,1,m,n,n,64,256,16,4,1,1,1,2,61.030402183532715,549.7986380475418
256,256,256,1,m,n,n,64,256,16,4,1,1,1,4,40.75520038604736,823.3165751158333
256,256,256,1,m,n,n,64,256,16,4,1,1,1,8,35.22559881210327,952.5581716575655
256,256,256,1,m,n,n,64,256,16,4,1,1,1,16,62.218241691589355,539.3021578193502
256,256,256,1,m,n,n,64,256,16,4,2,2,1,1,20.56191921234131,1631.8725724717642
256,256,256,1,m,n,n,64,256,16,4,2,2,1,2,16.574079990386963,2024.5124929686424
256,256,256,1,m,n,n,64,256,16,4,2,2,1,4,23.92064094543457,1402.7396705857964
256,256,256,1,m,n,n,64,256,16,5,1,1,1,1,95.21151542663574,352.4198921700288
256,256,256,1,m,n,n,64,256,16,5,1,1,1,2,55.5244779586792,604.3178294259857
256,256,256,1,m,n,n,64,256,16,5,1,1,1,4,38.62720012664795,868.6736778742509
256,256,256,1,m,n,n,64,256,16,5,1,1,1,8,33.91488075256348,989.3719587223898
256,256,256,1,m,n,n,64,256,16,5,1,1,1,16,62.48447895050049,537.0042699176774
256,256,256,1,m,n,n,64,256,16,5,2,2,1,1,20.705280303955078,1620.5736656262754
256,256,256,1,m,n,n,64,256,16,5,2,2,1,2,16.791679859161377,1998.277258823097
256,256,256,1,m,n,n,64,256,16,5,2,2,1,4,23.936638832092285,1401.8021592494001
256,256,256,1,m,n,n,64,256,16,6,1,1,1,1,95.70688247680664,350.5958101616307
256,256,256,1,m,n,n,64,256,16,6,1,1,1,2,55.459837913513184,605.0221793350071
256,256,256,1,m,n,n,64,256,16,6,1,1,1,4,38.83008003234863,864.1350203771512
256,256,256,1,m,n,n,64,256,16,6,1,1,1,8,34.07871961593628,984.6153957119004
256,256,256,1,m,n,n,64,256,16,6,1,1,1,16,62.44351863861084,537.3565220466646
256,256,256,1,m,n,n,64,256,16,6,2,2,1,1,20.76672077178955,1615.7790326521774
256,256,256,1,m,n,n,64,256,16,6,2,2,1,2,16.91648006439209,1983.535101408569
256,256,256,1,m,n,n,64,256,16,6,2,2,1,4,23.92064094543457,1402.7396705857964
256,256,256,1,m,n,n,64,256,32,3,1,1,1,1,113.70495796203613,295.10086984248454
256,256,256,1,m,n,n,64,256,32,3,1,1,1,2,65.41183948516846,512.9718452208971
256,256,256,1,m,n,n,64,256,32,3,1,1,1,4,43.56095790863037,770.2868258861714
256,256,256,1,m,n,n,64,256,32,3,1,1,1,8,36.88447952270508,909.7168357586505
256,256,256,1,m,n,n,64,256,32,3,2,2,1,1,20.582399368286133,1630.2488062544105
256,256,256,1,m,n,n,64,256,32,3,2,2,1,2,16.895999908447266,1985.9394047004137
256,256,256,1,m,n,n,64,256,32,3,2,2,1,4,24.453120231628418,1372.1942918597222
256,256,256,1,m,n,n,64,256,32,4,1,1,1,1,123.5968017578125,271.48301188043513
256,256,256,1,m,n,n,64,256,32,4,1,1,1,2,71.65952205657959,468.2480574389921
256,256,256,1,m,n,n,64,256,32,4,1,1,1,4,47.575039863586426,705.294879336135
256,256,256,1,m,n,n,64,256,32,4,1,1,1,8,39.56736087799072,848.033107476334
256,256,256,1,m,n,n,64,256,32,4,2,2,1,1,20.56191921234131,1631.8725724717642
256,256,256,1,m,n,n,64,256,32,4,2,2,1,2,17.019519805908203,1971.526364001869
256,256,256,1,m,n,n,128,128,16,3,1,1,1,1,94.1260814666748,356.48389348790533
256,256,256,1,m,n,n,128,128,16,3,1,1,1,2,54.128642082214355,619.9016030927802
256,256,256,1,m,n,n,128,128,16,3,1,1,1,4,36.63872003555298,915.8188923477653
256,256,256,1,m,n,n,128,128,16,3,1,1,1,8,32.64512062072754,1027.8544346592216
256,256,256,1,m,n,n,128,128,16,3,1,1,1,16,59.24863815307617,566.3325444427597
256,256,256,1,m,n,n,128,128,16,3,2,2,1,1,20.417919158935547,1643.3815678673352
256,256,256,1,m,n,n,128,128,16,3,2,2,1,2,16.44544005393982,2040.3486857112948
256,256,256,1,m,n,n,128,128,16,3,2,2,1,4,23.838720321655273,1407.56011846487
256,256,256,1,m,n,n,128,128,16,3,2,2,1,8,24.802560806274414,1352.8615961103335
256,256,256,1,m,n,n,128,128,16,4,1,1,1,1,94.2899227142334,355.8644554380872
256,256,256,1,m,n,n,128,128,16,4,1,1,1,2,54.31295871734619,617.797902976027
256,256,256,1,m,n,n,128,128,16,4,1,1,1,4,36.80255889892578,911.7418191532169
256,256,256,1,m,n,n,128,128,16,4,1,1,1,8,32.76799917221069,1024.0000258684165
256,256,256,1,m,n,n,128,128,16,4,1,1,1,16,59.63776111602783,562.6373521084806
256,256,256,1,m,n,n,128,128,16,4,2,2,1,1,20.37760019302368,1646.6331502316666
256,256,256,1,m,n,n,128,128,16,4,2,2,1,2,16.465920209884644,2037.810919298453
256,256,256,1,m,n,n,128,128,16,4,2,2,1,4,23.875839710235596,1405.371807116597
256,256,256,1,m,n,n,128,128,16,5,1,1,1,1,94.24896240234375,356.019113046125
256,256,256,1,m,n,n,128,128,16,5,1,1,1,2,54.49728012084961,615.7083789428002
256,256,256,1,m,n,n,128,128,16,5,1,1,1,4,36.966400146484375,907.7008274280431
256,256,256,1,m,n,n,128,128,16,5,1,1,1,8,32.80895948410034,1022.7216140841323
256,256,256,1,m,n,n,128,128,16,5,1,1,1,16,59.310078620910645,565.7458695084226
256,256,256,1,m,n,n,128,128,16,5,2,2,1,1,20.4748797416687,1638.8097231024478
256,256,256,1,m,n,n,128,128,16,5,2,2,1,2,16.547839641571045,2027.72281619804
256,256,256,1,m,n,n,128,128,16,5,2,2,1,4,23.92064094543457,1402.7396705857964
256,256,256,1,m,n,n,128,128,16,6,1,1,1,1,94.43327903747559,355.3242283018047
256,256,256,1,m,n,n,128,128,16,6,1,1,1,2,54.64064121246338,614.0929398966557
256,256,256,1,m,n,n,128,128,16,6,1,1,1,4,37.04832077026367,905.6937346248634
256,256,256,1,m,n,n,128,128,16,6,1,1,1,8,32.95232057571411,1018.2722009790608
256,256,256,1,m,n,n,128,128,16,6,1,1,1,16,59.43295955657959,564.5761585885103
256,256,256,1,m,n,n,128,128,16,6,2,2,1,1,20.55743932723999,1632.2281907717038
256,256,256,1,m,n,n,128,128,16,6,2,2,1,2,16.609280109405518,2020.2219349048592
256,256,256,1,m,n,n,128,128,32,3,1,1,1,1,108.3187198638916,309.7750051160407
256,256,256,1,m,n,n,128,128,32,3,1,1,1,2,61.89055919647217,542.1575186205887
256,256,256,1,m,n,n,128,128,32,3,1,1,1,4,41.69727802276611,804.7151658599817
256,256,256,1,m,n,n,128,128,32,3,1,1,1,8,37.068800926208496,905.1933475484028
256,256,256,1,m,n,n,128,128,32,3,2,2,1,1,20.17280101776123,1663.3501698875061
256,256,256,1,m,n,n,128,128,32,3,2,2,1,2,16.75264000892639,2002.9339842628403
256,256,256,1,m,n,n,128,128,32,3,2,2,1,4,24.314239025115967,1380.0321682014874
256,256,256,1,m,n,n,128,128,32,4,1,1,1,1,103.09632301330566,325.46681607325075
256,256,256,1,m,n,n,128,128,32,4,1,1,1,2,63.303680419921875,530.0549948663065
256,256,256,1,m,n,n,128,128,32,4,1,1,1,4,43.29472064971924,775.023640214147
256,256,256,1,m,n,n,128,128,32,4,1,1,1,8,38.31808090209961,875.6814331523949
256,256,256,1,m,n,n,128,128,32,4,2,2,1,1,20.234239101409912,1658.2996687857635
256,256,256,1,m,n,n,128,128,32,4,2,2,1,2,16.71615958213806,2007.3050771694209
256,256,256,1,m,n,n,128,128,32,5,1,1,1,1,103.42399597167969,324.4356562009857
256,256,256,1,m,n,n,128,128,32,5,1,1,1,2,63.610877990722656,527.4951872994703
256,256,256,1,m,n,n,128,128,32,5,1,1,1,4,43.374080657958984,773.605607104502
256,256,256,1,m,n,n,128,128,32,5,1,1,1,8,39.09631967544556,858.2504000005367
256,256,256,1,m,n,n,128,128,32,5,2,2,1,1,20.27519941329956,1654.9495428385235
256,256,256,1,m,n,n,128,128,32,5,2,2,1,2,16.770559549331665,2000.7938257097214
256,256,256,1,m,n,n,128,128,32,6,1,1,1,1,104.01791572570801,322.5831989220202
256,256,256,1,m,n,n,128,128,32,6,1,1,1,2,64.10240173339844,523.4504650785584
256,256,256,1,m,n,n,128,128,32,6,1,1,1,4,43.622398376464844,769.2019065623703
256,256,256,1,m,n,n,128,128,32,6,1,1,1,8,38.70719909667969,866.878327108879
256,256,256,1,m,n,n,128,128,32,6,2,2,1,1,20.398080348968506,1644.9798915365482
256,256,256,1,m,n,n,128,128,64,3,1,1,1,1,110.75584411621094,302.9585686222833
256,256,256,1,m,n,n,128,128,64,3,1,1,1,2,65.55647850036621,511.84006169295014
256,256,256,1,m,n,n,128,128,64,3,1,1,1,4,43.74527931213379,767.0412105630993
256,256,256,1,m,n,n,128,128,64,3,2,2,1,1,20.725760459899902,1618.9722960911831
256,256,256,1,m,n,n,128,128,64,3,2,2,1,2,17.756160497665405,1889.7346644513473
256,256,256,1,m,n,n,128,256,16,3,1,1,1,1,185.81504821777344,180.57973410568198
256,256,256,1,m,n,n,128,256,16,3,1,1,1,2,106.1683177947998,316.0493892806458
256,256,256,1,m,n,n,128,256,16,3,1,1,1,4,68.71039867401123,488.34576203225413
256,256,256,1,m,n,n,128,256,16,3,1,1,1,8,58.572797775268555,572.8671546259625
256,256,256,1,m,n,n,128,256,16,3,1,1,1,16,66.3756799697876,505.5229869625903
256,256,256,1,m,n,n,128,256,16,3,2,2,1,1,55.05023956298828,609.5238143624632
256,256,256,1,m,n,n,128,256,16,3,2,2,1,2,39.342079162597656,852.8891384037489
256,256,256,1,m,n,n,128,256,16,3,2,2,1,4,41.77919864654541,803.1372809199277
256,256,256,1,m,n,n,128,256,16,3,2,2,1,8,42.4345588684082,790.7336118198862
256,256,256,1,m,n,n,128,256,16,4,1,1,1,1,186.0812759399414,180.32137747609733
256,256,256,1,m,n,n,128,256,16,4,1,1,1,2,106.33024215698242,315.56809539153835
256,256,256,1,m,n,n,128,256,16,4,1,1,1,4,68.91520023345947,486.8945005794058
256,256,256,1,m,n,n,128,256,16,4,1,1,1,8,58.71232032775879,571.5058068337948
256,256,256,1,m,n,n,128,256,16,4,1,1,1,16,65.8841609954834,509.2943659448025
256,256,256,1,m,n,n,128,256,16,4,2,2,1,1,54.78400230407715,612.4859555487935
256,256,256,1,m,n,n,128,256,16,4,2,2,1,2,39.2192006111145,855.5613443709728
256,256,256,1,m,n,n,128,256,16,4,2,2,1,4,41.77919864654541,803.1372809199277
256,256,256,1,m,n,n,128,256,16,4,2,2,1,8,42.48000144958496,789.8877319913047
256,256,256,1,m,n,n,128,256,16,5,1,1,1,1,185.22111892700195,181.15878035065882
256,256,256,1,m,n,n,128,256,16,5,1,1,1,2,106.04543685913086,316.4156138521377
256,256,256,1,m,n,n,128,256,16,5,1,1,1,4,68.87423992156982,487.1840624043174
256,256,256,1,m,n,n,128,256,16,5,1,1,1,8,58.49088191986084,573.6694489574186
256,256,256,1,m,n,n,128,256,16,5,1,1,1,16,65.55647850036621,511.84006169295014
256,256,256,1,m,n,n,128,256,16,5,2,2,1,1,46.735358238220215,717.9667229459506
256,256,256,1,m,n,n,128,256,16,5,2,2,1,2,28.893439769744873,1161.316626452202
256,256,256,1,m,n,n,128,256,16,5,2,2,1,4,40.77568054199219,822.903052848977
256,256,256,1,m,n,n,128,256,16,6,1,1,1,1,186.3884735107422,180.0241794354636
256,256,256,1,m,n,n,128,256,16,6,1,1,1,2,106.55743598937988,314.8952645908656
256,256,256,1,m,n,n,128,256,16,6,1,1,1,4,69.45151805877686,483.1346086863482
256,256,256,1,m,n,n,128,256,16,6,1,1,1,8,58.90048027038574,569.6801086505004
256,256,256,1,m,n,n,128,256,16,6,1,1,1,16,65.98656177520752,508.5040210809571
256,256,256,1,m,n,n,128,256,16,6,2,2,1,1,54.94783878326416,610.6597228027812
256,256,256,1,m,n,n,128,256,16,6,2,2,1,2,39.5468807220459,848.4722786567252
256,256,256,1,m,n,n,128,256,16,6,2,2,1,4,41.943039894104004,800.000002019806
256,256,256,1,m,n,n,128,256,32,3,1,1,1,1,200.80255508422852,167.10161873152103
256,256,256,1,m,n,n,128,256,32,3,1,1,1,2,116.42880439758301,288.19699878921523
256,256,256,1,m,n,n,128,256,32,3,1,1,1,4,76.5177583694458,438.51823047391537
256,256,256,1,m,n,n,128,256,32,3,1,1,1,8,64.36863899230957,521.2854042790763
256,256,256,1,m,n,n,128,256,32,3,2,2,1,1,71.9871997833252,466.11664436171617
256,256,256,1,m,n,n,128,256,32,3,2,2,1,2,49.6230411529541,676.1865298939357
256,256,256,1,m,n,n,128,256,32,3,2,2,1,4,48.33280086517334,694.237275708513
256,256,256,1,m,n,n,128,256,32,4,1,1,1,1,199.47519302368164,168.21355824438996
256,256,256,1,m,n,n,128,256,32,4,1,1,1,2,116.28543853759766,288.55231077923065
256,256,256,1,m,n,n,128,256,32,4,1,1,1,4,76.59520149230957,438.0748577751177
256,256,256,1,m,n,n,128,256,32,4,1,1,1,8,64.67584133148193,518.8093623401677
256,256,256,1,m,n,n,128,256,32,4,2,2,1,1,73.29792022705078,457.78150179514444
256,256,256,1,m,n,n,128,256,32,4,2,2,1,2,49.82783794403076,673.4073438564623
256,256,256,1,m,n,n,256,256,16,3,1,1,1,1,364.031982421875,92.1744067012055
256,256,256,1,m,n,n,256,256,16,3,1,1,1,2,198.06207656860352,169.41371403009413
256,256,256,1,m,n,n,256,256,16,3,1,1,1,4,129.00351524353027,260.1047881265608
256,256,256,1,m,n,n,256,256,16,3,1,1,1,8,113.78687858581543,294.88841259226587
256,256,256,1,m,n,n,256,256,16,3,1,1,1,16,125.15328407287599,268.10668412393767
256,256,256,1,m,n,n,256,256,16,3,2,2,1,1,128.65535736083984,260.80866501260294
256,256,256,1,m,n,n,256,256,16,3,2,2,1,2,82.32959747314453,407.5622015636026
256,256,256,1,m,n,n,256,256,16,3,2,2,1,4,70.49215793609619,476.0023381667272
256,256,256,1,m,n,n,256,256,16,3,2,2,1,8,81.75616264343262,410.4208284131765
256,256,256,1,m,n,n,256,256,16,3,2,2,1,16,98.3244800567627,341.2622368369407
256,256,256,1,m,n,n,256,256,16,4,1,1,1,1,364.4211196899414,92.07598074598133
256,256,256,1,m,n,n,256,256,16,4,1,1,1,2,205.4969596862793,163.28432328743781
256,256,256,1,m,n,n,256,256,16,4,1,1,1,4,132.89728164672852,252.48396042588277
256,256,256,1,m,n,n,256,256,16,4,1,1,1,8,115.95775604248047,289.3677244643086
256,256,256,1,m,n,n,256,256,16,4,1,1,1,16,126.56640052795409,265.11326750253124
256,256,256,1,m,n,n,256,256,16,4,2,2,1,1,128.94207954406738,260.2287175656447
256,256,256,1,m,n,n,256,256,16,4,2,2,1,2,82.53439903259277,406.5508732516412
256,256,256,1,m,n,n,256,256,16,4,2,2,1,4,70.79936027526855,473.9369377002853
256,256,256,1,m,n,n,256,256,16,4,2,2,1,8,81.94047927856445,409.4976291989765
256,256,256,1,m,n,n,256,256,16,4,2,2,1,16,98.40959548950195,340.96707575207427
256,256,256,1,m,n,n,256,256,16,5,1,1,1,1,364.7078323364258,92.00359582364993
256,256,256,1,m,n,n,256,256,16,5,1,1,1,2,205.67935943603516,163.13952013466474
256,256,256,1,m,n,n,256,256,16,5,1,1,1,4,133.12000274658203,252.06153326090993
256,256,256,1,m,n,n,256,256,16,5,1,1,1,8,116.14208221435547,288.908476240945
256,256,256,1,m,n,n,256,256,16,5,1,1,1,16,127.20128059387206,263.79004867987544
256,256,256,1,m,n,n,256,256,16,5,2,2,1,1,129.18784141540527,259.73366868252924
256,256,256,1,m,n,n,256,256,16,5,2,2,1,2,82.61631965637207,406.14774586381617
256,256,256,1,m,n,n,256,256,16,5,2,2,1,4,71.02464199066162,472.4336661128368
256,256,256,1,m,n,n,256,256,16,5,2,2,1,8,82.00192451477051,409.190786662038
256,256,256,1,m,n,n,256,256,16,5,2,2,1,16,98.44736099243164,340.8362769884667
256,256,256,1,m,n,n,256,256,16,6,1,1,1,1,364.95361328125,91.94163526240091
256,256,256,1,m,n,n,256,256,16,6,1,1,1,2,205.92639923095703,162.943809658746
256,256,256,1,m,n,n,256,256,16,6,1,1,1,4,133.26335906982422,251.79038134870166
256,256,256,1,m,n,n,256,256,16,6,1,1,1,8,116.30592346191406,288.5014881549679
256,256,256,1,m,n,n,256,256,16,6,1,1,1,16,126.92031860351562,264.3739975536948
256,256,256,1,m,n,n,256,256,16,6,2,2,1,1,129.39264297485352,259.32256447162183
256,256,256,1,m,n,n,256,256,16,6,2,2,1,2,82.69824028015137,405.7454171495048
256,256,256,1,m,n,n,256,256,16,6,2,2,1,4,71.0041618347168,472.56993298657443
256,256,256,1,m,n,n,256,256,16,6,2,2,1,8,82.0633602142334,408.8844511412072
256,256,256,1,m,n,n,256,256,16,6,2,2,1,16,98.57024192810059,340.4113791713668
256,256,256,1,m,n,n,256,256,32,3,1,1,1,1,375.88993072509766,89.26664232604733
256,256,256,1,m,n,n,256,256,32,3,1,1,1,2,214.83776092529297,156.18498282370444
256,256,256,1,m,n,n,256,256,32,3,1,1,1,4,143.73184204101562,233.45162438275048
256,256,256,1,m,n,n,256,256,32,3,1,1,1,8,128.10239791870117,261.93445669373784
256,256,256,1,m,n,n,256,256,32,3,2,2,1,1,148.39808464050293,226.11095069916993
256,256,256,1,m,n,n,256,256,32,3,2,2,1,2,96.56319618225098,347.48675817099297
256,256,256,1,m,n,n,256,256,32,3,2,2,1,4,80.54783821105957,416.5776853262939
256,256,256,1,m,n,n,256,256,32,3,2,2,1,8,90.13248443603516,372.2790091713579
512,768,3072,1,m,n,n,16,16,16,3,1,1,1,1,205.98783493041992,11728.455249874667
512,768,3072,1,m,n,n,16,16,16,3,1,1,1,2,177.68447875976562,13596.68059282989
512,768,3072,1,m,n,n,16,16,16,3,1,1,1,4,173.71135711669922,13907.663517803196
512,768,3072,1,m,n,n,16,16,16,3,1,1,1,8,238.7353515625,10119.653784779008
512,768,3072,1,m,n,n,16,16,16,3,1,1,1,16,441.61022186279297,5470.704672118345
512,768,3072,1,m,n,n,16,16,16,3,1,1,1,32,1460.0396728515625,1654.6941490168801
512,768,3072,1,m,n,n,16,16,16,3,1,1,1,64,3061.6781616210938,789.0832989189244
512,768,3072,1,m,n,n,16,16,16,4,1,1,1,1,154.68544006347656,15618.27087933167
512,768,3072,1,m,n,n,16,16,16,4,1,1,1,2,164.1062355041504,14721.677677743692
512,768,3072,1,m,n,n,16,16,16,4,1,1,1,4,174.0390396118164,13881.478025784114
512,768,3072,1,m,n,n,16,16,16,4,1,1,1,8,227.26655960083008,10630.332540974392
512,768,3072,1,m,n,n,16,16,16,4,1,1,1,16,435.9987258911133,5541.115055009022
512,768,3072,1,m,n,n,16,16,16,4,1,1,1,32,1439.6620178222656,1678.1154702229971
512,768,3072,1,m,n,n,16,16,16,4,1,1,1,64,3070.750732421875,786.7519426087005
512,768,3072,1,m,n,n,16,16,16,5,1,1,1,1,155.34079551696777,15552.380145601293
512,768,3072,1,m,n,n,16,16,16,5,1,1,1,2,164.0243148803711,14729.030301160032
512,768,3072,1,m,n,n,16,16,16,5,1,1,1,4,174.2233657836914,13866.791593267153
512,768,3072,1,m,n,n,16,16,16,5,1,1,1,8,229.62175369262695,10521.29889763826
512,768,3072,1,m,n,n,16,16,16,5,1,1,1,16,435.4457473754883,5548.1517928724525
512,768,3072,1,m,n,n,16,16,16,5,1,1,1,32,1428.7872314453125,1690.8879438656086
512,768,3072,1,m,n,n,16,16,16,6,1,1,1,1,154.1324806213379,15674.302355097136
512,768,3072,1,m,n,n,16,16,16,6,1,1,1,2,159.7593593597412,15122.23830692703
512,768,3072,1,m,n,n,16,16,16,6,1,1,1,4,172.27712631225586,14023.44673210474
512,768,3072,1,m,n,n,16,16,16,6,1,1,1,8,225.1366424560547,10730.901365696493
512,768,3072,1,m,n,n,16,16,16,6,1,1,1,16,435.18016815185547,5551.537686701221
512,768,3072,1,m,n,n,16,16,16,6,1,1,1,32,1449.8406982421875,1666.3341751470373
512,768,3072,1,m,n,n,16,16,32,3,1,1,1,1,162.46784210205078,14870.137208337455
512,768,3072,1,m,n,n,16,16,32,3,1,1,1,2,158.65856170654297,15227.158736435018
512,768,3072,1,m,n,n,16,16,32,3,1,1,1,4,170.37311553955078,14180.166256566245
512,768,3072,1,m,n,n,16,16,32,3,1,1,1,8,219.32031631469727,11015.482489699942
512,768,3072,1,m,n,n,16,16,32,3,1,1,1,16,433.8278579711914,5568.842709405791
512,768,3072,1,m,n,n,16,16,32,3,1,1,1,32,1476.9561767578125,1635.7419008215818
512,768,3072,1,m,n,n,16,16,32,4,1,1,1,1,154.11199569702148,15676.385819761936
512,768,3072,1,m,n,n,16,16,32,4,1,1,1,2,159.43679809570312,15152.832550926081
512,768,3072,1,m,n,n,16,16,32,4,1,1,1,4,170.2707290649414,14188.693014161972
512,768,3072,1,m,n,n,16,16,32,4,1,1,1,8,217.33375549316406,11116.17060367776
512,768,3072,1,m,n,n,16,16,32,4,1,1,1,16,432.2304153442383,5589.424108610928
512,768,3072,1,m,n,n,16,16,32,4,1,1,1,32,1536.4710998535156,1572.3817416613495
512,768,3072,1,m,n,n,16,16,32,5,1,1,1,1,170.0864028930664,14204.069595844723
512,768,3072,1,m,n,n,16,16,32,5,1,1,1,2,159.0681552886963,15187.94946490261
512,768,3072,1,m,n,n,16,16,32,5,1,1,1,4,171.15135192871094,14115.688113327287
512,768,3072,1,m,n,n,16,16,32,5,1,1,1,8,218.56256484985352,11053.672918139802
512,768,3072,1,m,n,n,16,16,32,5,1,1,1,16,432.14847564697266,5590.483919636902
512,768,3072,1,m,n,n,16,16,32,6,1,1,1,1,156.59008026123047,15428.302354591413
512,768,3072,1,m,n,n,16,16,32,6,1,1,1,2,159.55967903137207,15141.162972162849
512,768,3072,1,m,n,n,16,16,32,6,1,1,1,4,170.77695846557617,14146.633865053764
512,768,3072,1,m,n,n,16,16,32,6,1,1,1,8,216.84223175048828,11141.368009806789
512,768,3072,1,m,n,n,16,16,32,6,1,1,1,16,428.72833251953125,5635.081520743535
512,768,3072,1,m,n,n,16,16,64,3,1,1,1,1,151.0604763031006,15993.058959727457
512,768,3072,1,m,n,n,16,16,64,3,1,1,1,2,157.90080070495605,15300.23339472636
512,768,3072,1,m,n,n,16,16,64,3,1,1,1,4,169.22624588012695,14276.267203323412
512,768,3072,1,m,n,n,16,16,64,3,1,1,1,8,216.02048873901367,11183.749829021108
512,768,3072,1,m,n,n,16,16,64,3,1,1,1,16,429.5270538330078,5624.602879937022
512,768,3072,1,m,n,n,16,16,64,4,1,1,1,1,156.1190414428711,15474.852277286505
512,768,3072,1,m,n,n,16,16,64,4,1,1,1,2,158.39232444763184,15252.753644629787
512,768,3072,1,m,n,n,16,16,64,4,1,1,1,4,169.30816650390625,14269.359558295497
512,768,3072,1,m,n,n,16,16,64,4,1,1,1,8,214.5894432067871,11258.331574456448
512,768,3072,1,m,n,n,16,16,64,4,1,1,1,16,421.64222717285156,5729.784514703263
512,768,3072,1,m,n,n,16,16,64,5,1,1,1,1,159.96928215026855,15102.393856656712
512,768,3072,1,m,n,n,16,16,64,5,1,1,1,2,166.1574363708496,14539.939690739264
512,768,3072,1,m,n,n,16,16,64,5,1,1,1,4,173.9366340637207,13889.650774286813
512,768,3072,1,m,n,n,16,16,64,5,1,1,1,8,231.23968124389648,10447.683939902367
512,768,3072,1,m,n,n,16,16,64,6,1,1,1,1,161.23903274536133,14983.463140810134
512,768,3072,1,m,n,n,16,16,64,6,1,1,1,2,167.60831832885742,14414.07639005019
512,768,3072,1,m,n,n,16,16,64,6,1,1,1,4,175.04255294799805,13801.8959579373
512,768,3072,1,m,n,n,16,16,64,6,1,1,1,8,228.12671661376953,10590.250628514843
512,768,3072,1,m,n,n,16,16,128,3,1,1,1,1,158.74048233032227,15219.300511968499
512,768,3072,1,m,n,n,16,16,128,3,1,1,1,2,163.57376098632812,14769.60051191785
512,768,3072,1,m,n,n,16,16,128,3,1,1,1,4,172.2163200378418,14028.398141762293
512,768,3072,1,m,n,n,16,16,128,3,1,1,1,8,224.8646354675293,10743.881975824792
512,768,3072,1,m,n,n,16,16,128,4,1,1,1,1,167.30112075805664,14440.54345274706
512,768,3072,1,m,n,n,16,16,128,4,1,1,1,2,171.13088607788086,14117.376233887591
512,768,3072,1,m,n,n,16,16,128,4,1,1,1,4,178.38079452514648,13543.605467344334
512,768,3072,1,m,n,n,16,16,128,4,1,1,1,8,245.16607284545898,9854.214638918984
512,768,3072,1,m,n,n,16,16,128,5,1,1,1,1,170.1273536682129,14200.650582689912
512,768,3072,1,m,n,n,16,16,128,5,1,1,1,2,182.66111373901367,13226.236578475413
512,768,3072,1,m,n,n,16,16,128,5,1,1,1,4,220.79168319702148,10942.074760325897
512,768,3072,1,m,n,n,16,16,128,6,1,1,1,1,172.30335235595703,14021.312243588944
512,768,3072,1,m,n,n,16,16,128,6,1,1,1,2,188.19072723388672,12837.609692625576
512,768,3072,1,m,n,n,16,16,128,6,1,1,1,4,236.9126319885254,10197.51071828459
512,768,3072,1,m,n,n,16,16,256,3,1,1,1,1,170.2297592163086,14192.107861294246
512,768,3072,1,m,n,n,16,16,256,3,1,1,1,2,184.77056503295898,13075.237950206265
512,768,3072,1,m,n,n,16,16,256,3,1,1,1,4,220.7539176940918,10943.946677077067
512,768,3072,1,m,n,n,16,16,256,4,1,1,1,1,268.57471466064453,8995.333410491065
512,768,3072,1,m,n,n,16,16,256,4,1,1,1,2,321.43360137939453,7516.075150925004
512,768,3072,1,m,n,n,16,16,256,4,1,1,1,4,402.4934387207031,6002.381334907788
512,768,3072,1,m,n,n,16,16,256,5,1,1,1,1,277.8726387023926,8694.339663242268
512,768,3072,1,m,n,n,16,16,256,5,1,1,1,2,338.3091354370117,7141.158339928451
512,768,3072,1,m,n,n,16,16,256,5,1,1,1,4,413.8790512084961,5837.258727992383
512,768,3072,1,m,n,n,16,16,256,6,1,1,1,1,287.0681571960449,8415.837993310131
512,768,3072,1,m,n,n,16,16,256,6,1,1,1,2,353.7510299682617,6829.433413145834
512,768,3072,1,m,n,n,16,16,256,6,1,1,1,4,425.2262496948242,5681.490984467336
512,768,3072,1,m,n,n,16,32,16,3,1,1,1,1,116.85888290405273,20673.816520936594
512,768,3072,1,m,n,n,16,32,16,3,1,1,1,2,135.02464294433594,17892.430976440097
512,768,3072,1,m,n,n,16,32,16,3,1,1,1,4,143.6672019958496,16816.079595326104
512,768,3072,1,m,n,n,16,32,16,3,1,1,1,8,232.07935333251953,10409.883814776536
512,768,3072,1,m,n,n,16,32,16,3,1,1,1,16,433.7868881225586,5569.368669616003
512,768,3072,1,m,n,n,16,32,16,3,1,1,1,32,1321.8853759765625,1827.6313119926936
512,768,3072,1,m,n,n,16,32,16,3,1,1,1,64,3145.7073974609375,768.0050299497065
512,768,3072,1,m,n,n,16,32,16,4,1,1,1,1,118.72256278991699,20349.283634274634
512,768,3072,1,m,n,n,16,32,16,4,1,1,1,2,131.13727569580078,18422.825174469916
512,768,3072,1,m,n,n,16,32,16,4,1,1,1,4,142.64320373535156,16936.797833581313
512,768,3072,1,m,n,n,16,32,16,4,1,1,1,8,225.52576065063477,10712.386456563316
512,768,3072,1,m,n,n,16,32,16,4,1,1,1,16,434.52415466308594,5559.919001219196
512,768,3072,1,m,n,n,16,32,16,4,1,1,1,32,1336.3200378417969,1807.8896039767487
512,768,3072,1,m,n,n,16,32,16,4,1,1,1,64,3145.6051635742188,768.0299905328528
512,768,3072,1,m,n,n,16,32,16,5,1,1,1,1,119.24991607666016,20259.293955787103
512,768,3072,1,m,n,n,16,32,16,5,1,1,1,2,126.11583709716798,19156.349905037034
512,768,3072,1,m,n,n,16,32,16,5,1,1,1,4,141.88544273376465,17027.25140403062
512,768,3072,1,m,n,n,16,32,16,5,1,1,1,8,217.53856658935547,11105.704803877361
512,768,3072,1,m,n,n,16,32,16,5,1,1,1,16,432.35328674316406,5587.835638300946
512,768,3072,1,m,n,n,16,32,16,5,1,1,1,32,1354.8133850097656,1783.2117181087535
512,768,3072,1,m,n,n,16,32,16,6,1,1,1,1,119.60127830505371,20199.77660972806
512,768,3072,1,m,n,n,16,32,16,6,1,1,1,2,130.15040397644043,18562.517135462174
512,768,3072,1,m,n,n,16,32,16,6,1,1,1,4,141.23007774353027,17106.26477447134
512,768,3072,1,m,n,n,16,32,16,6,1,1,1,8,208.01727294921875,11614.031228021027
512,768,3072,1,m,n,n,16,32,16,6,1,1,1,16,430.79681396484375,5608.024538912114
512,768,3072,1,m,n,n,16,32,16,6,1,1,1,32,1372.1804809570312,1760.642377243998
512,768,3072,1,m,n,n,16,32,32,3,1,1,1,1,116.63359642028809,20713.749538291333
512,768,3072,1,m,n,n,16,32,32,3,1,1,1,2,127.7337646484375,18913.707825408186
512,768,3072,1,m,n,n,16,32,32,3,1,1,1,4,140.94335556030273,17141.064184230716
512,768,3072,1,m,n,n,16,32,32,3,1,1,1,8,205.2908706665039,11768.273455884326
512,768,3072,1,m,n,n,16,32,32,3,1,1,1,16,428.70784759521484,5635.350781544606
512,768,3072,1,m,n,n,16,32,32,3,1,1,1,32,1373.7779235839844,1758.5950847843171
512,768,3072,1,m,n,n,16,32,32,4,1,1,1,1,148.74624252319336,16241.883243694685
512,768,3072,1,m,n,n,16,32,32,4,1,1,1,2,127.38559722900392,18965.40234181144
512,768,3072,1,m,n,n,16,32,32,4,1,1,1,4,140.28800010681152,17221.138673019672
512,768,3072,1,m,n,n,16,32,32,4,1,1,1,8,206.4998435974121,11699.374982142972
512,768,3072,1,m,n,n,16,32,32,4,1,1,1,16,429.1379165649414,5629.703204364602
512,768,3072,1,m,n,n,16,32,32,4,1,1,1,32,1465.5897521972656,1648.427945390561
512,768,3072,1,m,n,n,16,32,32,5,1,1,1,1,132.9971218109131,18165.19839756233
512,768,3072,1,m,n,n,16,32,32,5,1,1,1,2,132.97663688659668,18167.996729081904
512,768,3072,1,m,n,n,16,32,32,5,1,1,1,4,140.4543972015381,17200.736695579537
512,768,3072,1,m,n,n,16,32,32,5,1,1,1,8,200.84735870361328,12028.632687000516
512,768,3072,1,m,n,n,16,32,32,5,1,1,1,16,425.78113555908203,5674.08676015606
512,768,3072,1,m,n,n,16,32,32,6,1,1,1,1,125.72671890258788,19215.63789373869
512,768,3072,1,m,n,n,16,32,32,6,1,1,1,2,129.41311836242676,18668.270532158258
512,768,3072,1,m,n,n,16,32,32,6,1,1,1,4,139.65312004089355,17299.42806356611
512,768,3072,1,m,n,n,16,32,32,6,1,1,1,8,199.31135177612305,12121.33218941632
512,768,3072,1,m,n,n,16,32,32,6,1,1,1,16,425.4924774169922,5677.936114561069
512,768,3072,1,m,n,n,16,32,64,3,1,1,1,1,127.42655754089355,18959.30605536987
512,768,3072,1,m,n,n,16,32,64,3,1,1,1,2,128.92160415649414,18739.44339900849
512,768,3072,1,m,n,n,16,32,64,3,1,1,1,4,139.26015853881836,17348.243240198306
512,768,3072,1,m,n,n,16,32,64,3,1,1,1,8,199.63903427124023,12101.436539297238
512,768,3072,1,m,n,n,16,32,64,3,1,1,1,16,421.8880081176758,5726.446491757442
512,768,3072,1,m,n,n,16,32,64,4,1,1,1,1,136.92928314208984,17643.553289423347
512,768,3072,1,m,n,n,16,32,64,4,1,1,1,2,133.4067153930664,18109.42647738379
512,768,3072,1,m,n,n,16,32,64,4,1,1,1,4,146.33536338806152,16509.468716685456
512,768,3072,1,m,n,n,16,32,64,4,1,1,1,8,259.0719985961914,9325.280682941071
512,768,3072,1,m,n,n,16,32,64,4,1,1,1,16,452.3622512817383,5340.673535766202
512,768,3072,1,m,n,n,16,32,64,5,1,1,1,1,142.4998378753662,16953.837562348814
512,768,3072,1,m,n,n,16,32,64,5,1,1,1,2,140.14464378356934,17238.754466642302
512,768,3072,1,m,n,n,16,32,64,5,1,1,1,4,152.28927612304688,15864.013314029957
512,768,3072,1,m,n,n,16,32,64,5,1,1,1,8,270.47935485839844,8931.990780829776
512,768,3072,1,m,n,n,16,32,64,6,1,1,1,1,137.15456008911133,17614.573678267363
512,768,3072,1,m,n,n,16,32,64,6,1,1,1,2,145.8176040649414,16568.08942577362
512,768,3072,1,m,n,n,16,32,64,6,1,1,1,4,170.76223373413086,14147.853721341442
512,768,3072,1,m,n,n,16,32,64,6,1,1,1,8,275.7017517089844,8762.79925326739
512,768,3072,1,m,n,n,16,32,128,3,1,1,1,1,135.12703895568848,17878.8725237459
512,768,3072,1,m,n,n,16,32,128,3,1,1,1,2,146.92352294921875,16443.37853806443
512,768,3072,1,m,n,n,16,32,128,3,1,1,1,4,168.0384063720703,14377.184098322597
512,768,3072,1,m,n,n,16,32,128,3,1,1,1,8,256.942081451416,9402.582443299834
512,768,3072,1,m,n,n,16,32,128,4,1,1,1,1,140.1036834716797,17243.794339556745
512,768,3072,1,m,n,n,16,32,128,4,1,1,1,2,157.65503883361816,15324.084291080919
512,768,3072,1,m,n,n,16,32,128,4,1,1,1,4,183.39839935302734,13173.065373103655
512,768,3072,1,m,n,n,16,32,128,4,1,1,1,8,241.0700798034668,10021.646427335927
512,768,3072,1,m,n,n,16,32,128,5,1,1,1,1,237.3017692565918,10180.788417922386
512,768,3072,1,m,n,n,16,32,128,5,1,1,1,2,250.90047836303708,9628.993614369752
512,768,3072,1,m,n,n,16,32,128,5,1,1,1,4,295.7516860961914,8168.741608506798
512,768,3072,1,m,n,n,16,32,128,6,1,1,1,1,242.56511688232422,9959.878547466644
512,768,3072,1,m,n,n,16,32,128,6,1,1,1,2,260.66944122314453,9268.133206039549
512,768,3072,1,m,n,n,16,32,128,6,1,1,1,4,309.8828887939453,7796.2326781019865
512,768,3072,1,m,n,n,16,32,256,3,1,1,1,1,257.8432083129883,9369.721699504245
512,768,3072,1,m,n,n,16,32,256,3,1,1,1,2,279.105281829834,8655.941901783668
512,768,3072,1,m,n,n,16,32,256,3,1,1,1,4,321.86302185058594,7506.047417654299
512,768,3072,1,m,n,n,16,32,256,4,1,1,1,1,262.7174377441406,9195.884082703536
512,768,3072,1,m,n,n,16,32,256,4,1,1,1,2,294.58431243896484,8201.112557548551
512,768,3072,1,m,n,n,16,32,256,4,1,1,1,4,351.76448822021484,6868.001702569716
512,768,3072,1,m,n,n,16,64,16,3,1,1,1,1,114.89279747009277,21027.594045909427
512,768,3072,1,m,n,n,16,64,16,3,1,1,1,2,119.39840316772461,20234.098948595183
512,768,3072,1,m,n,n,16,64,16,3,1,1,1,4,129.88415718078613,18600.568048012778
512,768,3072,1,m,n,n,16,64,16,3,1,1,1,8,199.82336044311523,12090.273622876803
512,768,3072,1,m,n,n,16,64,16,3,1,1,1,16,403.6608123779297,5985.0226475243835
512,768,3072,1,m,n,n,16,64,16,3,1,1,1,32,1261.7727661132812,1914.7022101625394
512,768,3072,1,m,n,n,16,64,16,3,1,1,1,64,3024.8141479492188,798.7000145572445
512,768,3072,1,m,n,n,16,64,16,4,1,1,1,1,121.03679656982422,19960.20361135627
512,768,3072,1,m,n,n,16,64,16,4,1,1,1,2,126.36159896850585,19119.09253856577
512,768,3072,1,m,n,n,16,64,16,4,1,1,1,4,133.44767570495605,18103.867985992027
512,768,3072,1,m,n,n,16,64,16,4,1,1,1,8,200.00768661499023,12079.131281842101
512,768,3072,1,m,n,n,16,64,16,4,1,1,1,16,405.93406677246094,5951.506172440068
512,768,3072,1,m,n,n,16,64,16,4,1,1,1,32,1266.2783813476562,1907.8894021935532
512,768,3072,1,m,n,n,16,64,16,4,1,1,1,64,3048.8577270507812,792.401391040626
512,768,3072,1,m,n,n,16,64,16,5,1,1,1,1,123.16991806030273,19614.522296078747
512,768,3072,1,m,n,n,16,64,16,5,1,1,1,2,123.74015808105469,19524.131385200573
512,768,3072,1,m,n,n,16,64,16,5,1,1,1,4,131.01056098937988,18440.643912637257
512,768,3072,1,m,n,n,16,64,16,5,1,1,1,8,205.0048065185547,11784.694929976378
512,768,3072,1,m,n,n,16,64,16,5,1,1,1,16,413.1020736694336,5848.237658407958
512,768,3072,1,m,n,n,16,64,16,5,1,1,1,32,1279.2012786865234,1888.615297883889
512,768,3072,1,m,n,n,16,64,16,6,1,1,1,1,119.70560073852539,20182.17267274842
512,768,3072,1,m,n,n,16,64,16,6,1,1,1,2,126.64832115173341,19075.808364688568
512,768,3072,1,m,n,n,16,64,16,6,1,1,1,4,133.32480430603027,18120.552410146895
512,768,3072,1,m,n,n,16,64,16,6,1,1,1,8,205.94688415527344,11730.78735281336
512,768,3072,1,m,n,n,16,64,16,6,1,1,1,16,415.80543518066406,5810.215306469727
512,768,3072,1,m,n,n,16,64,16,6,1,1,1,32,1301.9544982910156,1855.6094757314543
512,768,3072,1,m,n,n,16,64,32,3,1,1,1,1,116.63359642028809,20713.749538291333
512,768,3072,1,m,n,n,16,64,32,3,1,1,1,2,125.665283203125,19225.032104490747
512,768,3072,1,m,n,n,16,64,32,3,1,1,1,4,132.38271713256836,18249.50534578236
512,768,3072,1,m,n,n,16,64,32,3,1,1,1,8,201.91232681274414,11965.18876353969
512,768,3072,1,m,n,n,16,64,32,3,1,1,1,16,412.7360153198242,5853.424499744548
512,768,3072,1,m,n,n,16,64,32,3,1,1,1,32,1294.8480224609375,1865.7935619412683
512,768,3072,1,m,n,n,16,64,32,4,1,1,1,1,156.59008026123047,15428.302354591413
512,768,3072,1,m,n,n,16,64,32,4,1,1,1,2,132.30079650878906,18260.80543543443
512,768,3072,1,m,n,n,16,64,32,4,1,1,1,4,133.6575984954834,18075.43402840385
512,768,3072,1,m,n,n,16,64,32,4,1,1,1,8,214.9785614013672,11237.953627801304
512,768,3072,1,m,n,n,16,64,32,4,1,1,1,16,420.39295196533203,5746.811626373867
512,768,3072,1,m,n,n,16,64,32,4,1,1,1,32,1370.27587890625,1763.0895655321463
512,768,3072,1,m,n,n,16,64,32,5,1,1,1,1,140.32832145690918,17216.19042341257
512,768,3072,1,m,n,n,16,64,32,5,1,1,1,2,136.51968002319336,17696.489645958434
512,768,3072,1,m,n,n,16,64,32,5,1,1,1,4,140.26752471923828,17223.65250855993
512,768,3072,1,m,n,n,16,64,32,5,1,1,1,8,231.46495819091797,10437.515565562588
512,768,3072,1,m,n,n,16,64,32,5,1,1,1,16,424.8972702026367,5685.889916044483
512,768,3072,1,m,n,n,16,64,32,6,1,1,1,1,143.05279731750488,16888.303824201925
512,768,3072,1,m,n,n,16,64,32,6,1,1,1,2,138.21951866149902,17478.856296096717
512,768,3072,1,m,n,n,16,64,32,6,1,1,1,4,142.6636791229248,16934.367029174584
512,768,3072,1,m,n,n,16,64,32,6,1,1,1,8,239.77983474731445,10075.572479003296
512,768,3072,1,m,n,n,16,64,32,6,1,1,1,16,441.40289306640625,5473.274285124679
512,768,3072,1,m,n,n,16,64,64,3,1,1,1,1,144.28159713745117,16744.471588420613
512,768,3072,1,m,n,n,16,64,64,3,1,1,1,2,139.7382354736328,17288.890873792803
512,768,3072,1,m,n,n,16,64,64,3,1,1,1,4,142.8275203704834,16914.941166333316
512,768,3072,1,m,n,n,16,64,64,3,1,1,1,8,230.01087188720703,10503.499613638789
512,768,3072,1,m,n,n,16,64,64,3,1,1,1,16,423.1372833251953,5709.539667633789
512,768,3072,1,m,n,n,16,64,64,4,1,1,1,1,162.09856033325195,14904.013330119704
512,768,3072,1,m,n,n,16,64,64,4,1,1,1,2,156.30335807800293,15456.603963648302
512,768,3072,1,m,n,n,16,64,64,4,1,1,1,4,169.32863235473633,14267.634896729998
512,768,3072,1,m,n,n,16,64,64,4,1,1,1,8,289.1571235656738,8355.03920570469
512,768,3072,1,m,n,n,16,64,64,4,1,1,1,16,447.8566360473633,5394.402827927514
512,768,3072,1,m,n,n,16,64,64,5,1,1,1,1,235.61983108520508,10253.462507263886
512,768,3072,1,m,n,n,16,64,64,5,1,1,1,2,259.2767906188965,9317.915029082145
512,768,3072,1,m,n,n,16,64,64,5,1,1,1,4,275.4355239868164,8771.269112388121
512,768,3072,1,m,n,n,16,64,64,5,1,1,1,8,342.3027038574219,7057.844056663644
512,768,3072,1,m,n,n,16,64,64,6,1,1,1,1,237.81375885009766,10158.870183465031
512,768,3072,1,m,n,n,16,64,64,6,1,1,1,2,263.4137535095215,9171.575408695102
512,768,3072,1,m,n,n,16,64,64,6,1,1,1,4,282.9311943054199,8538.892680006335
512,768,3072,1,m,n,n,16,64,64,6,1,1,1,8,352.911376953125,6845.682122401204
512,768,3072,1,m,n,n,16,64,128,3,1,1,1,1,231.39904022216797,10440.48887013731
512,768,3072,1,m,n,n,16,64,128,3,1,1,1,2,258.51903915405273,9345.226997228403
512,768,3072,1,m,n,n,16,64,128,3,1,1,1,4,276.58239364624023,8734.898386518615
512,768,3072,1,m,n,n,16,64,128,3,1,1,1,8,347.56351470947266,6951.0147117123615
512,768,3072,1,m,n,n,16,64,128,4,1,1,1,1,234.14783477783203,10317.922035419682
512,768,3072,1,m,n,n,16,64,128,4,1,1,1,2,266.30016326904297,9072.165312791034
512,768,3072,1,m,n,n,16,64,128,4,1,1,1,4,291.6352081298828,8284.04471288681
512,768,3072,1,m,n,n,16,64,128,4,1,1,1,8,370.2579116821289,6524.962810447916
512,768,3072,1,m,n,n,16,128,16,3,1,1,1,1,121.11871719360352,19946.703201440356
512,768,3072,1,m,n,n,16,128,16,3,1,1,1,2,111.61600112915039,21644.91721222435
512,768,3072,1,m,n,n,16,128,16,3,1,1,1,4,127.07839965820311,19011.24904388146
512,768,3072,1,m,n,n,16,128,16,3,1,1,1,8,198.7833595275879,12153.527889565172
512,768,3072,1,m,n,n,16,128,16,3,1,1,1,16,400.6092834472656,6030.611880011564
512,768,3072,1,m,n,n,16,128,16,3,1,1,1,32,1243.2588958740234,1943.214813919819
512,768,3072,1,m,n,n,16,128,16,3,1,1,1,64,3028.7667846679688,797.6576857055196
512,768,3072,1,m,n,n,16,128,16,4,1,1,1,1,129.59744453430176,18641.71869037554
512,768,3072,1,m,n,n,16,128,16,4,1,1,1,2,110.32575607299805,21898.05164264168
512,768,3072,1,m,n,n,16,128,16,4,1,1,1,4,127.7952003479004,18904.61533315083
512,768,3072,1,m,n,n,16,128,16,4,1,1,1,8,198.84031295776367,12150.046779061213
512,768,3072,1,m,n,n,16,128,16,4,1,1,1,16,405.44254302978516,5958.721267744511
512,768,3072,1,m,n,n,16,128,16,4,1,1,1,32,1249.771499633789,1933.0886523719882
512,768,3072,1,m,n,n,16,128,16,4,1,1,1,64,3069.6856689453125,787.0249154305319
512,768,3072,1,m,n,n,16,128,16,5,1,1,1,1,130.04799842834473,18577.13408277598
512,768,3072,1,m,n,n,16,128,16,5,1,1,1,2,137.09312438964844,17622.467317423107
512,768,3072,1,m,n,n,16,128,16,5,1,1,1,4,133.16096305847168,18142.847937643386
512,768,3072,1,m,n,n,16,128,16,5,1,1,1,8,206.27456665039062,11712.152124380309
512,768,3072,1,m,n,n,16,128,16,5,1,1,1,16,410.3782272338867,5887.054779402553
512,768,3072,1,m,n,n,16,128,16,5,1,1,1,32,1249.9148559570312,1932.8669408846943
512,768,3072,1,m,n,n,16,128,16,6,1,1,1,1,104.24320220947266,23175.795186580177
512,768,3072,1,m,n,n,16,128,16,6,1,1,1,2,137.25695610046387,17601.432908301507
512,768,3072,1,m,n,n,16,128,16,6,1,1,1,4,138.9363193511963,17388.679326484536
512,768,3072,1,m,n,n,16,128,16,6,1,1,1,8,228.49536895751953,10573.164414763929
512,768,3072,1,m,n,n,16,128,16,6,1,1,1,16,416.2150573730469,5804.497125231706
512,768,3072,1,m,n,n,16,128,16,6,1,1,1,32,1202.4012756347656,2009.2452935269885
512,768,3072,1,m,n,n,16,128,32,3,1,1,1,1,115.3228759765625,20949.17494505597
512,768,3072,1,m,n,n,16,128,32,3,1,1,1,2,135.8028793334961,17789.89603060727
512,768,3072,1,m,n,n,16,128,32,3,1,1,1,4,135.06688117980957,17886.83563947683
512,768,3072,1,m,n,n,16,128,32,3,1,1,1,8,220.56575775146484,10953.282724520985
512,768,3072,1,m,n,n,16,128,32,3,1,1,1,16,409.0265655517578,5906.509032588231
512,768,3072,1,m,n,n,16,128,32,3,1,1,1,32,1200.6400299072266,2012.192700410529
512,768,3072,1,m,n,n,16,128,32,4,1,1,1,1,175.53407669067383,13763.248421885246
512,768,3072,1,m,n,n,16,128,32,4,1,1,1,2,155.01312255859375,15585.255390793134
512,768,3072,1,m,n,n,16,128,32,4,1,1,1,4,161.21856689453125,14985.365212807577
512,768,3072,1,m,n,n,16,128,32,4,1,1,1,8,258.70336532592773,9338.568522123018
512,768,3072,1,m,n,n,16,128,32,4,1,1,1,16,410.62400817871094,5883.531054883057
512,768,3072,1,m,n,n,16,128,32,4,1,1,1,32,1152.0409393310547,2097.0774748706676
512,768,3072,1,m,n,n,16,128,32,5,1,1,1,1,177.11103439331055,13640.703484543867
512,768,3072,1,m,n,n,16,128,32,5,1,1,1,2,156.99968338012695,15388.050803584027
512,768,3072,1,m,n,n,16,128,32,5,1,1,1,4,165.08928298950195,14634.0153658165
512,768,3072,1,m,n,n,16,128,32,5,1,1,1,8,269.1891288757324,8974.80189519569
512,768,3072,1,m,n,n,16,128,32,5,1,1,1,16,428.9945602416992,5631.58447193095
512,768,3072,1,m,n,n,16,128,32,6,1,1,1,1,251.84255599975586,9592.974048446134
512,768,3072,1,m,n,n,16,128,32,6,1,1,1,2,241.5001678466797,10003.79886085125
512,768,3072,1,m,n,n,16,128,32,6,1,1,1,4,262.67648696899414,9197.3177039069
512,768,3072,1,m,n,n,16,128,32,6,1,1,1,8,338.65726470947266,7133.817448364999
512,768,3072,1,m,n,n,16,128,32,6,1,1,1,16,470.9785461425781,5129.573573545821
512,768,3072,1,m,n,n,16,128,64,3,1,1,1,1,254.58688735961914,9489.566132239053
512,768,3072,1,m,n,n,16,128,64,3,1,1,1,2,231.13727569580078,10452.312794322217
512,768,3072,1,m,n,n,16,128,64,3,1,1,1,4,255.18079757690433,9467.480025693978
512,768,3072,1,m,n,n,16,128,64,3,1,1,1,8,310.251522064209,7786.969385117171
512,768,3072,1,m,n,n,16,128,64,3,1,1,1,16,468.74622344970703,5154.002279144143
512,768,3072,1,m,n,n,16,128,64,4,1,1,1,1,258.60095977783203,9342.266579658299
512,768,3072,1,m,n,n,16,128,64,4,1,1,1,2,235.35615921020508,10264.94956455444
512,768,3072,1,m,n,n,16,128,64,4,1,1,1,4,259.0105628967285,9327.492581695456
512,768,3072,1,m,n,n,16,128,64,4,1,1,1,8,339.57889556884766,7114.455979229682
512,768,3072,1,m,n,n,16,128,64,4,1,1,1,16,473.06751251220703,5106.922458425339
512,768,3072,1,m,n,n,16,128,64,5,1,1,1,1,261.0585594177246,9254.318683856074
512,768,3072,1,m,n,n,16,128,64,5,1,1,1,2,239.41120147705078,10091.08633637421
512,768,3072,1,m,n,n,16,128,64,5,1,1,1,4,266.30144119262695,9072.12177741263
512,768,3072,1,m,n,n,16,128,64,5,1,1,1,8,349.49695587158203,6912.561220955805
512,768,3072,1,m,n,n,16,256,16,3,1,1,1,1,184.2176055908203,13114.485427447045
512,768,3072,1,m,n,n,16,256,16,3,1,1,1,2,129.26976203918457,18688.973089218503
512,768,3072,1,m,n,n,16,256,16,3,1,1,1,4,157.16352462768555,15372.008929700583
512,768,3072,1,m,n,n,16,256,16,3,1,1,1,8,215.32672882080078,11219.782686665789
512,768,3072,1,m,n,n,16,256,16,3,1,1,1,16,415.8464050292969,5809.642874824891
512,768,3072,1,m,n,n,16,256,16,3,1,1,1,32,1277.870101928711,1890.5826972190775
512,768,3072,1,m,n,n,16,256,16,3,1,1,1,64,3159.407958984375,764.6746274503349
512,768,3072,1,m,n,n,16,256,16,4,1,1,1,1,184.97535705566406,13060.76194394362
512,768,3072,1,m,n,n,16,256,16,4,1,1,1,2,181.00223541259766,13347.454513436653
512,768,3072,1,m,n,n,16,256,16,4,1,1,1,4,163.40991973876953,14784.409097453437
512,768,3072,1,m,n,n,16,256,16,4,1,1,1,8,247.193603515625,9773.388427695667
512,768,3072,1,m,n,n,16,256,16,4,1,1,1,16,448.47103118896484,5387.012618395957
512,768,3072,1,m,n,n,16,256,16,4,1,1,1,32,1294.2950439453125,1866.5907092062382
512,768,3072,1,m,n,n,16,256,16,4,1,1,1,64,3191.0296630859375,757.0970373442551
512,768,3072,1,m,n,n,16,256,16,5,1,1,1,1,186.90048217773438,12926.232591002972
512,768,3072,1,m,n,n,16,256,16,5,1,1,1,2,184.72959518432617,13078.13781321481
512,768,3072,1,m,n,n,16,256,16,5,1,1,1,4,166.2156867980957,14534.844156644782
512,768,3072,1,m,n,n,16,256,16,5,1,1,1,8,250.12224197387695,9658.953497835355
512,768,3072,1,m,n,n,16,256,16,5,1,1,1,16,455.6185531616211,5302.503787950452
512,768,3072,1,m,n,n,16,256,16,5,1,1,1,32,1303.4906005859375,1853.4227273399672
512,768,3072,1,m,n,n,16,256,16,6,1,1,1,1,326.0620880126953,7409.383650594594
512,768,3072,1,m,n,n,16,256,16,6,1,1,1,2,250.25087356567383,9653.988693733712
512,768,3072,1,m,n,n,16,256,16,6,1,1,1,4,238.08191299438477,10147.42814191425
512,768,3072,1,m,n,n,16,256,16,6,1,1,1,8,338.0838394165039,7145.917143421036
512,768,3072,1,m,n,n,16,256,16,6,1,1,1,16,453.9187240600586,5322.3605371263475
512,768,3072,1,m,n,n,16,256,16,6,1,1,1,32,1226.8339538574219,1969.230714885129
512,768,3072,1,m,n,n,16,256,32,3,1,1,1,1,403.9884948730469,5980.168085626303
512,768,3072,1,m,n,n,16,256,32,3,1,1,1,2,307.9987144470215,7843.9259343582735
512,768,3072,1,m,n,n,16,256,32,3,1,1,1,4,291.9424057006836,8275.327793513292
512,768,3072,1,m,n,n,16,256,32,3,1,1,1,8,410.7263946533203,5882.064399681915
512,768,3072,1,m,n,n,16,256,32,3,1,1,1,16,579.8092651367188,4166.748013987544
512,768,3072,1,m,n,n,16,256,32,3,1,1,1,32,1293.8035583496094,1867.2997831925693
512,768,3072,1,m,n,n,16,256,32,4,1,1,1,1,405.1558303833008,5962.938017489225
512,768,3072,1,m,n,n,16,256,32,4,1,1,1,2,313.9788818359375,7694.527383094458
512,768,3072,1,m,n,n,16,256,32,4,1,1,1,4,297.16480255126953,8129.896553220445
512,768,3072,1,m,n,n,16,256,32,4,1,1,1,8,418.6316680908203,5770.989841781097
512,768,3072,1,m,n,n,16,256,32,4,1,1,1,16,592.1791839599609,4079.709603847453
512,768,3072,1,m,n,n,16,256,32,4,1,1,1,32,1372.2213745117188,1760.5899083591112
512,768,3072,1,m,n,n,16,256,32,5,1,1,1,1,407.2447967529297,5932.351065655746
512,768,3072,1,m,n,n,16,256,32,5,1,1,1,2,316.49791717529297,7633.285948804329
512,768,3072,1,m,n,n,16,256,32,5,1,1,1,4,299.6019172668457,8063.763830483833
512,768,3072,1,m,n,n,16,256,32,5,1,1,1,8,422.01087951660156,5724.779197084563
512,768,3072,1,m,n,n,16,256,32,5,1,1,1,16,598.3027267456055,4037.954359895862
512,768,3072,1,m,n,n,32,32,16,3,1,1,1,1,83.25119972229004,29019.631093113858
512,768,3072,1,m,n,n,32,32,16,3,1,1,1,2,86.24128341674805,28013.48737269405
512,768,3072,1,m,n,n,32,32,16,3,1,1,1,4,112.10751533508301,21550.019164896796
512,768,3072,1,m,n,n,32,32,16,3,1,1,1,8,215.73631286621094,11198.481479092648
512,768,3072,1,m,n,n,32,32,16,3,1,1,1,16,433.70494842529297,5570.420888144766
512,768,3072,1,m,n,n,32,32,16,3,1,1,1,32,1344.3891906738281,1797.0384772203538
512,768,3072,1,m,n,n,32,32,16,3,1,1,1,64,3126.0467529296875,772.8352436622499
512,768,3072,1,m,n,n,32,32,16,4,1,1,1,1,82.38783836364746,29323.734570343968
512,768,3072,1,m,n,n,32,32,16,4,1,1,1,2,85.29343605041504,28324.79515272435
512,768,3072,1,m,n,n,32,32,16,4,1,1,1,4,107.90911674499512,22388.461483835206
512,768,3072,1,m,n,n,32,32,16,4,1,1,1,8,216.30975723266602,11168.793931941782
512,768,3072,1,m,n,n,32,32,16,4,1,1,1,16,432.98816680908203,5579.642330191565
512,768,3072,1,m,n,n,32,32,16,4,1,1,1,32,1339.2282104492188,1803.963719663302
512,768,3072,1,m,n,n,32,32,16,4,1,1,1,64,3131.4535522460938,771.5008585285057
512,768,3072,1,m,n,n,32,32,16,4,2,2,1,64,3128.2220458984375,772.2978319801908
512,768,3072,1,m,n,n,32,32,16,5,1,1,1,1,80.65024375915527,29955.509015132382
512,768,3072,1,m,n,n,32,32,16,5,1,1,1,2,98.95936012268066,24413.2450028473
512,768,3072,1,m,n,n,32,32,16,5,1,1,1,4,110.87871551513672,21788.84461977906
512,768,3072,1,m,n,n,32,32,16,5,1,1,1,8,204.86143112182617,11792.942628440933
512,768,3072,1,m,n,n,32,32,16,5,1,1,1,16,429.5475387573242,5624.334645215811
512,768,3072,1,m,n,n,32,32,16,5,1,1,1,32,1334.4154357910156,1810.4699924786844
512,768,3072,1,m,n,n,32,32,16,6,1,1,1,1,81.8995189666748,29498.575015844057
512,768,3072,1,m,n,n,32,32,16,6,1,1,1,2,101.41695976257324,23821.64787483175
512,768,3072,1,m,n,n,32,32,16,6,1,1,1,4,106.74176216125488,22633.307293074933
512,768,3072,1,m,n,n,32,32,16,6,1,1,1,8,208.22015762329102,11602.71479753102
512,768,3072,1,m,n,n,32,32,16,6,1,1,1,16,429.5884704589844,5623.7987519049675
512,768,3072,1,m,n,n,32,32,16,6,1,1,1,32,1330.4832458496094,1815.8207640241735
512,768,3072,1,m,n,n,32,32,32,3,1,1,1,1,81.55136108398438,29624.50990256317
512,768,3072,1,m,n,n,32,32,32,3,1,1,1,2,99.24544334411621,24342.871799395598
512,768,3072,1,m,n,n,32,32,32,3,1,1,1,4,109.79328155517578,22004.25262620371
512,768,3072,1,m,n,n,32,32,32,3,1,1,1,8,209.59232330322266,11526.75377573265
512,768,3072,1,m,n,n,32,32,32,3,1,1,1,16,428.31871032714844,5640.4706256113095
512,768,3072,1,m,n,n,32,32,32,3,1,1,1,32,1330.91064453125,1815.237644936631
512,768,3072,1,m,n,n,32,32,32,3,2,2,1,1,78.68415832519531,30704.00898253496
512,768,3072,1,m,n,n,32,32,32,3,2,2,1,2,100.90496063232422,23942.520653697942
512,768,3072,1,m,n,n,32,32,32,3,2,2,1,4,114.87232208251953,21031.342104014435
512,768,3072,1,m,n,n,32,32,32,3,2,2,1,8,211.94751739501953,11398.666677927178
512,768,3072,1,m,n,n,32,32,32,3,2,2,1,16,432.9471969604492,5580.170332459042
512,768,3072,1,m,n,n,32,32,32,3,2,2,1,32,1419.2658996582031,1702.2314878288962
512,768,3072,1,m,n,n,32,32,32,4,1,1,1,1,83.45600128173828,28948.41673331703
512,768,3072,1,m,n,n,32,32,32,4,1,1,1,2,91.48415565490723,26408.060354333167
512,768,3072,1,m,n,n,32,32,32,4,1,1,1,4,107.21280097961426,22533.867988948165
512,768,3072,1,m,n,n,32,32,32,4,1,1,1,8,201.56415939331055,11985.856569301273
512,768,3072,1,m,n,n,32,32,32,4,1,1,1,16,428.52352142333984,5637.7747853269075
512,768,3072,1,m,n,n,32,32,32,4,1,1,1,32,1346.4166259765625,1794.3324951500224
512,768,3072,1,m,n,n,32,32,32,4,2,2,1,1,80.54783821105957,29993.59334349316
512,768,3072,1,m,n,n,32,32,32,4,2,2,1,2,89.60000038146973,26963.382742346937
512,768,3072,1,m,n,n,32,32,32,4,2,2,1,4,108.95359992980957,22173.834600751063
512,768,3072,1,m,n,n,32,32,32,4,2,2,1,8,201.07519149780273,12015.003372638343
512,768,3072,1,m,n,n,32,32,32,4,2,2,1,16,432.86529541015625,5581.226144985417
512,768,3072,1,m,n,n,32,32,32,4,2,2,1,32,1418.0966186523438,1703.6350501250856
512,768,3072,1,m,n,n,32,32,32,5,1,1,1,1,107.64287948608398,22443.83572359126
512,768,3072,1,m,n,n,32,32,32,5,1,1,1,2,100.2847957611084,24090.582083400135
512,768,3072,1,m,n,n,32,32,32,5,1,1,1,4,110.3667163848877,21889.924636108928
512,768,3072,1,m,n,n,32,32,32,5,1,1,1,8,208.99839401245117,11559.510375261882
512,768,3072,1,m,n,n,32,32,32,5,1,1,1,16,431.7184066772461,5596.053044377485
512,768,3072,1,m,n,n,32,32,32,5,2,2,1,1,104.03840065002441,23221.417177748906
512,768,3072,1,m,n,n,32,32,32,5,2,2,1,2,96.70656204223633,24981.95627040132
512,768,3072,1,m,n,n,32,32,32,5,2,2,1,4,104.20224189758301,23184.905238166837
512,768,3072,1,m,n,n,32,32,32,5,2,2,1,8,196.89472198486328,12270.1059715848
512,768,3072,1,m,n,n,32,32,32,5,2,2,1,16,431.2268829345703,5602.431572816776
512,768,3072,1,m,n,n,32,32,32,6,1,1,1,1,107.51999855041504,22469.486017219395
512,768,3072,1,m,n,n,32,32,32,6,1,1,1,2,100.65919876098633,24000.976897665973
512,768,3072,1,m,n,n,32,32,32,6,1,1,1,4,110.67392349243164,21829.16289368933
512,768,3072,1,m,n,n,32,32,32,6,1,1,1,8,211.78367614746094,11407.484976877262
512,768,3072,1,m,n,n,32,32,32,6,1,1,1,16,430.1824188232422,5616.034031815414
512,768,3072,1,m,n,n,32,32,32,6,2,2,1,1,84.97152328491211,28432.103022319017
512,768,3072,1,m,n,n,32,32,32,6,2,2,1,2,90.93119621276855,26568.649755217415
512,768,3072,1,m,n,n,32,32,32,6,2,2,1,4,99.3280029296875,24322.63845785952
512,768,3072,1,m,n,n,32,32,32,6,2,2,1,8,195.9494400024414,12329.298333130726
512,768,3072,1,m,n,n,32,32,32,6,2,2,1,16,431.28833770751953,5601.633275876726
512,768,3072,1,m,n,n,32,32,64,3,1,1,1,1,105.98400115966797,22795.130185360224
512,768,3072,1,m,n,n,32,32,64,3,1,1,1,2,101.06880187988281,23903.707762077225
512,768,3072,1,m,n,n,32,32,64,3,1,1,1,4,111.94368362426758,21581.558027953513
512,768,3072,1,m,n,n,32,32,64,3,1,1,1,8,205.6844711303711,11745.753535611802
512,768,3072,1,m,n,n,32,32,64,3,1,1,1,16,429.67041015625,5622.726273194957
512,768,3072,1,m,n,n,32,32,64,3,2,2,1,1,105.45151710510254,22910.2356260278
512,768,3072,1,m,n,n,32,32,64,3,2,2,1,2,96.60415649414062,25008.43847383041
512,768,3072,1,m,n,n,32,32,64,3,2,2,1,4,104.55167770385742,23107.415940690018
512,768,3072,1,m,n,n,32,32,64,3,2,2,1,8,196.36224746704102,12303.378756171076
512,768,3072,1,m,n,n,32,32,64,3,2,2,1,16,430.63297271728516,5610.158202135801
512,768,3072,1,m,n,n,32,32,64,4,1,1,1,1,96.37887954711914,25066.89344545523
512,768,3072,1,m,n,n,32,32,64,4,1,1,1,2,106.08639717102051,22773.12802041272
512,768,3072,1,m,n,n,32,32,64,4,1,1,1,4,112.63999938964844,21448.145570764464
512,768,3072,1,m,n,n,32,32,64,4,1,1,1,8,211.86559677124023,11403.074122546495
512,768,3072,1,m,n,n,32,32,64,4,1,1,1,16,431.77982330322266,5595.257058372065
512,768,3072,1,m,n,n,32,32,64,4,2,2,1,1,87.40863800048828,27639.363331419303
512,768,3072,1,m,n,n,32,32,64,4,2,2,1,2,95.39584159851074,25325.2035258287
512,768,3072,1,m,n,n,32,32,64,4,2,2,1,4,102.99391746520996,23456.910499749334
512,768,3072,1,m,n,n,32,32,64,4,2,2,1,8,195.61983108520508,12350.072539157398
512,768,3072,1,m,n,n,32,32,64,4,2,2,1,16,424.42752838134766,5692.182863853495
512,768,3072,1,m,n,n,32,32,64,5,1,1,1,1,123.04384231567383,19634.620136470254
512,768,3072,1,m,n,n,32,32,64,5,1,1,1,2,117.00223922729492,20648.486045696132
512,768,3072,1,m,n,n,32,32,64,5,1,1,1,4,132.8127956390381,18190.40923260169
512,768,3072,1,m,n,n,32,32,64,5,1,1,1,8,212.5619125366211,11365.719639842697
512,768,3072,1,m,n,n,32,32,64,5,2,2,1,1,89.78431701660156,26908.030091193817
512,768,3072,1,m,n,n,32,32,64,5,2,2,1,2,94.1875171661377,25650.098619104185
512,768,3072,1,m,n,n,32,32,64,5,2,2,1,4,107.37664222717285,22499.484560978617
512,768,3072,1,m,n,n,32,32,64,5,2,2,1,8,199.63903427124023,12101.436539297238
512,768,3072,1,m,n,n,32,32,64,6,1,1,1,1,124.37567710876465,19424.369460013593
512,768,3072,1,m,n,n,32,32,64,6,1,1,1,2,119.72607612609863,20178.721145554715
512,768,3072,1,m,n,n,32,32,64,6,1,1,1,4,135.4956817626953,17830.229514112463
512,768,3072,1,m,n,n,32,32,64,6,1,1,1,8,219.93471145629883,10984.710362466112
512,768,3072,1,m,n,n,32,32,64,6,2,2,1,1,85.42207717895508,28282.13950989236
512,768,3072,1,m,n,n,32,32,64,6,2,2,1,2,92.48767852783203,26121.52388788724
512,768,3072,1,m,n,n,32,32,64,6,2,2,1,4,107.92960166931152,22384.21217750994
512,768,3072,1,m,n,n,32,32,64,6,2,2,1,8,195.80928802490234,12338.123121579154
512,768,3072,1,m,n,n,32,32,128,3,1,1,1,1,123.78111839294434,19517.67067034119
512,768,3072,1,m,n,n,32,32,128,3,1,1,1,2,123.18143844604492,19612.687873085717
512,768,3072,1,m,n,n,32,32,128,3,1,1,1,4,139.98080253601074,17258.931655135304
512,768,3072,1,m,n,n,32,32,128,3,1,1,1,8,227.96287536621094,10597.862042751247
512,768,3072,1,m,n,n,32,32,128,3,2,2,1,1,90.95168113708496,26562.6657341128
512,768,3072,1,m,n,n,32,32,128,3,2,2,1,2,93.10208320617676,25949.141209331377
512,768,3072,1,m,n,n,32,32,128,3,2,2,1,4,111.22688293457031,21720.640192903495
512,768,3072,1,m,n,n,32,32,128,3,2,2,1,8,206.6854476928711,11688.86891151616
512,768,3072,1,m,n,n,32,32,128,4,1,1,1,1,194.3142318725586,12433.052796588188
512,768,3072,1,m,n,n,32,32,128,4,1,1,1,2,212.5619125366211,11365.719639842697
512,768,3072,1,m,n,n,32,32,128,4,1,1,1,4,231.05535507202148,10456.018659454752
512,768,3072,1,m,n,n,32,32,128,4,1,1,1,8,301.8751907348633,8003.0395943398335
512,768,3072,1,m,n,n,32,32,128,4,2,2,1,1,90.78783988952637,26610.60233330554
512,768,3072,1,m,n,n,32,32,128,4,2,2,1,2,102.07232475280762,23668.698737397448
512,768,3072,1,m,n,n,32,32,128,4,2,2,1,4,125.13216018676756,19306.939961670043
512,768,3072,1,m,n,n,32,32,128,4,2,2,1,8,193.78175735473633,12467.216403541152
512,768,3072,1,m,n,n,32,32,128,5,1,1,1,1,195.66591262817383,12347.163956917722
512,768,3072,1,m,n,n,32,32,128,5,1,1,1,2,215.34719467163086,11218.716397415254
512,768,3072,1,m,n,n,32,32,128,5,1,1,1,4,237.93664932250977,10153.623289556193
512,768,3072,1,m,n,n,32,32,128,5,2,2,1,1,92.77440071105957,26040.794502399844
512,768,3072,1,m,n,n,32,32,128,5,2,2,1,2,105.96351623535156,22799.5369522666
512,768,3072,1,m,n,n,32,32,128,5,2,2,1,4,130.6214427947998,18495.578155535277
512,768,3072,1,m,n,n,32,32,128,6,1,1,1,1,198.4102439880371,12176.382909673077
512,768,3072,1,m,n,n,32,32,128,6,1,1,1,2,220.00064849853516,10981.418102574758
512,768,3072,1,m,n,n,32,32,128,6,1,1,1,4,245.59616088867188,9836.957936387003
512,768,3072,1,m,n,n,32,32,128,6,2,2,1,1,94.63808059692383,25527.980795486765
512,768,3072,1,m,n,n,32,32,128,6,2,2,1,2,107.21280097961426,22533.867988948165
512,768,3072,1,m,n,n,32,32,128,6,2,2,1,4,136.11007690429688,17749.744610744037
512,768,3072,1,m,n,n,32,32,256,3,1,1,1,1,196.4031982421875,12300.813457329226
512,768,3072,1,m,n,n,32,32,256,3,1,1,1,2,224.21503067016602,10775.009582448398
512,768,3072,1,m,n,n,32,32,256,3,1,1,1,4,254.9964714050293,9474.323666866047
512,768,3072,1,m,n,n,32,32,256,3,2,2,1,1,93.26272010803223,25904.44607664762
512,768,3072,1,m,n,n,32,32,256,3,2,2,1,2,109.05599594116211,22153.01490899626
512,768,3072,1,m,n,n,32,32,256,3,2,2,1,4,140.16511917114258,17236.236221153893
512,768,3072,1,m,n,n,32,64,16,3,1,1,1,1,86.67136192321777,27874.47953270037
512,768,3072,1,m,n,n,32,64,16,3,1,1,1,2,86.40512466430664,27960.36824651443
512,768,3072,1,m,n,n,32,64,16,3,1,1,1,4,101.53984069824219,23792.81952174486
512,768,3072,1,m,n,n,32,64,16,3,1,1,1,8,188.52096557617188,12815.121631783963
512,768,3072,1,m,n,n,32,64,16,3,1,1,1,16,406.2617492675781,5946.705808153235
512,768,3072,1,m,n,n,32,64,16,3,1,1,1,32,1299.3370056152344,1859.3475699986436
512,768,3072,1,m,n,n,32,64,16,3,1,1,1,64,3030.5484008789062,797.1887541209854
512,768,3072,1,m,n,n,32,64,16,4,1,1,1,1,83.61984252929688,28891.69640750715
512,768,3072,1,m,n,n,32,64,16,4,1,1,1,2,87.12191581726074,27730.32573190217
512,768,3072,1,m,n,n,32,64,16,4,1,1,1,4,107.5814437866211,22456.65255052513
512,768,3072,1,m,n,n,32,64,16,4,1,1,1,8,192.22528457641602,12568.16505343547
512,768,3072,1,m,n,n,32,64,16,4,1,1,1,16,406.7737579345703,5939.220652450746
512,768,3072,1,m,n,n,32,64,16,4,1,1,1,32,1282.6214599609375,1883.5792004240889
512,768,3072,1,m,n,n,32,64,16,4,1,1,1,64,3050.8441162109375,791.8854625061945
512,768,3072,1,m,n,n,32,64,16,5,1,1,1,1,83.57888221740723,28905.855640850263
512,768,3072,1,m,n,n,32,64,16,5,1,1,1,2,89.88672256469727,26877.374489442616
512,768,3072,1,m,n,n,32,64,16,5,1,1,1,4,106.00447654724121,22790.72717201088
512,768,3072,1,m,n,n,32,64,16,5,1,1,1,8,191.91423416137695,12588.535261894647
512,768,3072,1,m,n,n,32,64,16,5,1,1,1,16,409.3337631225586,5902.076304603904
512,768,3072,1,m,n,n,32,64,16,5,1,1,1,32,1280.921630859375,1886.0787778087183
512,768,3072,1,m,n,n,32,64,16,6,1,1,1,1,83.70176315307617,28863.419514612833
512,768,3072,1,m,n,n,32,64,16,6,1,1,1,2,110.75584411621094,21813.016940804395
512,768,3072,1,m,n,n,32,64,16,6,1,1,1,4,108.70464324951172,22224.617383221594
512,768,3072,1,m,n,n,32,64,16,6,1,1,1,8,193.26976776123047,12500.243219543148
512,768,3072,1,m,n,n,32,64,16,6,1,1,1,16,414.94529724121094,5822.259271432608
512,768,3072,1,m,n,n,32,64,16,6,1,1,1,32,1287.4751281738281,1876.478272187496
512,768,3072,1,m,n,n,32,64,32,3,1,1,1,1,87.71583557128906,27542.56501423299
512,768,3072,1,m,n,n,32,64,32,3,1,1,1,2,106.65984153747559,22650.690917735446
512,768,3072,1,m,n,n,32,64,32,3,1,1,1,4,109.4655990600586,22070.12179848849
512,768,3072,1,m,n,n,32,64,32,3,1,1,1,8,195.60447692871094,12351.041969660511
512,768,3072,1,m,n,n,32,64,32,3,1,1,1,16,416.74560546875,5797.107569455005
512,768,3072,1,m,n,n,32,64,32,3,1,1,1,32,1293.3529663085938,1867.950332920613
512,768,3072,1,m,n,n,32,64,32,3,2,2,1,1,79.56480026245117,30364.169784011123
512,768,3072,1,m,n,n,32,64,32,3,2,2,1,2,71.3759994506836,33847.77968215004
512,768,3072,1,m,n,n,32,64,32,3,2,2,1,4,98.83647918701172,24443.597382994198
512,768,3072,1,m,n,n,32,64,32,3,2,2,1,8,200.7040023803711,12037.22434703314
512,768,3072,1,m,n,n,32,64,32,3,2,2,1,16,426.3731384277344,5666.20850672907
512,768,3072,1,m,n,n,32,64,32,3,2,2,1,32,1418.0781555175781,1703.6572311617226
512,768,3072,1,m,n,n,32,64,32,4,1,1,1,1,88.02304267883301,27446.439369460226
512,768,3072,1,m,n,n,32,64,32,4,1,1,1,2,117.14559555053711,20623.217566534648
512,768,3072,1,m,n,n,32,64,32,4,1,1,1,4,113.56160163879395,21274.084454042208
512,768,3072,1,m,n,n,32,64,32,4,1,1,1,8,199.22943115234375,12126.316327995895
512,768,3072,1,m,n,n,32,64,32,4,1,1,1,16,421.6831970214844,5729.227820943766
512,768,3072,1,m,n,n,32,64,32,4,1,1,1,32,1301.9955444335938,1855.5509765980005
512,768,3072,1,m,n,n,32,64,32,4,2,2,1,1,80.26111602783203,30100.7414743926
512,768,3072,1,m,n,n,32,64,32,4,2,2,1,2,85.9340763092041,28113.633237961963
512,768,3072,1,m,n,n,32,64,32,4,2,2,1,4,99.4918441772461,24282.584406577156
512,768,3072,1,m,n,n,32,64,32,4,2,2,1,8,198.287353515625,12183.929338739328
512,768,3072,1,m,n,n,32,64,32,4,2,2,1,16,426.5779113769531,5663.488520072785
512,768,3072,1,m,n,n,32,64,32,4,2,2,1,32,1422.9708862304688,1697.7993909628804
512,768,3072,1,m,n,n,32,64,32,5,1,1,1,1,87.53151893615723,27600.561870314352
512,768,3072,1,m,n,n,32,64,32,5,1,1,1,2,124.10880088806152,19466.13847457128
512,768,3072,1,m,n,n,32,64,32,5,1,1,1,4,126.85312271118165,19045.010894217787
512,768,3072,1,m,n,n,32,64,32,5,1,1,1,8,207.72863388061523,11630.168931782726
512,768,3072,1,m,n,n,32,64,32,5,1,1,1,16,421.8880081176758,5726.446491757442
512,768,3072,1,m,n,n,32,64,32,5,2,2,1,1,71.96159839630127,33572.337994707115
512,768,3072,1,m,n,n,32,64,32,5,2,2,1,2,77.47583866119385,31182.87127635944
512,768,3072,1,m,n,n,32,64,32,5,2,2,1,4,96.97279930114746,24913.3687117498
512,768,3072,1,m,n,n,32,64,32,5,2,2,1,8,195.62496185302734,12349.7486267375
512,768,3072,1,m,n,n,32,64,32,5,2,2,1,16,422.70721435546875,5715.348643111571
512,768,3072,1,m,n,n,32,64,32,6,1,1,1,1,158.80191802978516,15213.412621041936
512,768,3072,1,m,n,n,32,64,32,6,1,1,1,2,140.94335556030273,17141.064184230716
512,768,3072,1,m,n,n,32,64,32,6,1,1,1,4,148.9964771270752,16214.605543589636
512,768,3072,1,m,n,n,32,64,32,6,1,1,1,8,224.7270393371582,10750.460252250261
512,768,3072,1,m,n,n,32,64,32,6,1,1,1,16,422.9119873046875,5712.581285286312
512,768,3072,1,m,n,n,32,64,32,6,2,2,1,1,89.3337631225586,27043.740457743366
512,768,3072,1,m,n,n,32,64,32,6,2,2,1,2,81.9814395904541,29469.098323583345
512,768,3072,1,m,n,n,32,64,32,6,2,2,1,4,100.06527900695801,24143.430448357718
512,768,3072,1,m,n,n,32,64,32,6,2,2,1,8,196.11648559570312,12318.796640994531
512,768,3072,1,m,n,n,32,64,32,6,2,2,1,16,416.11263275146484,5805.925881233644
512,768,3072,1,m,n,n,32,64,64,3,1,1,1,1,141.66015625,17054.330363270372
512,768,3072,1,m,n,n,32,64,64,3,1,1,1,2,135.76191902160645,17795.263365535575
512,768,3072,1,m,n,n,32,64,64,3,1,1,1,4,145.6332778930664,16589.059444050472
512,768,3072,1,m,n,n,32,64,64,3,1,1,1,8,210.882568359375,11456.229515769732
512,768,3072,1,m,n,n,32,64,64,3,1,1,1,16,423.1577682495117,5709.263270751235
512,768,3072,1,m,n,n,32,64,64,3,2,2,1,1,80.32256126403809,30077.71497796662
512,768,3072,1,m,n,n,32,64,64,3,2,2,1,2,83.64031791687012,28884.62363810209
512,768,3072,1,m,n,n,32,64,64,3,2,2,1,4,101.08927726745605,23898.866124130098
512,768,3072,1,m,n,n,32,64,64,3,2,2,1,8,197.40863800048828,12238.163073664611
512,768,3072,1,m,n,n,32,64,64,3,2,2,1,16,413.4502410888672,5843.312843735218
512,768,3072,1,m,n,n,32,64,64,4,1,1,1,1,143.05279731750488,16888.303824201925
512,768,3072,1,m,n,n,32,64,64,4,1,1,1,2,129.7612762451172,18618.182356933386
512,768,3072,1,m,n,n,32,64,64,4,1,1,1,4,145.20319938659668,16638.19471062569
512,768,3072,1,m,n,n,32,64,64,4,1,1,1,8,220.89727401733398,10936.844353318824
512,768,3072,1,m,n,n,32,64,64,4,1,1,1,16,420.5363082885742,5744.852599843018
512,768,3072,1,m,n,n,32,64,64,4,2,2,1,1,77.96735763549805,30986.289355791214
512,768,3072,1,m,n,n,32,64,64,4,2,2,1,2,82.61631965637207,29242.637702194766
512,768,3072,1,m,n,n,32,64,64,4,2,2,1,4,98.57024192810059,24509.619300338407
512,768,3072,1,m,n,n,32,64,64,4,2,2,1,8,195.66591262817383,12347.163956917722
512,768,3072,1,m,n,n,32,64,64,4,2,2,1,16,416.66561126708984,5798.220536254801
512,768,3072,1,m,n,n,32,64,64,5,1,1,1,1,208.03583145141602,11612.995161192726
512,768,3072,1,m,n,n,32,64,64,5,1,1,1,2,192.4710464477539,12552.117051308282
512,768,3072,1,m,n,n,32,64,64,5,1,1,1,4,218.82879257202148,11040.224988696891
512,768,3072,1,m,n,n,32,64,64,5,1,1,1,8,270.0492858886719,8946.215488220048
512,768,3072,1,m,n,n,32,64,64,5,2,2,1,1,83.92319679260254,28787.26259642379
512,768,3072,1,m,n,n,32,64,64,5,2,2,1,2,84.58239555358887,28562.90707053037
512,768,3072,1,m,n,n,32,64,64,5,2,2,1,4,112.82431602478027,21413.106581292082
512,768,3072,1,m,n,n,32,64,64,5,2,2,1,8,189.13280487060547,12773.66507440548
512,768,3072,1,m,n,n,32,64,64,6,1,1,1,1,208.8960075378418,11565.17605326829
512,768,3072,1,m,n,n,32,64,64,6,1,1,1,2,194.02751922607422,12451.425002167109
512,768,3072,1,m,n,n,32,64,64,6,1,1,1,4,220.44672012329102,10959.197318285478
512,768,3072,1,m,n,n,32,64,64,6,1,1,1,8,275.0873565673828,8782.370568195196
512,768,3072,1,m,n,n,32,64,64,6,2,2,1,1,84.23423767089844,28680.963593912373
512,768,3072,1,m,n,n,32,64,64,6,2,2,1,2,85.70879936218262,28187.527091482963
512,768,3072,1,m,n,n,32,64,64,6,2,2,1,4,113.82783889770508,21224.325502403157
512,768,3072,1,m,n,n,32,64,64,6,2,2,1,8,189.23519134521484,12766.753830648375
512,768,3072,1,m,n,n,32,64,128,3,1,1,1,1,212.15232849121094,11387.66244604328
512,768,3072,1,m,n,n,32,64,128,3,1,1,1,2,199.35232162475586,12118.84107649132
512,768,3072,1,m,n,n,32,64,128,3,1,1,1,4,227.38943099975586,10624.588369732075
512,768,3072,1,m,n,n,32,64,128,3,1,1,1,8,284.13951873779297,8502.580403922753
512,768,3072,1,m,n,n,32,64,128,3,2,2,1,1,84.62335586547852,28549.081743348313
512,768,3072,1,m,n,n,32,64,128,3,2,2,1,2,86.97855949401855,27776.030300503437
512,768,3072,1,m,n,n,32,64,128,3,2,2,1,4,117.08288192749023,20634.26407197754
512,768,3072,1,m,n,n,32,64,128,3,2,2,1,8,190.3014373779297,12695.22257576068
512,768,3072,1,m,n,n,32,64,128,4,1,1,1,1,213.40160369873047,11320.997884395807
512,768,3072,1,m,n,n,32,64,128,4,1,1,1,2,201.99424743652344,11960.336171252606
512,768,3072,1,m,n,n,32,64,128,4,1,1,1,4,229.66272354125977,10519.421988679722
512,768,3072,1,m,n,n,32,64,128,4,1,1,1,8,290.81600189208984,8307.380227641155
512,768,3072,1,m,n,n,32,64,128,4,2,2,1,1,84.88960266113281,28459.540724251056
512,768,3072,1,m,n,n,32,64,128,4,2,2,1,2,88.96512031555176,27155.80100865305
512,768,3072,1,m,n,n,32,64,128,4,2,2,1,4,118.76352310180664,20342.265376625972
512,768,3072,1,m,n,n,32,64,128,4,2,2,1,8,188.94847869873047,12786.126253242137
512,768,3072,1,m,n,n,32,128,16,3,1,1,1,1,149.0944004058838,16203.95599984357
512,768,3072,1,m,n,n,32,128,16,3,1,1,1,2,96.2764835357666,25093.553641294857
512,768,3072,1,m,n,n,32,128,16,3,1,1,1,4,113.76640319824219,21235.786981769754
512,768,3072,1,m,n,n,32,128,16,3,1,1,1,8,185.13919830322266,13049.203659417308
512,768,3072,1,m,n,n,32,128,16,3,1,1,1,16,400.30208587646484,6035.239858194404
512,768,3072,1,m,n,n,32,128,16,3,1,1,1,32,1274.5113372802734,1895.5650164363533
512,768,3072,1,m,n,n,32,128,16,3,1,1,1,64,3022.4383544921875,799.3278342333334
512,768,3072,1,m,n,n,32,128,16,4,1,1,1,1,152.94464111328125,15796.036307088427
512,768,3072,1,m,n,n,32,128,16,4,1,1,1,2,96.54272079467773,25024.35278510595
512,768,3072,1,m,n,n,32,128,16,4,1,1,1,4,135.10656356811523,17881.582065270955
512,768,3072,1,m,n,n,32,128,16,4,1,1,1,8,182.2515106201172,13255.962026211746
512,768,3072,1,m,n,n,32,128,16,4,1,1,1,16,397.8035354614258,6073.146386689836
512,768,3072,1,m,n,n,32,128,16,4,1,1,1,32,1270.5587005615234,1901.4620126817317
512,768,3072,1,m,n,n,32,128,16,4,1,1,1,64,3077.1200561523438,785.1234465713
512,768,3072,1,m,n,n,32,128,16,5,1,1,1,1,152.71936416625977,15819.337103642474
512,768,3072,1,m,n,n,32,128,16,5,1,1,1,2,95.12960433959961,25396.08064988372
512,768,3072,1,m,n,n,32,128,16,5,1,1,1,4,145.7356834411621,16577.40264398169
512,768,3072,1,m,n,n,32,128,16,5,1,1,1,8,197.09951400756836,12257.356981140158
512,768,3072,1,m,n,n,32,128,16,5,1,1,1,16,406.20033264160156,5947.604937417942
512,768,3072,1,m,n,n,32,128,16,5,1,1,1,32,1274.593276977539,1895.4431563682047
512,768,3072,1,m,n,n,32,128,16,6,1,1,1,1,152.8012752532959,15810.856944715775
512,768,3072,1,m,n,n,32,128,16,6,1,1,1,2,95.80544471740723,25216.929070431455
512,768,3072,1,m,n,n,32,128,16,6,1,1,1,4,147.06687927246094,16427.350032526283
512,768,3072,1,m,n,n,32,128,16,6,1,1,1,8,197.9596710205078,12204.097387844824
512,768,3072,1,m,n,n,32,128,16,6,1,1,1,16,403.90655517578125,5981.381270102402
512,768,3072,1,m,n,n,32,128,16,6,1,1,1,32,1269.3708801269531,1903.2413156967789
512,768,3072,1,m,n,n,32,128,32,3,1,1,1,1,141.45536422729492,17079.020772361982
512,768,3072,1,m,n,n,32,128,32,3,1,1,1,2,94.57663536071777,25544.565999685026
512,768,3072,1,m,n,n,32,128,32,3,1,1,1,4,137.58463859558105,17559.511938693966
512,768,3072,1,m,n,n,32,128,32,3,1,1,1,8,204.20799255371094,11830.67848514579
512,768,3072,1,m,n,n,32,128,32,3,1,1,1,16,412.8153610229492,5852.299434820921
512,768,3072,1,m,n,n,32,128,32,3,1,1,1,32,1276.1087799072266,1893.192133805112
512,768,3072,1,m,n,n,32,128,32,3,2,2,1,1,81.73567771911621,29557.705660706462
512,768,3072,1,m,n,n,32,128,32,3,2,2,1,2,75.24352073669434,32108.001863100195
512,768,3072,1,m,n,n,32,128,32,3,2,2,1,4,95.86688041687012,25200.768956855092
512,768,3072,1,m,n,n,32,128,32,3,2,2,1,8,194.334716796875,12431.74222197878
512,768,3072,1,m,n,n,32,128,32,3,2,2,1,16,413.8393783569336,5837.818318768802
512,768,3072,1,m,n,n,32,128,32,3,2,2,1,32,1383.9974975585938,1745.6094452928867
512,768,3072,1,m,n,n,32,128,32,4,1,1,1,1,142.4179172515869,16963.58962848883
512,768,3072,1,m,n,n,32,128,32,4,1,1,1,2,156.9587230682373,15392.066504960589
512,768,3072,1,m,n,n,32,128,32,4,1,1,1,4,147.88607597351074,16336.352750564145
512,768,3072,1,m,n,n,32,128,32,4,1,1,1,8,215.90208053588867,11189.883386039952
512,768,3072,1,m,n,n,32,128,32,4,1,1,1,16,420.5363082885742,5744.852599843018
512,768,3072,1,m,n,n,32,128,32,4,1,1,1,32,1241.9686126708984,1945.2336229371197
512,768,3072,1,m,n,n,32,128,32,4,2,2,1,1,80.28160095214844,30093.060867582848
512,768,3072,1,m,n,n,32,128,32,4,2,2,1,2,76.51391983032227,31574.896559443787
512,768,3072,1,m,n,n,32,128,32,4,2,2,1,4,99.0617561340332,24388.010048309632
512,768,3072,1,m,n,n,32,128,32,4,2,2,1,8,190.7935905456543,12662.475175872869
512,768,3072,1,m,n,n,32,128,32,4,2,2,1,16,407.1219253540039,5934.141478377247
512,768,3072,1,m,n,n,32,128,32,4,2,2,1,32,1378.6726379394531,1752.3515282139801
512,768,3072,1,m,n,n,32,128,32,5,1,1,1,1,273.6947250366211,8827.057604697144
512,768,3072,1,m,n,n,32,128,32,5,1,1,1,2,228.08576583862305,10592.152014033743
512,768,3072,1,m,n,n,32,128,32,5,1,1,1,4,219.22048568725586,11020.498820747056
512,768,3072,1,m,n,n,32,128,32,5,1,1,1,8,280.16639709472656,8623.157984157386
512,768,3072,1,m,n,n,32,128,32,5,1,1,1,16,433.4419250488281,5573.801158547
512,768,3072,1,m,n,n,32,128,32,5,2,2,1,1,97.2390365600586,24845.156734022505
512,768,3072,1,m,n,n,32,128,32,5,2,2,1,2,82.71871566772461,29206.438766585557
512,768,3072,1,m,n,n,32,128,32,5,2,2,1,4,108.11391830444336,22346.050738785485
512,768,3072,1,m,n,n,32,128,32,5,2,2,1,8,195.72736740112305,12343.28717582362
512,768,3072,1,m,n,n,32,128,32,5,2,2,1,16,394.2195129394531,6128.360024560867
512,768,3072,1,m,n,n,32,128,32,6,1,1,1,1,274.24768447875977,8809.259806848473
512,768,3072,1,m,n,n,32,128,32,6,1,1,1,2,228.9664077758789,10551.412879590593
512,768,3072,1,m,n,n,32,128,32,6,1,1,1,4,219.17695999145508,11022.687348588957
512,768,3072,1,m,n,n,32,128,32,6,1,1,1,8,281.724796295166,8575.457807657145
512,768,3072,1,m,n,n,32,128,32,6,1,1,1,16,430.3462219238281,5613.896395325206
512,768,3072,1,m,n,n,32,128,32,6,2,2,1,1,97.46432304382324,24787.72774026986
512,768,3072,1,m,n,n,32,128,32,6,2,2,1,2,82.92351722717285,29134.305740812662
512,768,3072,1,m,n,n,32,128,32,6,2,2,1,4,108.27775955200195,22312.237656152465
512,768,3072,1,m,n,n,32,128,32,6,2,2,1,8,194.0070343017578,12452.73973026302
512,768,3072,1,m,n,n,32,128,32,6,2,2,1,16,394.7724914550781,6119.775709536519
512,768,3072,1,m,n,n,32,128,64,3,1,1,1,1,273.2032012939453,8842.938488852697
512,768,3072,1,m,n,n,32,128,64,3,1,1,1,2,226.22207641601562,10679.413531494587
512,768,3072,1,m,n,n,32,128,64,3,1,1,1,4,219.32031631469727,11015.482489699942
512,768,3072,1,m,n,n,32,128,64,3,1,1,1,8,285.0815963745117,8474.482866393828
512,768,3072,1,m,n,n,32,128,64,3,1,1,1,16,445.6447982788086,5421.176491526172
512,768,3072,1,m,n,n,32,128,64,3,2,2,1,1,97.89440155029297,24678.828061059532
512,768,3072,1,m,n,n,32,128,64,3,2,2,1,2,87.44959831237793,27626.417394967524
512,768,3072,1,m,n,n,32,128,64,3,2,2,1,4,112.4556827545166,21483.299419148014
512,768,3072,1,m,n,n,32,128,64,3,2,2,1,8,204.04224395751953,11840.28883990798
512,768,3072,1,m,n,n,32,128,64,3,2,2,1,16,394.28096771240234,6127.404825084602
512,768,3072,1,m,n,n,32,128,64,4,1,1,1,1,276.9715118408203,8722.626698837044
512,768,3072,1,m,n,n,32,128,64,4,1,1,1,2,227.69664764404297,10610.253286542867
512,768,3072,1,m,n,n,32,128,64,4,1,1,1,4,219.25888061523438,11018.568995796191
512,768,3072,1,m,n,n,32,128,64,4,1,1,1,8,284.1600036621094,8501.96745799854
512,768,3072,1,m,n,n,32,128,64,4,1,1,1,16,436.81793212890625,5530.723274627506
512,768,3072,1,m,n,n,32,128,64,4,2,2,1,1,98.46783638000488,24535.10905506788
512,768,3072,1,m,n,n,32,128,64,4,2,2,1,2,87.40863800048828,27639.363331419303
512,768,3072,1,m,n,n,32,128,64,4,2,2,1,4,112.60095596313477,21455.582533339817
512,768,3072,1,m,n,n,32,128,64,4,2,2,1,8,195.52255630493164,12356.21684606148
512,768,3072,1,m,n,n,32,128,64,4,2,2,1,16,396.22657775878906,6097.317140272048
512,768,3072,1,m,n,n,32,256,16,3,1,1,1,1,381.7881774902344,6327.904441362111
512,768,3072,1,m,n,n,32,256,16,3,1,1,1,2,268.69760513305664,8991.21934043163
512,768,3072,1,m,n,n,32,256,16,3,1,1,1,4,201.15455627441406,12010.262898068364
512,768,3072,1,m,n,n,32,256,16,3,1,1,1,8,317.2761535644531,7614.562509215549
512,768,3072,1,m,n,n,32,256,16,3,1,1,1,16,542.8838348388672,4450.158485041402
512,768,3072,1,m,n,n,32,256,16,3,1,1,1,32,1474.5805358886719,1638.3771826636923
512,768,3072,1,m,n,n,32,256,16,3,1,1,1,64,3374.8171997070312,715.8666561879934
512,768,3072,1,m,n,n,32,256,16,4,1,1,1,1,381.50142669677734,6332.66073188294
512,768,3072,1,m,n,n,32,256,16,4,1,1,1,2,261.1199951171875,9252.141349480973
512,768,3072,1,m,n,n,32,256,16,4,1,1,1,4,268.0627250671387,9012.514154643886
512,768,3072,1,m,n,n,32,256,16,4,1,1,1,8,312.68863677978516,7726.277260601066
512,768,3072,1,m,n,n,32,256,16,4,1,1,1,16,519.1475296020508,4653.627275953537
512,768,3072,1,m,n,n,32,256,16,4,1,1,1,32,1406.9760131835938,1717.100420591713
512,768,3072,1,m,n,n,32,256,16,4,1,1,1,64,3296.4608764648438,732.8826867773582
512,768,3072,1,m,n,n,32,256,16,5,1,1,1,1,382.07489013671875,6323.155921435994
512,768,3072,1,m,n,n,32,256,16,5,1,1,1,2,262.8812789916992,9190.152730793301
512,768,3072,1,m,n,n,32,256,16,5,1,1,1,4,265.1692771911621,9110.856014659457
512,768,3072,1,m,n,n,32,256,16,5,1,1,1,8,313.60448837280273,7703.713414739251
512,768,3072,1,m,n,n,32,256,16,5,1,1,1,16,519.475212097168,4650.691789983045
512,768,3072,1,m,n,n,32,256,16,5,1,1,1,32,1403.7196350097656,1721.0837860675738
512,768,3072,1,m,n,n,32,256,16,6,1,1,1,1,381.93153381347656,6325.529290231006
512,768,3072,1,m,n,n,32,256,16,6,1,1,1,2,393.23646545410156,6143.680243921798
512,768,3072,1,m,n,n,32,256,16,6,1,1,1,4,325.6934356689453,7417.770330672823
512,768,3072,1,m,n,n,32,256,16,6,1,1,1,8,375.80799102783203,6428.599608519445
512,768,3072,1,m,n,n,32,256,16,6,1,1,1,16,544.3788909912109,4437.9367825983645
512,768,3072,1,m,n,n,32,256,16,6,1,1,1,32,1324.4825744628906,1824.047481319045
512,768,3072,1,m,n,n,32,256,32,3,1,1,1,1,423.87454986572266,5699.608775203249
512,768,3072,1,m,n,n,32,256,32,3,1,1,1,2,421.96990966796875,5725.335026615975
512,768,3072,1,m,n,n,32,256,32,3,1,1,1,4,366.3667297363281,6594.264456651734
512,768,3072,1,m,n,n,32,256,32,3,1,1,1,8,439.3983840942383,5498.243032868903
512,768,3072,1,m,n,n,32,256,32,3,1,1,1,16,679.710693359375,3554.334406686554
512,768,3072,1,m,n,n,32,256,32,3,1,1,1,32,1469.8701477050781,1643.6275733417656
512,768,3072,1,m,n,n,32,256,32,3,2,2,1,1,85.97503662109375,28100.239313038695
512,768,3072,1,m,n,n,32,256,32,3,2,2,1,2,97.50528335571289,24777.314837252354
512,768,3072,1,m,n,n,32,256,32,3,2,2,1,4,120.5452823638916,20041.589821051926
512,768,3072,1,m,n,n,32,256,32,3,2,2,1,8,179.60960388183594,13450.946117499476
512,768,3072,1,m,n,n,32,256,32,3,2,2,1,16,387.0719909667969,6241.523955183929
512,768,3072,1,m,n,n,32,256,32,3,2,2,1,32,1409.0444946289062,1714.579712144768
512,768,3072,1,m,n,n,32,256,32,4,1,1,1,1,761.5283203125,3172.461272364245
512,768,3072,1,m,n,n,32,256,32,4,1,1,1,2,692.2854614257812,3489.7729890562014
512,768,3072,1,m,n,n,32,256,32,4,1,1,1,4,561.8278503417969,4300.105632944749
512,768,3072,1,m,n,n,32,256,32,4,1,1,1,8,585.8713531494141,4123.634123793507
512,768,3072,1,m,n,n,32,256,32,4,1,1,1,16,768.9421081542969,3141.873852895072
512,768,3072,1,m,n,n,32,256,32,4,1,1,1,32,1508.5157775878906,1601.5206071381256
512,768,3072,1,m,n,n,32,256,32,4,2,2,1,1,82.37248420715332,29329.20048792457
512,768,3072,1,m,n,n,32,256,32,4,2,2,1,2,110.10047912597656,21942.857317048678
512,768,3072,1,m,n,n,32,256,32,4,2,2,1,4,129.7817611694336,18615.243638479773
512,768,3072,1,m,n,n,32,256,32,4,2,2,1,8,195.62496185302734,12349.7486267375
512,768,3072,1,m,n,n,32,256,32,4,2,2,1,16,395.67359924316406,6105.838520995888
512,768,3072,1,m,n,n,32,256,32,4,2,2,1,32,1416.7283630371094,1705.280396039278
512,768,3072,1,m,n,n,32,256,32,5,1,1,1,1,762.7366638183594,3167.4353923221597
512,768,3072,1,m,n,n,32,256,32,5,1,1,1,2,692.5721740722656,3488.328284682015
512,768,3072,1,m,n,n,32,256,32,5,1,1,1,4,561.6819381713867,4301.222702416377
512,768,3072,1,m,n,n,32,256,32,5,1,1,1,8,585.3593444824219,4127.2410302703365
512,768,3072,1,m,n,n,32,256,32,5,1,1,1,16,762.449951171875,3168.626478743642
512,768,3072,1,m,n,n,32,256,32,5,2,2,1,1,82.51520156860352,29278.473033740258
512,768,3072,1,m,n,n,32,256,32,5,2,2,1,2,110.34624099731445,21893.98643909218
512,768,3072,1,m,n,n,32,256,32,5,2,2,1,4,130.13376235961914,18564.890926028173
512,768,3072,1,m,n,n,32,256,32,5,2,2,1,8,198.4102439880371,12176.382909673077
512,768,3072,1,m,n,n,32,256,32,5,2,2,1,16,396.7795181274414,6088.820096868086
512,768,3072,1,m,n,n,64,64,16,3,1,1,1,1,138.4652805328369,17447.833093632933
512,768,3072,1,m,n,n,64,64,16,3,1,1,1,2,88.71935844421387,27231.025408272242
512,768,3072,1,m,n,n,64,64,16,3,1,1,1,4,105.45599937438965,22909.26185643559
512,768,3072,1,m,n,n,64,64,16,3,1,1,1,8,188.0678367614746,12845.998261064155
512,768,3072,1,m,n,n,64,64,16,3,1,1,1,16,412.40577697753906,5858.111692095862
512,768,3072,1,m,n,n,64,64,16,3,1,1,1,32,1297.4053955078125,1862.115813888992
512,768,3072,1,m,n,n,64,64,16,3,1,1,1,64,3046.4205932617188,793.0353114549235
512,768,3072,1,m,n,n,64,64,16,3,2,2,1,1,77.61919975280762,31125.277143978958
512,768,3072,1,m,n,n,64,64,16,3,2,2,1,2,92.52863883972168,26109.960486772758
512,768,3072,1,m,n,n,64,64,16,3,2,2,1,4,109.97759819030762,21967.37466315132
512,768,3072,1,m,n,n,64,64,16,3,2,2,1,8,172.83071517944336,13978.528651528439
512,768,3072,1,m,n,n,64,64,16,3,2,2,1,16,398.4588623046875,6063.158163997948
512,768,3072,1,m,n,n,64,64,16,3,2,2,1,32,1374.7200012207031,1757.3899425735776
512,768,3072,1,m,n,n,64,64,16,3,2,2,1,64,3110.9530639648438,776.5848774719096
512,768,3072,1,m,n,n,64,64,16,4,1,1,1,1,138.81343841552734,17404.072196296533
512,768,3072,1,m,n,n,64,64,16,4,1,1,1,2,89.04704093933105,27130.818481054277
512,768,3072,1,m,n,n,64,64,16,4,1,1,1,4,106.06592178344727,22777.524235659173
512,768,3072,1,m,n,n,64,64,16,4,1,1,1,8,182.47615814208984,13239.64252973137
512,768,3072,1,m,n,n,64,64,16,4,1,1,1,16,404.664306640625,5970.180874256186
512,768,3072,1,m,n,n,64,64,16,4,1,1,1,32,1276.4774322509766,1892.645371520356
512,768,3072,1,m,n,n,64,64,16,4,1,1,1,64,3046.2771606445312,793.0726511729615
512,768,3072,1,m,n,n,64,64,16,4,2,2,1,1,77.61919975280762,31125.277143978958
512,768,3072,1,m,n,n,64,64,16,4,2,2,1,2,95.2729606628418,25357.867407412825
512,768,3072,1,m,n,n,64,64,16,4,2,2,1,4,95.43680191040039,25314.33425722034
512,768,3072,1,m,n,n,64,64,16,4,2,2,1,8,178.38079452514648,13543.605467344334
512,768,3072,1,m,n,n,64,64,16,4,2,2,1,16,410.8492660522461,5880.305269165984
512,768,3072,1,m,n,n,64,64,16,4,2,2,1,32,1382.3794555664062,1747.652639274879
512,768,3072,1,m,n,n,64,64,16,4,2,2,1,64,3124.3878173828125,773.2455908830578
512,768,3072,1,m,n,n,64,64,16,5,1,1,1,1,138.854398727417,17398.93821255641
512,768,3072,1,m,n,n,64,64,16,5,1,1,1,2,89.27231788635254,27062.35439159951
512,768,3072,1,m,n,n,64,64,16,5,1,1,1,4,129.57695960998535,18644.66577446865
512,768,3072,1,m,n,n,64,64,16,5,1,1,1,8,187.9212760925293,12856.016914287246
512,768,3072,1,m,n,n,64,64,16,5,1,1,1,16,408.1459045410156,5919.253573588702
512,768,3072,1,m,n,n,64,64,16,5,1,1,1,32,1287.6594543457031,1876.2096576439912
512,768,3072,1,m,n,n,64,64,16,5,2,2,1,1,77.82400131225586,31043.367897604323
512,768,3072,1,m,n,n,64,64,16,5,2,2,1,2,95.29343605041504,25352.41884574145
512,768,3072,1,m,n,n,64,64,16,5,2,2,1,4,96.48127555847168,25040.289838786928
512,768,3072,1,m,n,n,64,64,16,5,2,2,1,8,182.2719955444336,13254.472234112653
512,768,3072,1,m,n,n,64,64,16,5,2,2,1,16,411.7708969116211,5867.143895112461
512,768,3072,1,m,n,n,64,64,16,5,2,2,1,32,1385.2671813964844,1744.0094852781526
512,768,3072,1,m,n,n,64,64,16,6,1,1,1,1,138.93312454223633,17389.07918439241
512,768,3072,1,m,n,n,64,64,16,6,1,1,1,2,89.0880012512207,27118.344446715226
512,768,3072,1,m,n,n,64,64,16,6,1,1,1,4,130.88768005371094,18457.95649375561
512,768,3072,1,m,n,n,64,64,16,6,1,1,1,8,187.65823364257812,12874.037323624512
512,768,3072,1,m,n,n,64,64,16,6,1,1,1,16,406.4460754394531,5944.008934980825
512,768,3072,1,m,n,n,64,64,16,6,1,1,1,32,1282.5190734863281,1883.7295709238076
512,768,3072,1,m,n,n,64,64,16,6,2,2,1,1,77.9468822479248,30994.428953754847
512,768,3072,1,m,n,n,64,64,16,6,2,2,1,2,95.08864402770996,25407.02024624489
512,768,3072,1,m,n,n,64,64,16,6,2,2,1,4,96.39679908752441,25062.233672369584
512,768,3072,1,m,n,n,64,64,16,6,2,2,1,8,180.63360214233398,13374.693718925711
512,768,3072,1,m,n,n,64,64,16,6,2,2,1,16,412.18048095703125,5861.313709932454
512,768,3072,1,m,n,n,64,64,16,6,2,2,1,32,1382.2361755371094,1747.8337976946825
512,768,3072,1,m,n,n,64,64,32,3,1,1,1,1,135.41376113891602,17841.01618388398
512,768,3072,1,m,n,n,64,64,32,3,1,1,1,2,88.92416000366211,27168.309533657743
512,768,3072,1,m,n,n,64,64,32,3,1,1,1,4,128.16384315490723,18850.23922917138
512,768,3072,1,m,n,n,64,64,32,3,1,1,1,8,184.6272087097168,13085.390397676809
512,768,3072,1,m,n,n,64,64,32,3,1,1,1,16,407.3267364501953,5931.157686957777
512,768,3072,1,m,n,n,64,64,32,3,1,1,1,32,1287.9872131347656,1875.7322117507824
512,768,3072,1,m,n,n,64,64,32,3,2,2,1,1,79.15520191192627,30521.292923845034
512,768,3072,1,m,n,n,64,64,32,3,2,2,1,2,89.43615913391113,27012.77791214947
512,768,3072,1,m,n,n,64,64,32,3,2,2,1,4,93.42975616455078,25858.133459591012
512,768,3072,1,m,n,n,64,64,32,3,2,2,1,8,180.01920700073242,13420.34077502725
512,768,3072,1,m,n,n,64,64,32,3,2,2,1,16,407.34718322753906,5930.859972709073
512,768,3072,1,m,n,n,64,64,32,3,2,2,1,32,1388.1753540039062,1740.3558542022652
512,768,3072,1,m,n,n,64,64,32,4,1,1,1,1,135.45472145080566,17835.62121810137
512,768,3072,1,m,n,n,64,64,32,4,1,1,1,2,86.54848098754883,27914.055526261207
512,768,3072,1,m,n,n,64,64,32,4,1,1,1,4,132.03455924987793,18297.626907117752
512,768,3072,1,m,n,n,64,64,32,4,1,1,1,8,189.6031951904297,12741.974635889177
512,768,3072,1,m,n,n,64,64,32,4,1,1,1,16,416.99329376220703,5793.6641671213365
512,768,3072,1,m,n,n,64,64,32,4,1,1,1,32,1275.7606506347656,1893.7087476384688
512,768,3072,1,m,n,n,64,64,32,4,2,2,1,1,79.27807807922363,30473.9867884504
512,768,3072,1,m,n,n,64,64,32,4,2,2,1,2,74.36287879943848,32488.24067873826
512,768,3072,1,m,n,n,64,64,32,4,2,2,1,4,94.26943778991699,25627.808552162656
512,768,3072,1,m,n,n,64,64,32,4,2,2,1,8,185.93791961669922,12993.149052007706
512,768,3072,1,m,n,n,64,64,32,4,2,2,1,16,415.1500701904297,5819.387439563278
512,768,3072,1,m,n,n,64,64,32,4,2,2,1,32,1393.9712524414062,1733.1197467442394
512,768,3072,1,m,n,n,64,64,32,5,1,1,1,1,135.53664207458496,17824.841068960046
512,768,3072,1,m,n,n,64,64,32,5,1,1,1,2,143.7491226196289,16806.49634566957
512,768,3072,1,m,n,n,64,64,32,5,1,1,1,4,148.787202835083,16237.41194111852
512,768,3072,1,m,n,n,64,64,32,5,1,1,1,8,209.12128448486328,11552.717409666018
512,768,3072,1,m,n,n,64,64,32,5,1,1,1,16,426.25022888183594,5667.842361838908
512,768,3072,1,m,n,n,64,64,32,5,2,2,1,1,79.4214391708374,30418.97917265514
512,768,3072,1,m,n,n,64,64,32,5,2,2,1,2,73.91232013702393,32686.284228680644
512,768,3072,1,m,n,n,64,64,32,5,2,2,1,4,97.0956802368164,24881.839213727868
512,768,3072,1,m,n,n,64,64,32,5,2,2,1,8,190.0543975830078,12711.72429959074
512,768,3072,1,m,n,n,64,64,32,5,2,2,1,16,410.50113677978516,5885.29211624578
512,768,3072,1,m,n,n,64,64,32,6,1,1,1,1,135.6390380859375,17811.3848202708
512,768,3072,1,m,n,n,64,64,32,6,1,1,1,2,145.51039695739746,16603.068608955364
512,768,3072,1,m,n,n,64,64,32,6,1,1,1,4,148.72575759887695,16244.12033936913
512,768,3072,1,m,n,n,64,64,32,6,1,1,1,8,210.32960891723633,11486.348101139924
512,768,3072,1,m,n,n,64,64,32,6,1,1,1,16,426.7212677001953,5661.585880217645
512,768,3072,1,m,n,n,64,64,32,6,2,2,1,1,79.79008197784424,30278.438674506462
512,768,3072,1,m,n,n,64,64,32,6,2,2,1,2,74.03135776519775,32633.7268007764
512,768,3072,1,m,n,n,64,64,32,6,2,2,1,4,96.93183898925781,24923.89630890772
512,768,3072,1,m,n,n,64,64,32,6,2,2,1,8,189.27616119384766,12763.990397743382
512,768,3072,1,m,n,n,64,64,32,6,2,2,1,16,406.46656036376953,5943.709371412643
512,768,3072,1,m,n,n,64,64,64,3,1,1,1,1,137.7280044555664,17541.23363327623
512,768,3072,1,m,n,n,64,64,64,3,1,1,1,2,148.5209560394287,16266.520014580516
512,768,3072,1,m,n,n,64,64,64,3,1,1,1,4,156.46719932556152,15440.418914722144
512,768,3072,1,m,n,n,64,64,64,3,1,1,1,8,213.68831634521484,11305.808128962313
512,768,3072,1,m,n,n,64,64,64,3,1,1,1,16,425.75870513916016,5674.38569038853
512,768,3072,1,m,n,n,64,64,64,3,2,2,1,1,77.68064022064209,31100.65902054728
512,768,3072,1,m,n,n,64,64,64,3,2,2,1,2,73.70751857757568,32777.10538385977
512,768,3072,1,m,n,n,64,64,64,3,2,2,1,4,96.21503829956055,25109.578987830995
512,768,3072,1,m,n,n,64,64,64,3,2,2,1,8,190.50495147705078,12681.660425456364
512,768,3072,1,m,n,n,64,64,64,3,2,2,1,16,416.5631866455078,5799.6462036284765
512,768,3072,1,m,n,n,64,64,64,4,1,1,1,1,260.32127380371094,9280.52889684946
512,768,3072,1,m,n,n,64,64,64,4,1,1,1,2,214.835205078125,11245.452546389914
512,768,3072,1,m,n,n,64,64,64,4,1,1,1,4,209.89952087402344,11509.883843184072
512,768,3072,1,m,n,n,64,64,64,4,1,1,1,8,276.1471939086914,8748.664325732127
512,768,3072,1,m,n,n,64,64,64,4,1,1,1,16,447.0579147338867,5404.040560243939
512,768,3072,1,m,n,n,64,64,64,4,2,2,1,1,82.00192451477051,29461.736639666735
512,768,3072,1,m,n,n,64,64,64,4,2,2,1,2,80.87552070617676,29872.068617364555
512,768,3072,1,m,n,n,64,64,64,4,2,2,1,4,106.55743598937988,22672.459050542322
512,768,3072,1,m,n,n,64,64,64,4,2,2,1,8,198.7993621826172,12152.549572974664
512,768,3072,1,m,n,n,64,64,64,4,2,2,1,16,400.7731246948242,6028.146487715823
512,768,3072,1,m,n,n,64,64,64,5,1,1,1,1,260.77184677124023,9264.493594353931
512,768,3072,1,m,n,n,64,64,64,5,1,1,1,2,215.51103591918945,11210.187421241397
512,768,3072,1,m,n,n,64,64,64,5,1,1,1,4,209.77664947509766,11516.625468302138
512,768,3072,1,m,n,n,64,64,64,5,1,1,1,8,272.7935981750488,8856.21627546307
512,768,3072,1,m,n,n,64,64,64,5,2,2,1,1,82.43200302124023,29308.02377054323
512,768,3072,1,m,n,n,64,64,64,5,2,2,1,2,81.92000389099121,29491.19859924323
512,768,3072,1,m,n,n,64,64,64,5,2,2,1,4,107.4995231628418,22473.76577048004
512,768,3072,1,m,n,n,64,64,64,5,2,2,1,8,197.83679962158203,12211.677041991776
512,768,3072,1,m,n,n,64,64,64,6,1,1,1,1,261.2428855895996,9247.789077767638
512,768,3072,1,m,n,n,64,64,64,6,1,1,1,2,216.26880645751953,11170.908757359539
512,768,3072,1,m,n,n,64,64,64,6,1,1,1,4,210.07871627807617,11500.066007648797
512,768,3072,1,m,n,n,64,64,64,6,1,1,1,8,271.2166404724121,8907.709717928406
512,768,3072,1,m,n,n,64,64,64,6,2,2,1,1,82.39104270935059,29322.5941140543
512,768,3072,1,m,n,n,64,64,64,6,2,2,1,2,82.70015716552734,29212.9928987251
512,768,3072,1,m,n,n,64,64,64,6,2,2,1,4,108.35968017578125,22295.369459201913
512,768,3072,1,m,n,n,64,64,64,6,2,2,1,8,196.17792129516602,12314.938847603797
512,768,3072,1,m,n,n,64,64,128,3,1,1,1,1,273.3670425415039,8837.638515378838
512,768,3072,1,m,n,n,64,64,128,3,1,1,1,2,222.28992462158203,10868.324815498361
512,768,3072,1,m,n,n,64,64,128,3,1,1,1,4,216.3916778564453,11164.56569832933
512,768,3072,1,m,n,n,64,64,128,3,1,1,1,8,282.05055236816406,8565.553528313858
512,768,3072,1,m,n,n,64,64,128,3,2,2,1,1,86.2003231048584,28026.79870539644
512,768,3072,1,m,n,n,64,64,128,3,2,2,1,2,86.97855949401855,27776.030300503437
512,768,3072,1,m,n,n,64,64,128,3,2,2,1,4,113.19295883178711,21343.369136504592
512,768,3072,1,m,n,n,64,64,128,3,2,2,1,8,200.13055801391602,12071.715224178859
512,768,3072,1,m,n,n,64,128,16,3,1,1,1,1,366.1209487915039,6598.691257559811
512,768,3072,1,m,n,n,64,128,16,3,1,1,1,2,225.19807815551758,10727.973896525049
512,768,3072,1,m,n,n,64,128,16,3,1,1,1,4,172.3187255859375,14020.061347280282
512,768,3072,1,m,n,n,64,128,16,3,1,1,1,8,273.3875274658203,8836.97631122563
512,768,3072,1,m,n,n,64,128,16,3,1,1,1,16,525.4143905639648,4598.121306511649
512,768,3072,1,m,n,n,64,128,16,3,1,1,1,32,1479.4342041015625,1633.0020607216868
512,768,3072,1,m,n,n,64,128,16,3,1,1,1,64,3379.0362548828125,714.9728270920212
512,768,3072,1,m,n,n,64,128,16,3,2,2,1,1,87.14431762695312,27723.197217999368
512,768,3072,1,m,n,n,64,128,16,3,2,2,1,2,88.41343879699707,27325.247574037985
512,768,3072,1,m,n,n,64,128,16,3,2,2,1,4,117.82143592834473,20504.919881211477
512,768,3072,1,m,n,n,64,128,16,3,2,2,1,8,151.04000091552734,15995.227021689172
512,768,3072,1,m,n,n,64,128,16,3,2,2,1,16,366.7558288574219,6587.268460126371
512,768,3072,1,m,n,n,64,128,16,3,2,2,1,32,1324.2778015136719,1824.329533605837
512,768,3072,1,m,n,n,64,128,16,3,2,2,1,64,3055.2499389648438,790.7435241839962
512,768,3072,1,m,n,n,64,128,16,4,1,1,1,1,365.9366226196289,6602.015088583292
512,768,3072,1,m,n,n,64,128,16,4,1,1,1,2,223.49824905395508,10809.56613408085
512,768,3072,1,m,n,n,64,128,16,4,1,1,1,4,170.92607498168945,14134.29229132423
512,768,3072,1,m,n,n,64,128,16,4,1,1,1,8,270.09023666381836,8944.859073181153
512,768,3072,1,m,n,n,64,128,16,4,1,1,1,16,498.94847869873047,4842.021184834103
512,768,3072,1,m,n,n,64,128,16,4,1,1,1,32,1459.5475769042969,1655.2520398986715
512,768,3072,1,m,n,n,64,128,16,4,1,1,1,64,3314.4625854492188,728.9022101519857
512,768,3072,1,m,n,n,64,128,16,4,2,2,1,1,86.69183731079102,27867.89597432234
512,768,3072,1,m,n,n,64,128,16,4,2,2,1,2,88.78080368041992,27212.178802711343
512,768,3072,1,m,n,n,64,128,16,4,2,2,1,4,118.29248428344727,20423.26795852119
512,768,3072,1,m,n,n,64,128,16,4,2,2,1,8,151.8387222290039,15911.086898876158
512,768,3072,1,m,n,n,64,128,16,4,2,2,1,16,365.71136474609375,6606.081562921419
512,768,3072,1,m,n,n,64,128,16,4,2,2,1,32,1308.9791870117188,1845.6512738871925
512,768,3072,1,m,n,n,64,128,16,4,2,2,1,64,3018.34228515625,800.412569469382
512,768,3072,1,m,n,n,64,128,16,5,1,1,1,1,366.4281463623047,6593.15919910603
512,768,3072,1,m,n,n,64,128,16,5,1,1,1,2,223.72352600097656,10798.681511882905
512,768,3072,1,m,n,n,64,128,16,5,1,1,1,4,165.53983688354492,14594.185601980309
512,768,3072,1,m,n,n,64,128,16,5,1,1,1,8,262.92224884033203,9188.72067562127
512,768,3072,1,m,n,n,64,128,16,5,1,1,1,16,492.3392105102539,4907.021525862571
512,768,3072,1,m,n,n,64,128,16,5,1,1,1,32,1421.9468688964844,1699.0220639361144
512,768,3072,1,m,n,n,64,128,16,5,2,2,1,1,86.71232223510742,27861.312460870307
512,768,3072,1,m,n,n,64,128,16,5,2,2,1,2,89.04704093933105,27130.818481054277
512,768,3072,1,m,n,n,64,128,16,5,2,2,1,4,107.2537612915039,22525.26228365827
512,768,3072,1,m,n,n,64,128,16,5,2,2,1,8,159.0886402130127,15185.993800469918
512,768,3072,1,m,n,n,64,128,16,5,2,2,1,16,377.4668884277344,6400.347098160175
512,768,3072,1,m,n,n,64,128,16,5,2,2,1,32,1337.4668884277344,1806.3393755041257
512,768,3072,1,m,n,n,64,128,16,6,1,1,1,1,366.3257598876953,6595.001958750185
512,768,3072,1,m,n,n,64,128,16,6,1,1,1,2,224.01023864746094,10784.86018579751
512,768,3072,1,m,n,n,64,128,16,6,1,1,1,4,222.69952774047852,10848.335102063511
512,768,3072,1,m,n,n,64,128,16,6,1,1,1,8,284.1600036621094,8501.96745799854
512,768,3072,1,m,n,n,64,128,16,6,1,1,1,16,492.8102493286133,4902.331287328865
512,768,3072,1,m,n,n,64,128,16,6,1,1,1,32,1377.2799682617188,1754.1234604966774
512,768,3072,1,m,n,n,64,128,16,6,2,2,1,1,86.79231643676758,27835.633419925078
512,768,3072,1,m,n,n,64,128,16,6,2,2,1,2,88.96512031555176,27155.80100865305
512,768,3072,1,m,n,n,64,128,16,6,2,2,1,4,109.28128242492676,22107.345836279605
512,768,3072,1,m,n,n,64,128,16,6,2,2,1,8,164.2291259765625,14710.661641984147
512,768,3072,1,m,n,n,64,128,16,6,2,2,1,16,384.3686294555664,6285.4221673136935
512,768,3072,1,m,n,n,64,128,16,6,2,2,1,32,1354.281005859375,1783.9127134969672
512,768,3072,1,m,n,n,64,128,32,3,1,1,1,1,513.884162902832,4701.291221649917
512,768,3072,1,m,n,n,64,128,32,3,1,1,1,2,314.98239517211914,7670.013121463006
512,768,3072,1,m,n,n,64,128,32,3,1,1,1,4,342.0364761352539,7063.33760450934
512,768,3072,1,m,n,n,64,128,32,3,1,1,1,8,373.63712310791016,6465.95039567912
512,768,3072,1,m,n,n,64,128,32,3,1,1,1,16,580.0345611572266,4165.129572934415
512,768,3072,1,m,n,n,64,128,32,3,1,1,1,32,1478.9631652832031,1633.5221597877871
512,768,3072,1,m,n,n,64,128,32,3,2,2,1,1,80.79360008239746,29902.357383952716
512,768,3072,1,m,n,n,64,128,32,3,2,2,1,2,87.85920143127441,27497.62192967108
512,768,3072,1,m,n,n,64,128,32,3,2,2,1,4,106.53696060180664,22676.8164808996
512,768,3072,1,m,n,n,64,128,32,3,2,2,1,8,161.52576446533203,14956.865314935712
512,768,3072,1,m,n,n,64,128,32,3,2,2,1,16,376.44287109375,6417.757618787089
512,768,3072,1,m,n,n,64,128,32,3,2,2,1,32,1348.66943359375,1791.3352551947357
512,768,3072,1,m,n,n,64,128,32,4,1,1,1,1,514.1299057006836,4699.0441077483265
512,768,3072,1,m,n,n,64,128,32,4,1,1,1,2,314.3680000305176,7685.0032565829615
512,768,3072,1,m,n,n,64,128,32,4,1,1,1,4,340.1318359375,7102.890258246602
512,768,3072,1,m,n,n,64,128,32,4,1,1,1,8,372.3673629760742,6487.999068154721
512,768,3072,1,m,n,n,64,128,32,4,1,1,1,16,577.5360107421875,4183.148858363515
512,768,3072,1,m,n,n,64,128,32,4,1,1,1,32,1473.0854797363281,1640.03999580013
512,768,3072,1,m,n,n,64,128,32,4,2,2,1,1,80.85503578186035,29879.63681715427
512,768,3072,1,m,n,n,64,128,32,4,2,2,1,2,86.44607543945312,27947.123009558843
512,768,3072,1,m,n,n,64,128,32,4,2,2,1,4,107.17184066772461,22542.48027231623
512,768,3072,1,m,n,n,64,128,32,4,2,2,1,8,164.49535369873047,14686.85315224588
512,768,3072,1,m,n,n,64,128,32,4,2,2,1,16,376.63169860839844,6414.540021263436
512,768,3072,1,m,n,n,64,128,32,4,2,2,1,32,1342.9350280761719,1798.984354039031
512,768,3072,1,m,n,n,64,128,32,5,1,1,1,1,373.24798583984375,6472.691603583475
512,768,3072,1,m,n,n,64,128,32,5,1,1,1,2,351.9692611694336,6864.005953170459
512,768,3072,1,m,n,n,64,128,32,5,1,1,1,4,300.97408294677734,8027.000465775049
512,768,3072,1,m,n,n,64,128,32,5,1,1,1,8,365.89569091796875,6602.753637078585
512,768,3072,1,m,n,n,64,128,32,5,1,1,1,16,585.5641555786133,4125.797457005815
512,768,3072,1,m,n,n,64,128,32,5,2,2,1,1,80.89599609375,29864.507771190587
512,768,3072,1,m,n,n,64,128,32,5,2,2,1,2,91.56607627868652,26384.43408503182
512,768,3072,1,m,n,n,64,128,32,5,2,2,1,4,115.2409553527832,20964.06695522637
512,768,3072,1,m,n,n,64,128,32,5,2,2,1,8,181.37088775634766,13320.324633606737
512,768,3072,1,m,n,n,64,128,32,5,2,2,1,16,388.7276840209961,6214.939669358641
512,768,3072,1,m,n,n,64,128,32,6,1,1,1,1,515.6864166259766,4684.860849752123
512,768,3072,1,m,n,n,64,128,32,6,1,1,1,2,516.6489410400391,4676.13288655279
512,768,3072,1,m,n,n,64,128,32,6,1,1,1,4,425.0009536743164,5684.502783142811
512,768,3072,1,m,n,n,64,128,32,6,1,1,1,8,469.11487579345703,5149.952023827287
512,768,3072,1,m,n,n,64,128,32,6,1,1,1,16,646.7584228515625,3735.427353768654
512,768,3072,1,m,n,n,64,128,32,6,2,2,1,1,80.9779167175293,29834.295594776966
512,768,3072,1,m,n,n,64,128,32,6,2,2,1,2,91.65311813354492,26359.37710793253
512,768,3072,1,m,n,n,64,128,32,6,2,2,1,4,115.71200370788574,20878.72499467707
512,768,3072,1,m,n,n,64,128,32,6,2,2,1,8,185.9993553161621,12988.857407023886
512,768,3072,1,m,n,n,64,128,32,6,2,2,1,16,390.5740737915039,6185.559324374575
512,768,3072,1,m,n,n,64,128,64,3,1,1,1,1,569.5078277587891,4242.117467476224
512,768,3072,1,m,n,n,64,128,64,3,1,1,1,2,567.4188613891602,4257.734926338761
512,768,3072,1,m,n,n,64,128,64,3,1,1,1,4,460.9638214111328,5241.016738806593
512,768,3072,1,m,n,n,64,128,64,3,1,1,1,8,504.6867370605469,4786.967690237051
512,768,3072,1,m,n,n,64,128,64,3,1,1,1,16,689.0700531005859,3506.0573204845687
512,768,3072,1,m,n,n,64,128,64,3,2,2,1,1,78.02879810333252,30961.890516378706
512,768,3072,1,m,n,n,64,128,64,3,2,2,1,2,88.78080368041992,27212.178802711343
512,768,3072,1,m,n,n,64,128,64,3,2,2,1,4,114.38207626342773,21121.483215919387
512,768,3072,1,m,n,n,64,128,64,3,2,2,1,8,178.50879669189453,13533.893840368366
512,768,3072,1,m,n,n,64,128,64,3,2,2,1,16,383.6268615722656,6297.575446355708
512,768,3072,1,m,n,n,64,128,64,4,1,1,1,1,542.4537658691406,4453.68666605
512,768,3072,1,m,n,n,64,128,64,4,1,1,1,2,572.7641677856445,4217.999728125715
512,768,3072,1,m,n,n,64,128,64,4,1,1,1,4,466.41151428222656,5179.801591557884
512,768,3072,1,m,n,n,64,128,64,4,1,1,1,8,509.9724960327149,4737.351764643045
512,768,3072,1,m,n,n,64,128,64,4,1,1,1,16,672.0921325683594,3594.6248838945808
512,768,3072,1,m,n,n,64,128,64,4,2,2,1,1,78.17215919494629,30905.109042404263
512,768,3072,1,m,n,n,64,128,64,4,2,2,1,2,89.23135757446289,27074.77695813306
512,768,3072,1,m,n,n,64,128,64,4,2,2,1,4,114.5241641998291,21095.278196351202
512,768,3072,1,m,n,n,64,128,64,4,2,2,1,8,186.87999725341797,12927.649505066622
512,768,3072,1,m,n,n,64,128,64,4,2,2,1,16,390.6355285644531,6184.586212314746
512,768,3072,1,m,n,n,64,256,16,3,1,1,1,1,1103.3599853515625,2189.6018852181032
512,768,3072,1,m,n,n,64,256,16,3,1,1,1,2,602.8287887573242,4007.6372413802496
512,768,3072,1,m,n,n,64,256,16,3,1,1,1,4,628.1363296508789,3846.1699952027598
512,768,3072,1,m,n,n,64,256,16,3,1,1,1,8,897.5360107421875,2691.7238696665067
512,768,3072,1,m,n,n,64,256,16,3,1,1,1,16,1105.9814453125,2184.4119666197216
512,768,3072,1,m,n,n,64,256,16,3,1,1,1,32,2037.8828430175781,1185.504413208881
512,768,3072,1,m,n,n,64,256,16,3,1,1,1,64,3868.0984497070312,624.5753916069488
512,768,3072,1,m,n,n,64,256,16,3,2,2,1,1,142.7455997467041,16924.648523575815
512,768,3072,1,m,n,n,64,256,16,3,2,2,1,2,86.91712379455566,27795.663254003455
512,768,3072,1,m,n,n,64,256,16,3,2,2,1,4,111.14496231079102,21736.649630996722
512,768,3072,1,m,n,n,64,256,16,3,2,2,1,8,164.8863983154297,14652.021808241074
512,768,3072,1,m,n,n,64,256,16,3,2,2,1,16,337.5718307495117,7156.75564112067
512,768,3072,1,m,n,n,64,256,16,3,2,2,1,32,1291.7555236816406,1870.2603238067632
512,768,3072,1,m,n,n,64,256,16,3,2,2,1,64,2930.2374267578125,824.4789592606888
512,768,3072,1,m,n,n,64,256,16,4,1,1,1,1,1103.5033416748047,2189.317433632164
512,768,3072,1,m,n,n,64,256,16,4,1,1,1,2,599.818229675293,4027.7520496631782
512,768,3072,1,m,n,n,64,256,16,4,1,1,1,4,627.7529525756836,3848.5189023602884
512,768,3072,1,m,n,n,64,256,16,4,1,1,1,8,878.4690856933594,2750.146981089448
512,768,3072,1,m,n,n,64,256,16,4,1,1,1,16,1062.5228881835938,2273.7572346606735
512,768,3072,1,m,n,n,64,256,16,4,1,1,1,32,1948.3065795898438,1240.0097239873808
512,768,3072,1,m,n,n,64,256,16,4,1,1,1,64,3898.5726928710938,619.6932298883987
512,768,3072,1,m,n,n,64,256,16,4,2,2,1,1,142.6022434234619,16941.662669540558
512,768,3072,1,m,n,n,64,256,16,4,2,2,1,2,86.97855949401855,27776.030300503437
512,768,3072,1,m,n,n,64,256,16,4,2,2,1,4,111.00159645080566,21764.723943143475
512,768,3072,1,m,n,n,64,256,16,4,2,2,1,8,164.76160049438477,14663.11990628142
512,768,3072,1,m,n,n,64,256,16,4,2,2,1,16,337.98145294189453,7148.081893166318
512,768,3072,1,m,n,n,64,256,16,4,2,2,1,32,1289.9533081054688,1872.8732961259018
512,768,3072,1,m,n,n,64,256,16,4,2,2,1,64,2917.4578857421875,828.0904810337653
512,768,3072,1,m,n,n,64,256,16,5,1,1,1,1,998.6662292480469,2419.145689765723
512,768,3072,1,m,n,n,64,256,16,5,1,1,1,2,534.6099090576172,4519.031658538948
512,768,3072,1,m,n,n,64,256,16,5,1,1,1,4,647.6185607910156,3730.466126618025
512,768,3072,1,m,n,n,64,256,16,5,1,1,1,8,649.9942779541016,3716.831341353126
512,768,3072,1,m,n,n,64,256,16,5,1,1,1,16,876.8716430664062,2755.157066719103
512,768,3072,1,m,n,n,64,256,16,5,1,1,1,32,1690.2125549316406,1429.3581579138786
512,768,3072,1,m,n,n,64,256,16,5,2,2,1,1,142.64320373535156,16936.797833581313
512,768,3072,1,m,n,n,64,256,16,5,2,2,1,2,86.99904441833496,27769.490115121855
512,768,3072,1,m,n,n,64,256,16,5,2,2,1,4,132.28032112121582,18263.631986394703
512,768,3072,1,m,n,n,64,256,16,5,2,2,1,8,169.8201560974121,14226.338966584053
512,768,3072,1,m,n,n,64,256,16,5,2,2,1,16,349.0816116333008,6920.785923659155
512,768,3072,1,m,n,n,64,256,16,5,2,2,1,32,1346.6009521484375,1794.0868823429216
512,768,3072,1,m,n,n,64,256,16,6,1,1,1,1,998.1113433837891,2420.4905795475393
512,768,3072,1,m,n,n,64,256,16,6,1,1,1,2,533.647346496582,4527.182829373393
512,768,3072,1,m,n,n,64,256,16,6,1,1,1,4,648.0703735351562,3727.8653718135793
512,768,3072,1,m,n,n,64,256,16,6,1,1,1,8,650.2342224121094,3715.4597846879005
512,768,3072,1,m,n,n,64,256,16,6,1,1,1,16,875.9910583496094,2757.9266717078785
512,768,3072,1,m,n,n,64,256,16,6,1,1,1,32,1689.4157409667969,1430.032315561029
512,768,3072,1,m,n,n,64,256,16,6,2,2,1,1,142.92608261108398,16903.276573905376
512,768,3072,1,m,n,n,64,256,16,6,2,2,1,2,87.0195198059082,27762.956051568228
512,768,3072,1,m,n,n,64,256,16,6,2,2,1,4,128.28672409057617,18832.183307559186
512,768,3072,1,m,n,n,64,256,16,6,2,2,1,8,170.43455123901367,14175.05480219189
512,768,3072,1,m,n,n,64,256,16,6,2,2,1,16,356.5363311767578,6776.08112482168
512,768,3072,1,m,n,n,64,256,16,6,2,2,1,32,1355.3663635253906,1782.4841821483951
512,768,3072,1,m,n,n,64,256,32,3,1,1,1,1,1203.978271484375,2006.6135421376277
512,768,3072,1,m,n,n,64,256,32,3,1,1,1,2,738.5497283935547,3271.166464653572
512,768,3072,1,m,n,n,64,256,32,3,1,1,1,4,835.8092498779297,2890.5149163554315
512,768,3072,1,m,n,n,64,256,32,3,1,1,1,8,830.5868530273438,2908.6893143015664
512,768,3072,1,m,n,n,64,256,32,3,1,1,1,16,1046.8147277832031,2307.87649416826
512,768,3072,1,m,n,n,64,256,32,3,1,1,1,32,1815.1628112792969,1330.9655139404824
512,768,3072,1,m,n,n,64,256,32,3,2,2,1,1,137.09312438964844,17622.467317423107
512,768,3072,1,m,n,n,64,256,32,3,2,2,1,2,83.76319885253906,28842.249783859203
512,768,3072,1,m,n,n,64,256,32,3,2,2,1,4,135.3932762145996,17843.715519305002
512,768,3072,1,m,n,n,64,256,32,3,2,2,1,8,168.2841682434082,14356.18768668474
512,768,3072,1,m,n,n,64,256,32,3,2,2,1,16,341.19678497314453,7080.720599961563
512,768,3072,1,m,n,n,64,256,32,3,2,2,1,32,1327.8207397460938,1819.4617930594854
512,768,3072,1,m,n,n,64,256,32,4,1,1,1,1,1307.1974182128906,1848.1669794780323
512,768,3072,1,m,n,n,64,256,32,4,1,1,1,2,735.9078216552734,3282.9099418537044
512,768,3072,1,m,n,n,64,256,32,4,1,1,1,4,890.3475189208984,2713.456322007945
512,768,3072,1,m,n,n,64,256,32,4,1,1,1,8,863.4572601318359,2797.96026456611
512,768,3072,1,m,n,n,64,256,32,4,1,1,1,16,1080.5862426757812,2235.7485303696126
512,768,3072,1,m,n,n,64,256,32,4,1,1,1,32,1934.151611328125,1249.08465802278
512,768,3072,1,m,n,n,64,256,32,4,2,2,1,1,137.15456008911133,17614.573678267363
512,768,3072,1,m,n,n,64,256,32,4,2,2,1,2,84.74623680114746,28507.68594797697
512,768,3072,1,m,n,n,64,256,32,4,2,2,1,4,128.36864471435547,18820.16523097114
512,768,3072,1,m,n,n,64,256,32,4,2,2,1,8,169.9020767211914,14219.4795415274
512,768,3072,1,m,n,n,64,256,32,4,2,2,1,16,359.15775299072266,6726.623841146498
512,768,3072,1,m,n,n,64,256,32,4,2,2,1,32,1358.4793090820312,1778.3996324776676
512,768,3072,1,m,n,n,128,128,16,3,1,1,1,1,1005.8751678466797,2401.8080784038657
512,768,3072,1,m,n,n,128,128,16,3,1,1,1,2,524.6976089477539,4604.402731784819
512,768,3072,1,m,n,n,128,128,16,3,1,1,1,4,485.33504486083984,4977.83774236356
512,768,3072,1,m,n,n,128,128,16,3,1,1,1,8,748.8511657714844,3226.167247147252
512,768,3072,1,m,n,n,128,128,16,3,1,1,1,16,994.3039703369141,2429.759083815566
512,768,3072,1,m,n,n,128,128,16,3,1,1,1,32,1943.6338806152344,1242.9908369549873
512,768,3072,1,m,n,n,128,128,16,3,1,1,1,64,3872.3788452148438,623.8850072702435
512,768,3072,1,m,n,n,128,128,16,3,2,2,1,1,141.43487930297852,17081.494436918027
512,768,3072,1,m,n,n,128,128,16,3,2,2,1,2,85.21727561950684,28350.10960438378
512,768,3072,1,m,n,n,128,128,16,3,2,2,1,4,131.7734432220459,18333.88461990051
512,768,3072,1,m,n,n,128,128,16,3,2,2,1,8,163.57376098632812,14769.60051191785
512,768,3072,1,m,n,n,128,128,16,3,2,2,1,16,329.40032958984375,7334.294737981006
512,768,3072,1,m,n,n,128,128,16,3,2,2,1,32,1231.2371063232422,1962.1883482820717
512,768,3072,1,m,n,n,128,128,16,3,2,2,1,64,2892.144775390625,835.3382322203065
512,768,3072,1,m,n,n,128,128,16,4,1,1,1,1,1005.7727813720703,2402.052579613673
512,768,3072,1,m,n,n,128,128,16,4,1,1,1,2,525.1276779174805,4600.631818876708
512,768,3072,1,m,n,n,128,128,16,4,1,1,1,4,485.51937103271484,4975.947919155656
512,768,3072,1,m,n,n,128,128,16,4,1,1,1,8,748.9945220947266,3225.549764026786
512,768,3072,1,m,n,n,128,128,16,4,1,1,1,16,958.1568145751953,2521.4234948285707
512,768,3072,1,m,n,n,128,128,16,4,1,1,1,32,1882.3373413085938,1283.4676606481507
512,768,3072,1,m,n,n,128,128,16,4,1,1,1,64,3769.0164184570312,640.9945820795958
512,768,3072,1,m,n,n,128,128,16,4,2,2,1,1,141.5167999267578,17071.606376418644
512,768,3072,1,m,n,n,128,128,16,4,2,2,1,2,85.21727561950684,28350.10960438378
512,768,3072,1,m,n,n,128,128,16,4,2,2,1,4,132.03455924987793,18297.626907117752
512,768,3072,1,m,n,n,128,128,16,4,2,2,1,8,163.38943481445312,14786.262690384756
512,768,3072,1,m,n,n,128,128,16,4,2,2,1,16,330.6496047973633,7306.583975748535
512,768,3072,1,m,n,n,128,128,16,4,2,2,1,32,1232.3020935058594,1960.492574614386
512,768,3072,1,m,n,n,128,128,16,4,2,2,1,64,2901.6064453125,832.6143291771632
512,768,3072,1,m,n,n,128,128,16,5,1,1,1,1,1005.322265625,2403.1290130613434
512,768,3072,1,m,n,n,128,128,16,5,1,1,1,2,524.4927978515625,4606.200721718457
512,768,3072,1,m,n,n,128,128,16,5,1,1,1,4,484.45438385009766,4986.886659585985
512,768,3072,1,m,n,n,128,128,16,5,1,1,1,8,720.9964752197266,3350.8057071482067
512,768,3072,1,m,n,n,128,128,16,5,1,1,1,16,911.9744110107422,2649.1084342184936
512,768,3072,1,m,n,n,128,128,16,5,1,1,1,32,1779.5277404785156,1357.6181191479254
512,768,3072,1,m,n,n,128,128,16,5,2,2,1,1,141.5987205505371,17061.72975721027
512,768,3072,1,m,n,n,128,128,16,5,2,2,1,2,85.27872085571289,28329.682712849415
512,768,3072,1,m,n,n,128,128,16,5,2,2,1,4,131.56800270080566,18362.512574535012
512,768,3072,1,m,n,n,128,128,16,5,2,2,1,8,163.40991973876953,14784.409097453437
512,768,3072,1,m,n,n,128,128,16,5,2,2,1,16,329.74849700927734,7326.550767969169
512,768,3072,1,m,n,n,128,128,16,5,2,2,1,32,1240.289306640625,1947.8673976022717
512,768,3072,1,m,n,n,128,128,16,6,1,1,1,1,1005.1789093017578,2403.4717418396745
512,768,3072,1,m,n,n,128,128,16,6,1,1,1,2,524.1651153564453,4609.080294015971
512,768,3072,1,m,n,n,128,128,16,6,1,1,1,4,484.78206634521484,4983.515834679446
512,768,3072,1,m,n,n,128,128,16,6,1,1,1,8,719.4419097900391,3358.0461064675237
512,768,3072,1,m,n,n,128,128,16,6,1,1,1,16,909.7830200195312,2655.4893318938125
512,768,3072,1,m,n,n,128,128,16,6,1,1,1,32,1778.7289428710938,1358.2278028828837
512,768,3072,1,m,n,n,128,128,16,6,2,2,1,1,141.61919593811035,17059.26296217493
512,768,3072,1,m,n,n,128,128,16,6,2,2,1,2,85.31968116760254,28316.082185705225
512,768,3072,1,m,n,n,128,128,16,6,2,2,1,4,131.72736167907715,18340.29827368608
512,768,3072,1,m,n,n,128,128,16,6,2,2,1,8,164.2291259765625,14710.661641984147
512,768,3072,1,m,n,n,128,128,16,6,2,2,1,16,326.79935455322266,7392.667917912129
512,768,3072,1,m,n,n,128,128,16,6,2,2,1,32,1229.9263763427734,1964.279448322602
512,768,3072,1,m,n,n,128,128,32,3,1,1,1,1,1134.4281768798828,2129.6360168386454
512,768,3072,1,m,n,n,128,128,32,3,1,1,1,2,578.2527923583984,4177.9635756650605
512,768,3072,1,m,n,n,128,128,32,3,1,1,1,4,611.3113784790039,3952.027050455069
512,768,3072,1,m,n,n,128,128,32,3,1,1,1,8,845.3126525878906,2858.018387165697
512,768,3072,1,m,n,n,128,128,32,3,1,1,1,16,1031.4546966552734,2342.2445133403994
512,768,3072,1,m,n,n,128,128,32,3,1,1,1,32,1909.6575927734375,1265.1059085892502
512,768,3072,1,m,n,n,128,128,32,3,2,2,1,1,134.6560001373291,17941.414430371628
512,768,3072,1,m,n,n,128,128,32,3,2,2,1,2,82.12479591369629,29417.657324090684
512,768,3072,1,m,n,n,128,128,32,3,2,2,1,4,133.01759719848633,18162.40223009751
512,768,3072,1,m,n,n,128,128,32,3,2,2,1,8,163.24607849121094,14799.247408139556
512,768,3072,1,m,n,n,128,128,32,3,2,2,1,16,324.136962890625,7453.389710494741
512,768,3072,1,m,n,n,128,128,32,3,2,2,1,32,1224.8063659667969,1972.4906492407088
512,768,3072,1,m,n,n,128,128,32,4,1,1,1,1,1073.5616302490234,2250.3776550207026
512,768,3072,1,m,n,n,128,128,32,4,1,1,1,2,586.8339157104492,4116.870275084855
512,768,3072,1,m,n,n,128,128,32,4,1,1,1,4,698.8800048828125,3456.8439318922838
512,768,3072,1,m,n,n,128,128,32,4,1,1,1,8,693.3503723144531,3484.413076660635
512,768,3072,1,m,n,n,128,128,32,4,1,1,1,16,942.8173065185547,2562.4467087065022
512,768,3072,1,m,n,n,128,128,32,4,1,1,1,32,1843.5276794433594,1310.4870249246653
512,768,3072,1,m,n,n,128,128,32,4,2,2,1,1,134.7379207611084,17930.5060546648
512,768,3072,1,m,n,n,128,128,32,4,2,2,1,2,82.1452808380127,29410.321315525092
512,768,3072,1,m,n,n,128,128,32,4,2,2,1,4,135.3113555908203,17854.518517320204
512,768,3072,1,m,n,n,128,128,32,4,2,2,1,8,168.73472213745117,14317.853927136553
512,768,3072,1,m,n,n,128,128,32,4,2,2,1,16,331.46881103515625,7288.526170698343
512,768,3072,1,m,n,n,128,128,32,4,2,2,1,32,1267.6505279541016,1905.8242399812846
512,768,3072,1,m,n,n,128,128,32,5,1,1,1,1,1074.3807983398438,2248.661841065226
512,768,3072,1,m,n,n,128,128,32,5,1,1,1,2,582.4921417236328,4147.556560765155
512,768,3072,1,m,n,n,128,128,32,5,1,1,1,4,698.5727691650391,3458.3642687469755
512,768,3072,1,m,n,n,128,128,32,5,1,1,1,8,691.4048004150391,3494.218007381151
512,768,3072,1,m,n,n,128,128,32,5,1,1,1,16,938.5369873046875,2574.1330780559783
512,768,3072,1,m,n,n,128,128,32,5,2,2,1,1,134.7987174987793,17922.419061753153
512,768,3072,1,m,n,n,128,128,32,5,2,2,1,2,82.22720146179199,29381.02064828985
512,768,3072,1,m,n,n,128,128,32,5,2,2,1,4,135.4751968383789,17832.9255862398
512,768,3072,1,m,n,n,128,128,32,5,2,2,1,8,168.77567291259766,14314.379924001903
512,768,3072,1,m,n,n,128,128,32,5,2,2,1,16,347.9347229003906,6943.598741341053
512,768,3072,1,m,n,n,128,128,32,6,1,1,1,1,1075.1385498046875,2247.076997135748
512,768,3072,1,m,n,n,128,128,32,6,1,1,1,2,583.9052963256836,4137.518736689928
512,768,3072,1,m,n,n,128,128,32,6,1,1,1,4,692.7974700927734,3487.1938889679855
512,768,3072,1,m,n,n,128,128,32,6,1,1,1,8,683.9910125732422,3532.0918836507403
512,768,3072,1,m,n,n,128,128,32,6,1,1,1,16,938.6598205566406,2573.796226376581
512,768,3072,1,m,n,n,128,128,32,6,2,2,1,1,134.84031677246094,17916.889857777423
512,768,3072,1,m,n,n,128,128,32,6,2,2,1,2,82.24767684936523,29373.70630449176
512,768,3072,1,m,n,n,128,128,32,6,2,2,1,4,135.0656032562256,17887.004875822393
512,768,3072,1,m,n,n,128,128,32,6,2,2,1,8,169.20576095581055,14277.995562047896
512,768,3072,1,m,n,n,128,128,32,6,2,2,1,16,355.24608612060547,6800.691684974116
512,768,3072,1,m,n,n,128,128,64,3,1,1,1,1,1158.4102630615234,2085.5470475676284
512,768,3072,1,m,n,n,128,128,64,3,1,1,1,2,616.2227249145508,3920.5290657448672
512,768,3072,1,m,n,n,128,128,64,3,1,1,1,4,721.3452911376953,3349.1853813721405
512,768,3072,1,m,n,n,128,128,64,3,1,1,1,8,698.6547088623047,3457.958664494087
512,768,3072,1,m,n,n,128,128,64,3,1,1,1,16,924.0166473388672,2614.5839590203873
512,768,3072,1,m,n,n,128,128,64,3,2,2,1,1,135.24991989135742,17862.628724221366
512,768,3072,1,m,n,n,128,128,64,3,2,2,1,2,83.02592277526855,29098.37100563542
512,768,3072,1,m,n,n,128,128,64,3,2,2,1,4,136.84736251831055,17654.115209394287
512,768,3072,1,m,n,n,128,128,64,3,2,2,1,8,170.94655990600586,14132.59854616777
512,768,3072,1,m,n,n,128,128,64,3,2,2,1,16,347.58655548095703,6950.553943771163
512,768,3072,1,m,n,n,128,256,16,3,1,1,1,1,2010.8697509765623,1201.4299299229742
512,768,3072,1,m,n,n,128,256,16,3,1,1,1,2,1044.9100494384766,2312.0833274579845
512,768,3072,1,m,n,n,128,256,16,3,1,1,1,4,902.0620727539062,2678.218247913293
512,768,3072,1,m,n,n,128,256,16,3,1,1,1,8,891.2486267089844,2710.7128489173647
512,768,3072,1,m,n,n,128,256,16,3,1,1,1,16,1189.4989013671875,2031.0393739945355
512,768,3072,1,m,n,n,128,256,16,3,1,1,1,32,2014.7608947753906,1199.1095867826693
512,768,3072,1,m,n,n,128,256,16,3,1,1,1,64,3845.140380859375,628.3045258961523
512,768,3072,1,m,n,n,128,256,16,3,2,2,1,1,502.51777648925776,4807.629136780686
512,768,3072,1,m,n,n,128,256,16,3,2,2,1,2,249.28255081176758,9691.489019719846
512,768,3072,1,m,n,n,128,256,16,3,2,2,1,4,188.6412811279297,12806.948137516152
512,768,3072,1,m,n,n,128,256,16,3,2,2,1,8,210.53375244140625,11475.210392558674
512,768,3072,1,m,n,n,128,256,16,3,2,2,1,16,496.1689758300781,4869.145838790563
512,768,3072,1,m,n,n,128,256,16,3,2,2,1,32,1431.3880920410156,1687.8155668845493
512,768,3072,1,m,n,n,128,256,16,3,2,2,1,64,3075.1333618164062,785.6306767043676
512,768,3072,1,m,n,n,128,256,16,4,1,1,1,1,2009.3746948242188,1202.3238424485812
512,768,3072,1,m,n,n,128,256,16,4,1,1,1,2,1053.3273315429688,2293.607154825306
512,768,3072,1,m,n,n,128,256,16,4,1,1,1,4,901.0995483398438,2681.079031113721
512,768,3072,1,m,n,n,128,256,16,4,1,1,1,8,890.7571411132812,2712.208516207402
512,768,3072,1,m,n,n,128,256,16,4,1,1,1,16,1189.5378875732422,2030.9728082126744
512,768,3072,1,m,n,n,128,256,16,4,1,1,1,32,2014.2285156250002,1199.4265224918427
512,768,3072,1,m,n,n,128,256,16,4,1,1,1,64,3841.8450927734375,628.8434451832471
512,768,3072,1,m,n,n,128,256,16,4,2,2,1,1,501.14559173583984,4820.792887016876
512,768,3072,1,m,n,n,128,256,16,4,2,2,1,2,248.7513542175293,9712.184730006797
512,768,3072,1,m,n,n,128,256,16,4,2,2,1,4,188.4160041809082,12822.26058504217
512,768,3072,1,m,n,n,128,256,16,4,2,2,1,8,210.00192642211914,11504.271151988516
512,768,3072,1,m,n,n,128,256,16,4,2,2,1,16,492.0934295654297,4909.47238643993
512,768,3072,1,m,n,n,128,256,16,4,2,2,1,32,1425.4695129394531,1694.8234122651604
512,768,3072,1,m,n,n,128,256,16,4,2,2,1,64,3083.6965942382812,783.4490294907785
512,768,3072,1,m,n,n,128,256,16,5,1,1,1,1,2003.3740234375,1205.9251421532522
512,768,3072,1,m,n,n,128,256,16,5,1,1,1,2,1049.9276733398438,2301.0338381832594
512,768,3072,1,m,n,n,128,256,16,5,1,1,1,4,888.7910461425781,2718.208193574042
512,768,3072,1,m,n,n,128,256,16,5,1,1,1,8,1030.9017944335938,2343.500726300873
512,768,3072,1,m,n,n,128,256,16,5,1,1,1,16,1160.5811309814453,2081.646030171952
512,768,3072,1,m,n,n,128,256,16,5,1,1,1,32,1920.4095458984375,1258.0228572388942
512,768,3072,1,m,n,n,128,256,16,5,2,2,1,1,418.69312286376953,5770.1427897254225
512,768,3072,1,m,n,n,128,256,16,5,2,2,1,2,196.6694450378418,12284.160884956711
512,768,3072,1,m,n,n,128,256,16,5,2,2,1,4,168.1670379638672,14366.186936818682
512,768,3072,1,m,n,n,128,256,16,5,2,2,1,8,241.27487182617188,10013.140140596845
512,768,3072,1,m,n,n,128,256,16,5,2,2,1,16,384.45056915283203,6284.082526717735
512,768,3072,1,m,n,n,128,256,16,5,2,2,1,32,1201.1929321289062,2011.266499643985
512,768,3072,1,m,n,n,128,256,16,6,1,1,1,1,2016.194610595703,1198.256900054998
512,768,3072,1,m,n,n,128,256,16,6,1,1,1,2,1043.5584259033203,2315.077952543714
512,768,3072,1,m,n,n,128,256,16,6,1,1,1,4,895.3855895996094,2698.1885034360776
512,768,3072,1,m,n,n,128,256,16,6,1,1,1,8,1042.534408569336,2317.3519110178363
512,768,3072,1,m,n,n,128,256,16,6,1,1,1,16,1168.0563354492188,2068.3241301635253
512,768,3072,1,m,n,n,128,256,16,6,1,1,1,32,1934.0492248535156,1249.1507832138975
512,768,3072,1,m,n,n,128,256,16,6,1,1,1,64,3919.1961669921875,616.4322991400843
512,768,3072,1,m,n,n,128,256,16,6,2,2,1,1,501.0636901855469,4821.580871496338
512,768,3072,1,m,n,n,128,256,16,6,2,2,1,2,249.56928253173828,9680.354406968181
512,768,3072,1,m,n,n,128,256,16,6,2,2,1,4,187.9654312133789,12852.996896314631
512,768,3072,1,m,n,n,128,256,16,6,2,2,1,8,265.7279968261719,9091.69953055565
512,768,3072,1,m,n,n,128,256,16,6,2,2,1,16,400.99647521972656,6024.7888779476025
512,768,3072,1,m,n,n,128,256,16,6,2,2,1,32,1288.0691528320312,1875.6128882429998
512,768,3072,1,m,n,n,128,256,32,3,1,1,1,1,2136.248321533203,1130.9167944792462
512,768,3072,1,m,n,n,128,256,32,3,1,1,1,2,1137.23388671875,2124.381916696686
512,768,3072,1,m,n,n,128,256,32,3,1,1,1,4,998.4614562988281,2419.6418286946305
512,768,3072,1,m,n,n,128,256,32,3,1,1,1,8,1134.1414642333984,2130.1743919864484
512,768,3072,1,m,n,n,128,256,32,3,1,1,1,16,1263.4124755859375,1912.2172296735953
512,768,3072,1,m,n,n,128,256,32,3,1,1,1,32,2050.0274658203125,1178.4813346553274
512,768,3072,1,m,n,n,128,256,32,3,2,2,1,1,677.6831817626953,3564.9683642967902
512,768,3072,1,m,n,n,128,256,32,3,2,2,1,2,326.8608093261719,7391.277984596719
512,768,3072,1,m,n,n,128,256,32,3,2,2,1,4,259.4259262084961,9312.558460554044
512,768,3072,1,m,n,n,128,256,32,3,2,2,1,8,408.43265533447266,5915.097807303291
512,768,3072,1,m,n,n,128,256,32,3,2,2,1,16,610.3654479980469,3958.1518120398764
512,768,3072,1,m,n,n,128,256,32,3,2,2,1,32,1553.6947631835938,1554.9509216660215
512,768,3072,1,m,n,n,128,256,32,4,1,1,1,1,2115.0924682617188,1142.2285976865658
512,768,3072,1,m,n,n,128,256,32,4,1,1,1,2,1119.7030639648438,2157.642665945098
512,768,3072,1,m,n,n,128,256,32,4,1,1,1,4,977.2032165527344,2472.2791156199864
512,768,3072,1,m,n,n,128,256,32,4,1,1,1,8,1126.7890930175781,2144.073916734577
512,768,3072,1,m,n,n,128,256,32,4,1,1,1,16,1258.4960174560547,1919.6875242271963
512,768,3072,1,m,n,n,128,256,32,4,1,1,1,32,2045.4400634765623,1181.124368852807
512,768,3072,1,m,n,n,128,256,32,4,2,2,1,1,680.8370971679688,3548.4539753332074
512,768,3072,1,m,n,n,128,256,32,4,2,2,1,2,327.0451354980469,7387.112180466687
512,768,3072,1,m,n,n,128,256,32,4,2,2,1,4,258.62144470214844,9341.526596073223
512,768,3072,1,m,n,n,128,256,32,4,2,2,1,8,407.36766815185547,5930.5617329930365
512,768,3072,1,m,n,n,128,256,32,4,2,2,1,16,607.1500778198242,3979.1135540576183
512,768,3072,1,m,n,n,128,256,32,4,2,2,1,32,1551.1961364746094,1557.4555964861022
512,768,3072,1,m,n,n,256,256,16,3,1,1,1,1,3918.8479614257812,616.4870716548606
512,768,3072,1,m,n,n,256,256,16,3,1,1,1,2,1910.5996704101562,1264.4821107298553
512,768,3072,1,m,n,n,256,256,16,3,1,1,1,4,1422.5202941894531,1698.3371793487008
512,768,3072,1,m,n,n,256,256,16,3,1,1,1,8,1046.118392944336,2309.412701558868
512,768,3072,1,m,n,n,256,256,16,3,1,1,1,16,1161.6255950927734,2079.774338828211
512,768,3072,1,m,n,n,256,256,16,3,1,1,1,32,2167.0297241210938,1114.8527761795474
512,768,3072,1,m,n,n,256,256,16,3,1,1,1,64,3582.5253295898438,674.3620440156368
512,768,3072,1,m,n,n,256,256,16,3,2,2,1,1,1303.5929870605469,1853.2771562753044
512,768,3072,1,m,n,n,256,256,16,3,2,2,1,2,669.0406036376953,3611.0201546277
512,768,3072,1,m,n,n,256,256,16,3,2,2,1,4,511.83616638183594,4720.10237392583
512,768,3072,1,m,n,n,256,256,16,3,2,2,1,8,805.1097869873047,3000.732500147952
512,768,3072,1,m,n,n,256,256,16,3,2,2,1,16,1017.3030090332031,2374.827443296345
512,768,3072,1,m,n,n,256,256,16,3,2,2,1,32,1810.5958557128906,1334.3226741501483
512,768,3072,1,m,n,n,256,256,16,3,2,2,1,64,3267.5192260742188,739.3741051992588
512,768,3072,1,m,n,n,256,256,16,4,1,1,1,1,3708.4161376953125,651.4692564954248
512,768,3072,1,m,n,n,256,256,16,4,1,1,1,2,2013.1021118164062,1200.0976452307902
512,768,3072,1,m,n,n,256,256,16,4,1,1,1,4,1517.4656677246094,1592.0749677471074
512,768,3072,1,m,n,n,256,256,16,4,1,1,1,8,1100.738525390625,2194.816523881228
512,768,3072,1,m,n,n,256,256,16,4,1,1,1,16,1373.6550903320312,1758.7523396546649
512,768,3072,1,m,n,n,256,256,16,4,1,1,1,32,1999.4624328613281,1208.284318972026
512,768,3072,1,m,n,n,256,256,16,4,1,1,1,64,3655.9463500976562,660.8190801091671
512,768,3072,1,m,n,n,256,256,16,4,2,2,1,1,1304.3302917480469,1852.229545909124
512,768,3072,1,m,n,n,256,256,16,4,2,2,1,2,669.2044830322266,3610.135863186765
512,768,3072,1,m,n,n,256,256,16,4,2,2,1,4,510.9145736694336,4728.616540821406
512,768,3072,1,m,n,n,256,256,16,4,2,2,1,8,803.0003356933594,3008.615310121818
512,768,3072,1,m,n,n,256,256,16,4,2,2,1,16,1058.6521911621094,2282.0706594372455
512,768,3072,1,m,n,n,256,256,16,4,2,2,1,32,1800.9292602539062,1341.484730865769
512,768,3072,1,m,n,n,256,256,16,4,2,2,1,64,3487.457275390625,692.7451473163629
512,768,3072,1,m,n,n,256,256,16,5,1,1,1,1,3970.6207275390625,608.4487211895845
512,768,3072,1,m,n,n,256,256,16,5,1,1,1,2,2007.5724792480466,1203.4031791992402
512,768,3072,1,m,n,n,256,256,16,5,1,1,1,4,1524.4288635253906,1584.802782081252
512,768,3072,1,m,n,n,256,256,16,5,1,1,1,8,1098.8134765625,2198.661697850576
512,768,3072,1,m,n,n,256,256,16,5,1,1,1,16,1373.5321044921875,1758.90981805132
512,768,3072,1,m,n,n,256,256,16,5,1,1,1,32,1995.3459167480469,1210.7770806664892
512,768,3072,1,m,n,n,256,256,16,5,1,1,1,64,3658.6495971679688,660.330824211774
512,768,3072,1,m,n,n,256,256,16,5,2,2,1,1,1307.66845703125,1847.5012462140207
512,768,3072,1,m,n,n,256,256,16,5,2,2,1,2,671.9283294677734,3595.5011837551506
512,768,3072,1,m,n,n,256,256,16,5,2,2,1,4,511.61407470703125,4722.151370412245
512,768,3072,1,m,n,n,256,256,16,5,2,2,1,8,802.7750396728516,3009.4596675359267
512,768,3072,1,m,n,n,256,256,16,5,2,2,1,16,1056.9318389892578,2285.7851517751037
512,768,3072,1,m,n,n,256,256,16,5,2,2,1,32,1799.8028564453125,1342.324296990807
512,768,3072,1,m,n,n,256,256,16,5,2,2,1,64,3474.8825073242188,695.2520261930647
512,768,3072,1,m,n,n,256,256,16,6,1,1,1,1,3968.8192749023438,608.7248969177227
512,768,3072,1,m,n,n,256,256,16,6,1,1,1,2,2012.5695800781252,1200.4151945425995
512,768,3072,1,m,n,n,256,256,16,6,1,1,1,4,1503.6210632324219,1606.7340123623687
512,768,3072,1,m,n,n,256,256,16,6,1,1,1,8,1098.8134765625,2198.661697850576
512,768,3072,1,m,n,n,256,256,16,6,1,1,1,16,1376.1331176757812,1755.585323082962
512,768,3072,1,m,n,n,256,256,16,6,1,1,1,32,2005.1557922363284,1204.853564672674
512,768,3072,1,m,n,n,256,256,16,6,1,1,1,64,3676.3238525390625,657.1562247791198
512,768,3072,1,m,n,n,256,256,16,6,2,2,1,1,1310.330810546875,1843.7474602247203
512,768,3072,1,m,n,n,256,256,16,6,2,2,1,2,671.1705780029297,3599.5605039609686
512,768,3072,1,m,n,n,256,256,16,6,2,2,1,4,510.2796936035157,4734.499793513545
512,768,3072,1,m,n,n,256,256,16,6,2,2,1,8,800.4198455810547,3018.3148473114056
512,768,3072,1,m,n,n,256,256,16,6,2,2,1,16,1057.6895904541016,2284.147566359961
512,768,3072,1,m,n,n,256,256,16,6,2,2,1,32,1800.8883666992188,1341.5151925424718
512,768,3072,1,m,n,n,256,256,16,6,2,2,1,64,3479.8593139648438,694.2576943570102
512,768,3072,1,m,n,n,256,256,32,3,1,1,1,1,3942.8094482421875,612.7405180783167
512,768,3072,1,m,n,n,256,256,32,3,1,1,1,2,1980.2117919921875,1220.0306622603587
512,768,3072,1,m,n,n,256,256,32,3,1,1,1,4,1432.14599609375,1686.9223602827788
512,768,3072,1,m,n,n,256,256,32,3,1,1,1,8,1051.5660858154297,2297.4486687886974
512,768,3072,1,m,n,n,256,256,32,3,1,1,1,16,1394.9746704101562,1731.8730979464033
512,768,3072,1,m,n,n,256,256,32,3,1,1,1,32,1925.0790405273438,1254.9713820260588
512,768,3072,1,m,n,n,256,256,32,3,2,2,1,1,1454.3257141113281,1661.195343352818
512,768,3072,1,m,n,n,256,256,32,3,2,2,1,2,778.564453125,3103.0431639962367
512,768,3072,1,m,n,n,256,256,32,3,2,2,1,4,588.4928131103516,4105.265264381364
512,768,3072,1,m,n,n,256,256,32,3,2,2,1,8,868.9663696289062,2780.2216385332877
512,768,3072,1,m,n,n,256,256,32,3,2,2,1,16,1129.533462524414,2138.8645703338616
512,768,3072,1,m,n,n,256,256,32,3,2,2,1,32,1840.0460815429688,1312.9666306911909
768,768,768,1,m,n,n,16,16,16,3,1,1,1,1,71.08607769012451,12744.684943080776
768,768,768,1,m,n,n,16,16,16,3,1,1,1,2,83.99295806884766,10786.257381927084
768,768,768,1,m,n,n,16,16,16,3,1,1,1,4,113.59744071960449,7975.264744178774
768,768,768,1,m,n,n,16,16,16,3,1,1,1,8,275.1078414916992,3293.1437326090745
768,768,768,1,m,n,n,16,16,16,3,1,1,1,16,632.5247955322266,1432.3069552359416
768,768,768,1,m,n,n,16,16,16,4,1,1,1,1,70.67647933959961,12818.545468950528
768,768,768,1,m,n,n,16,16,16,4,1,1,1,2,82.61631965637207,10965.989138323037
768,768,768,1,m,n,n,16,16,16,4,1,1,1,4,111.73888206481934,8107.917738737087
768,768,768,1,m,n,n,16,16,16,4,1,1,1,8,274.35007095336914,3302.239583360583
768,768,768,1,m,n,n,16,16,16,4,1,1,1,16,630.1491165161133,1437.7067907494777
768,768,768,1,m,n,n,16,16,16,5,1,1,1,1,71.22943878173828,12719.0341450826
768,768,768,1,m,n,n,16,16,16,5,1,1,1,2,82.83712387084961,10936.75904794192
768,768,768,1,m,n,n,16,16,16,5,1,1,1,4,111.51359558105469,8124.297842602408
768,768,768,1,m,n,n,16,16,16,5,1,1,1,8,274.0224075317383,3306.1882499337844
768,768,768,1,m,n,n,16,16,16,6,1,1,1,1,78.68415832519531,11514.00336845061
768,768,768,1,m,n,n,16,16,16,6,1,1,1,2,83.55839729309082,10842.353292419024
768,768,768,1,m,n,n,16,16,16,6,1,1,1,4,111.26784324645996,8142.241617762497
768,768,768,1,m,n,n,16,16,16,6,1,1,1,8,273.8585662841797,3308.1662417668776
768,768,768,1,m,n,n,16,16,32,3,1,1,1,1,71.0041618347168,12759.388190637508
768,768,768,1,m,n,n,16,16,32,3,1,1,1,2,82.41151809692383,10993.240810519874
768,768,768,1,m,n,n,16,16,32,3,1,1,1,4,112.82431602478027,8029.91496798453
768,768,768,1,m,n,n,16,16,32,3,1,1,1,8,272.6911926269531,3322.3282911061387
768,768,768,1,m,n,n,16,16,32,4,1,1,1,1,71.72095775604248,12631.867899500718
768,768,768,1,m,n,n,16,16,32,4,1,1,1,2,82.08383560180664,11037.12633989121
768,768,768,1,m,n,n,16,16,32,4,1,1,1,4,112.06656455993652,8084.210197373015
768,768,768,1,m,n,n,16,16,32,4,1,1,1,8,271.3599967956543,3338.626454518401
768,768,768,1,m,n,n,16,16,32,5,1,1,1,1,76.12224102020264,11901.510673596147
768,768,768,1,m,n,n,16,16,32,5,1,1,1,2,82.8006362915039,10941.578526165997
768,768,768,1,m,n,n,16,16,32,5,1,1,1,4,111.08351707458496,8155.752427173364
768,768,768,1,m,n,n,16,16,32,6,1,1,1,1,72.64256000518799,12471.609810217282
768,768,768,1,m,n,n,16,16,32,6,1,1,1,2,82.39104270935059,10995.972792770363
768,768,768,1,m,n,n,16,16,32,6,1,1,1,4,109.52447891235352,8271.846376233374
768,768,768,1,m,n,n,16,16,64,3,1,1,1,1,72.00767993927002,12581.569976481378
768,768,768,1,m,n,n,16,16,64,3,1,1,1,2,81.81759834289551,11073.04152589647
768,768,768,1,m,n,n,16,16,64,3,1,1,1,4,110.2847957611084,8214.819257247857
768,768,768,1,m,n,n,16,16,64,4,1,1,1,1,73.58335971832275,12312.154099351454
768,768,768,1,m,n,n,16,16,64,4,1,1,1,2,81.94047927856445,11056.435988372365
768,768,768,1,m,n,n,16,16,64,4,1,1,1,4,108.66687774658203,8337.127952758321
768,768,768,1,m,n,n,16,16,64,5,1,1,1,1,75.32544136047363,12027.405981790898
768,768,768,1,m,n,n,16,16,64,5,1,1,1,2,87.49055862426758,10355.05634260184
768,768,768,1,m,n,n,16,16,64,6,1,1,1,1,76.98431968688965,11768.236280904432
768,768,768,1,m,n,n,16,16,64,6,1,1,1,2,90.37823677062988,10024.201581839357
768,768,768,1,m,n,n,16,16,128,3,1,1,1,1,75.69407939910889,11968.831263844735
768,768,768,1,m,n,n,16,16,128,3,1,1,1,2,87.20383644104004,10389.103289194634
768,768,768,1,m,n,n,16,16,128,4,1,1,1,1,81.03936195373535,11179.378047388998
768,768,768,1,m,n,n,16,16,128,4,1,1,1,2,98.05824279785156,9239.097480745899
768,768,768,1,m,n,n,16,16,128,5,1,1,1,1,93.73696327209473,9665.020418574888
768,768,768,1,m,n,n,16,16,128,5,1,1,1,2,116.5721607208252,7771.74977625813
768,768,768,1,m,n,n,16,16,128,6,1,1,1,1,101.3759994506836,8936.727321151859
768,768,768,1,m,n,n,16,16,128,6,1,1,1,2,118.49727630615234,7645.489349977256
768,768,768,1,m,n,n,16,16,256,3,1,1,1,1,93.02016258239746,9739.497748109074
768,768,768,1,m,n,n,16,16,256,4,1,1,1,1,144.7321605682373,6259.629238194505
768,768,768,1,m,n,n,16,16,256,5,1,1,1,1,148.97151947021484,6081.495759873339
768,768,768,1,m,n,n,16,16,256,6,1,1,1,1,153.43615531921387,5904.53835417858
768,768,768,1,m,n,n,16,32,16,3,1,1,1,1,58.63423824310303,15451.205492663948
768,768,768,1,m,n,n,16,32,16,3,1,1,1,2,70.90176105499268,12777.816101031873
768,768,768,1,m,n,n,16,32,16,3,1,1,1,4,105.98719596862793,8547.916148929593
768,768,768,1,m,n,n,16,32,16,3,1,1,1,8,274.0019226074219,3306.4354270901754
768,768,768,1,m,n,n,16,32,16,3,1,1,1,16,620.5644989013672,1459.912169651837
768,768,768,1,m,n,n,16,32,16,4,1,1,1,1,58.06079864501953,15603.809887959824
768,768,768,1,m,n,n,16,32,16,4,1,1,1,2,71.72095775604248,12631.867899500718
768,768,768,1,m,n,n,16,32,16,4,1,1,1,4,104.67328071594238,8655.214184588134
768,768,768,1,m,n,n,16,32,16,4,1,1,1,8,272.7935981750488,3321.081103298651
768,768,768,1,m,n,n,16,32,16,4,1,1,1,16,619.683837890625,1461.986917528588
768,768,768,1,m,n,n,16,32,16,5,1,1,1,1,59.14624214172363,15317.450968890893
768,768,768,1,m,n,n,16,32,16,5,1,1,1,2,72.00767993927002,12581.569976481378
768,768,768,1,m,n,n,16,32,16,5,1,1,1,4,103.38303565979004,8763.233331446556
768,768,768,1,m,n,n,16,32,16,5,1,1,1,8,271.89247131347656,3332.088084761525
768,768,768,1,m,n,n,16,32,16,6,1,1,1,1,59.24863815307617,15290.978699954512
768,768,768,1,m,n,n,16,32,16,6,1,1,1,2,71.65952205657959,12642.697550852785
768,768,768,1,m,n,n,16,32,16,6,1,1,1,4,102.91199684143066,8803.343553773819
768,768,768,1,m,n,n,16,32,16,6,1,1,1,8,271.0527992248535,3342.410285342404
768,768,768,1,m,n,n,16,32,32,3,1,1,1,1,59.49440002441406,15227.814107348375
768,768,768,1,m,n,n,16,32,32,3,1,1,1,2,71.22943878173828,12719.0341450826
768,768,768,1,m,n,n,16,32,32,3,1,1,1,4,103.21920394897461,8777.14252134571
768,768,768,1,m,n,n,16,32,32,3,1,1,1,8,270.15167236328125,3353.5593397390294
768,768,768,1,m,n,n,16,32,32,4,1,1,1,1,58.75711917877197,15418.89181536512
768,768,768,1,m,n,n,16,32,32,4,1,1,1,2,70.36928176879883,12874.50491503666
768,768,768,1,m,n,n,16,32,32,4,1,1,1,4,102.15423583984375,8868.64510856279
768,768,768,1,m,n,n,16,32,32,4,1,1,1,8,268.45184326171875,3374.793977915633
768,768,768,1,m,n,n,16,32,32,5,1,1,1,1,60.31360149383545,15020.984347827372
768,768,768,1,m,n,n,16,32,32,5,1,1,1,2,70.49215793609619,12852.063130501634
768,768,768,1,m,n,n,16,32,32,5,1,1,1,4,100.3929615020752,9024.234871099732
768,768,768,1,m,n,n,16,32,32,6,1,1,1,1,61.21471881866455,14799.866461589743
768,768,768,1,m,n,n,16,32,32,6,1,1,1,2,71.68000221252441,12639.085324158972
768,768,768,1,m,n,n,16,32,32,6,1,1,1,4,101.27360343933105,8945.763093565938
768,768,768,1,m,n,n,16,32,64,3,1,1,1,1,60.8460807800293,14889.53195317971
768,768,768,1,m,n,n,16,32,64,3,1,1,1,2,71.84383869171143,12610.262487331722
768,768,768,1,m,n,n,16,32,64,3,1,1,1,4,100.35200119018555,9027.918260274855
768,768,768,1,m,n,n,16,32,64,4,1,1,1,1,65.7203197479248,13785.229096189949
768,768,768,1,m,n,n,16,32,64,4,1,1,1,2,76.32895946502686,11869.278323060411
768,768,768,1,m,n,n,16,32,64,4,1,1,1,4,109.07648086547852,8305.820437288505
768,768,768,1,m,n,n,16,32,64,5,1,1,1,1,67.99359798431396,13324.337744400671
768,768,768,1,m,n,n,16,32,64,5,1,1,1,2,83.76319885253906,10815.843668947202
768,768,768,1,m,n,n,16,32,64,6,1,1,1,1,76.02176189422607,11917.241082369721
768,768,768,1,m,n,n,16,32,64,6,1,1,1,2,102.05183982849121,8877.543663324217
768,768,768,1,m,n,n,16,32,128,3,1,1,1,1,74.40383911132812,12176.383299851317
768,768,768,1,m,n,n,16,32,128,3,1,1,1,2,93.49120140075684,9690.42701800884
768,768,768,1,m,n,n,16,32,128,4,1,1,1,1,80.0153636932373,11322.446367591408
768,768,768,1,m,n,n,16,32,128,4,1,1,1,2,107.80672073364258,8403.647359225162
768,768,768,1,m,n,n,16,32,128,5,1,1,1,1,126.87359809875487,7140.726499258093
768,768,768,1,m,n,n,16,32,128,5,1,1,1,2,154.15295600891113,5877.082655149529
768,768,768,1,m,n,n,16,32,128,6,1,1,1,1,134.14400100708008,6753.709872960947
768,768,768,1,m,n,n,16,32,256,3,1,1,1,1,129.5353603363037,6993.995011461687
768,768,768,1,m,n,n,16,32,256,4,1,1,1,1,142.02879905700684,6378.774375444563
768,768,768,1,m,n,n,16,64,16,3,1,1,1,1,60.51839828491211,14970.152708517206
768,768,768,1,m,n,n,16,64,16,3,1,1,1,2,68.5260820388794,13220.800563002906
768,768,768,1,m,n,n,16,64,16,3,1,1,1,4,98.79551887512207,9170.149358141936
768,768,768,1,m,n,n,16,64,16,3,1,1,1,8,261.5910339355469,3463.305490138553
768,768,768,1,m,n,n,16,64,16,3,1,1,1,16,590.458869934082,1534.3484705397705
768,768,768,1,m,n,n,16,64,16,4,1,1,1,1,60.989441871643066,14854.532787932087
768,768,768,1,m,n,n,16,64,16,4,1,1,1,2,67.23584175109863,13474.504674959266
768,768,768,1,m,n,n,16,64,16,4,1,1,1,4,98.95936012268066,9154.966876067738
768,768,768,1,m,n,n,16,64,16,4,1,1,1,8,267.0796775817871,3392.1325358892846
768,768,768,1,m,n,n,16,64,16,4,1,1,1,16,591.7695999145508,1530.9499915690474
768,768,768,1,m,n,n,16,64,16,5,1,1,1,1,57.46687889099121,15765.075143867336
768,768,768,1,m,n,n,16,64,16,5,1,1,1,2,66.90815925598145,13540.496018338876
768,768,768,1,m,n,n,16,64,16,5,1,1,1,4,99.98335838317871,9061.20457094409
768,768,768,1,m,n,n,16,64,16,5,1,1,1,8,272.62975692749023,3323.0769605276637
768,768,768,1,m,n,n,16,64,16,6,1,1,1,1,63.262720108032234,14320.751027665223
768,768,768,1,m,n,n,16,64,16,6,1,1,1,2,68.48512172698975,13228.707800382877
768,768,768,1,m,n,n,16,64,16,6,1,1,1,4,99.36896324157715,9117.229710825157
768,768,768,1,m,n,n,16,64,16,6,1,1,1,8,271.91295623779297,3331.8370574725855
768,768,768,1,m,n,n,16,64,32,3,1,1,1,1,60.86463928222656,14884.991921155728
768,768,768,1,m,n,n,16,64,32,3,1,1,1,2,67.54303932189941,13413.220268076659
768,768,768,1,m,n,n,16,64,32,3,1,1,1,4,97.50528335571289,9291.493063969632
768,768,768,1,m,n,n,16,64,32,3,1,1,1,8,270.68416595458984,3346.962171965338
768,768,768,1,m,n,n,16,64,32,4,1,1,1,1,60.86656093597412,14884.521978381441
768,768,768,1,m,n,n,16,64,32,4,1,1,1,2,71.12703800201416,12737.345592464359
768,768,768,1,m,n,n,16,64,32,4,1,1,1,4,102.78911590576172,8813.867655312883
768,768,768,1,m,n,n,16,64,32,4,1,1,1,8,269.4144058227539,3362.736529374869
768,768,768,1,m,n,n,16,64,32,5,1,1,1,1,66.27327919006348,13670.210303036196
768,768,768,1,m,n,n,16,64,32,5,1,1,1,2,72.3967981338501,12513.94657433616
768,768,768,1,m,n,n,16,64,32,5,1,1,1,4,110.7583999633789,8179.692594869097
768,768,768,1,m,n,n,16,64,32,6,1,1,1,1,68.38272094726562,13248.51733669171
768,768,768,1,m,n,n,16,64,32,6,1,1,1,2,74.89535808563232,12096.472827650427
768,768,768,1,m,n,n,16,64,32,6,1,1,1,4,112.96768188476562,8019.724304196558
768,768,768,1,m,n,n,16,64,64,3,1,1,1,1,66.33471965789795,13657.548696554013
768,768,768,1,m,n,n,16,64,64,3,1,1,1,2,74.89535808563232,12096.472827650427
768,768,768,1,m,n,n,16,64,64,3,1,1,1,4,112.41472244262695,8059.172716121586
768,768,768,1,m,n,n,16,64,64,4,1,1,1,1,74.6073579788208,12143.167759099346
768,768,768,1,m,n,n,16,64,64,4,1,1,1,2,90.62399864196777,9997.017098961329
768,768,768,1,m,n,n,16,64,64,4,1,1,1,4,119.07072067260742,7608.668687670261
768,768,768,1,m,n,n,16,64,64,5,1,1,1,1,117.57568359375,7705.416939188937
768,768,768,1,m,n,n,16,64,64,5,1,1,1,2,139.71455574035645,6484.4329153767
768,768,768,1,m,n,n,16,64,64,6,1,1,1,1,120.87295532226562,7495.222248720133
768,768,768,1,m,n,n,16,64,64,6,1,1,1,2,145.01888275146484,6247.2530942929825
768,768,768,1,m,n,n,16,64,128,3,1,1,1,1,116.36735916137695,7785.427722421813
768,768,768,1,m,n,n,16,64,128,3,1,1,1,2,141.41440391540527,6406.487874756768
768,768,768,1,m,n,n,16,64,128,4,1,1,1,1,122.71615982055664,7382.643535494969
768,768,768,1,m,n,n,16,64,128,4,1,1,1,2,151.34719848632812,5986.035242547555
768,768,768,1,m,n,n,16,128,16,3,1,1,1,1,62.58687973022462,14475.392732552009
768,768,768,1,m,n,n,16,128,16,3,1,1,1,2,65.78176021575928,13772.353628551242
768,768,768,1,m,n,n,16,128,16,3,1,1,1,4,96.37887954711914,9400.085042045712
768,768,768,1,m,n,n,16,128,16,3,1,1,1,8,262.55359649658203,3450.6084703806146
768,768,768,1,m,n,n,16,128,16,3,1,1,1,16,582.9836654663086,1554.0223811851504
768,768,768,1,m,n,n,16,128,16,4,1,1,1,1,62.648320198059075,14461.196423716214
768,768,768,1,m,n,n,16,128,16,4,1,1,1,2,68.38272094726562,13248.51733669171
768,768,768,1,m,n,n,16,128,16,4,1,1,1,4,97.79199600219727,9264.251687629363
768,768,768,1,m,n,n,16,128,16,4,1,1,1,8,266.9580841064453,3393.6775768841635
768,768,768,1,m,n,n,16,128,16,4,1,1,1,16,586.0966491699219,1545.7683733273489
768,768,768,1,m,n,n,16,128,16,5,1,1,1,1,54.231038093566895,16705.740768540993
768,768,768,1,m,n,n,16,128,16,5,1,1,1,2,68.23935985565186,13276.35056829983
768,768,768,1,m,n,n,16,128,16,5,1,1,1,4,101.212158203125,8951.194007559732
768,768,768,1,m,n,n,16,128,16,5,1,1,1,8,268.1888008117676,3378.10401201603
768,768,768,1,m,n,n,16,128,16,6,1,1,1,1,72.00767993927002,12581.569976481378
768,768,768,1,m,n,n,16,128,16,6,1,1,1,2,72.9702377319336,12415.605213295408
768,768,768,1,m,n,n,16,128,16,6,1,1,1,4,109.85471725463867,8246.980071870741
768,768,768,1,m,n,n,16,128,16,6,1,1,1,8,266.71104431152344,3396.8209540727185
768,768,768,1,m,n,n,16,128,32,3,1,1,1,1,68.7718391418457,13173.555852292793
768,768,768,1,m,n,n,16,128,32,3,1,1,1,2,71.27039909362793,12711.72429959074
768,768,768,1,m,n,n,16,128,32,3,1,1,1,4,104.30463790893555,8685.80421889742
768,768,768,1,m,n,n,16,128,32,3,1,1,1,8,265.6255912780762,3410.7017311128175
768,768,768,1,m,n,n,16,128,32,4,1,1,1,1,62.8326416015625,14418.77407836806
768,768,768,1,m,n,n,16,128,32,4,1,1,1,2,81.26463890075684,11148.387247575187
768,768,768,1,m,n,n,16,128,32,4,1,1,1,4,119.97183799743652,7551.519415909575
768,768,768,1,m,n,n,16,128,32,4,1,1,1,8,264.1516876220703,3429.7326364092655
768,768,768,1,m,n,n,16,128,32,5,1,1,1,1,64.14336204528809,14124.137480669393
768,768,768,1,m,n,n,16,128,32,5,1,1,1,2,84.25472259521484,10752.746387315905
768,768,768,1,m,n,n,16,128,32,5,1,1,1,4,126.3411235809326,7170.821647946219
768,768,768,1,m,n,n,16,128,32,6,1,1,1,1,103.77216339111328,8730.372716481157
768,768,768,1,m,n,n,16,128,32,6,1,1,1,2,129.31072235107422,7006.144947054918
768,768,768,1,m,n,n,16,128,32,6,1,1,1,4,155.91423988342285,5810.692241307746
768,768,768,1,m,n,n,16,128,64,3,1,1,1,1,104.53375816345215,8666.766410362847
768,768,768,1,m,n,n,16,128,64,3,1,1,1,2,123.88352394104004,7313.076308930143
768,768,768,1,m,n,n,16,128,64,3,1,1,1,4,150.93759536743164,6002.279695754875
768,768,768,1,m,n,n,16,128,64,4,1,1,1,1,108.21632385253906,8371.839217478126
768,768,768,1,m,n,n,16,128,64,4,1,1,1,2,129.72031593322754,6984.022953400303
768,768,768,1,m,n,n,16,128,64,4,1,1,1,4,159.58016395568848,5677.207251469962
768,768,768,1,m,n,n,16,128,64,5,1,1,1,1,111.3907241821289,8133.2594850420255
768,768,768,1,m,n,n,16,128,64,5,1,1,1,2,135.7209587097168,6675.237727562104
768,768,768,1,m,n,n,16,256,16,3,1,1,1,1,74.69056129455566,12129.640590424078
768,768,768,1,m,n,n,16,256,16,3,1,1,1,2,79.27807807922363,11427.7450456689
768,768,768,1,m,n,n,16,256,16,3,1,1,1,4,105.73823928833008,8568.041893808879
768,768,768,1,m,n,n,16,256,16,3,1,1,1,8,268.49279403686523,3374.27925114298
768,768,768,1,m,n,n,16,256,16,3,1,1,1,16,586.9772720336914,1543.449307434171
768,768,768,1,m,n,n,16,256,16,4,1,1,1,1,65.08543968200684,13919.69799123074
768,768,768,1,m,n,n,16,256,16,4,1,1,1,2,77.1072006225586,11749.481976848583
768,768,768,1,m,n,n,16,256,16,4,1,1,1,4,119.3779182434082,7589.089149240763
768,768,768,1,m,n,n,16,256,16,4,1,1,1,8,275.8860778808594,3283.8542305539627
768,768,768,1,m,n,n,16,256,16,4,1,1,1,16,583.8643264770508,1551.6784001284757
768,768,768,1,m,n,n,16,256,16,5,1,1,1,1,66.53952121734619,13615.512216277006
768,768,768,1,m,n,n,16,256,16,5,1,1,1,2,78.56128215789795,11532.012196276519
768,768,768,1,m,n,n,16,256,16,5,1,1,1,4,121.97888374328613,7427.266393966043
768,768,768,1,m,n,n,16,256,16,5,1,1,1,8,280.63743591308594,3228.2566331620164
768,768,768,1,m,n,n,16,256,16,6,1,1,1,1,99.85919952392578,9072.470721968226
768,768,768,1,m,n,n,16,256,16,6,1,1,1,2,113.66399765014648,7970.594759376145
768,768,768,1,m,n,n,16,256,16,6,1,1,1,4,150.32320022583008,6026.811980046757
768,768,768,1,m,n,n,16,256,16,6,1,1,1,8,297.34912872314453,3046.821317050265
768,768,768,1,m,n,n,16,256,32,3,1,1,1,1,120.56575775146484,7514.319827587968
768,768,768,1,m,n,n,16,256,32,3,1,1,1,2,137.35936164855957,6595.616440894406
768,768,768,1,m,n,n,16,256,32,3,1,1,1,4,182.57919311523438,4962.064124295914
768,768,768,1,m,n,n,16,256,32,3,1,1,1,8,353.46431732177734,2563.1149159965917
768,768,768,1,m,n,n,16,256,32,4,1,1,1,1,122.30655670166016,7407.367915768515
768,768,768,1,m,n,n,16,256,32,4,1,1,1,2,141.71648025512695,6392.83209947789
768,768,768,1,m,n,n,16,256,32,4,1,1,1,4,186.73664093017578,4851.590236855329
768,768,768,1,m,n,n,16,256,32,4,1,1,1,8,358.3795166015625,2527.961621777716
768,768,768,1,m,n,n,16,256,32,5,1,1,1,1,124.10880088806152,7299.8019279642285
768,768,768,1,m,n,n,16,256,32,5,1,1,1,2,145.34655570983887,6233.169128607516
768,768,768,1,m,n,n,16,256,32,5,1,1,1,4,188.94847869873047,4794.797344965801
768,768,768,1,m,n,n,32,32,16,3,1,1,1,1,44.25727844238281,20470.523626513863
768,768,768,1,m,n,n,32,32,16,3,1,1,1,2,54.49728012084961,16624.126231455604
768,768,768,1,m,n,n,32,32,16,3,1,1,1,4,102.80960083007812,8812.111482636437
768,768,768,1,m,n,n,32,32,16,3,1,1,1,8,278.17920684814453,3256.7842660309284
768,768,768,1,m,n,n,32,32,16,3,1,1,1,16,630.5382537841797,1436.8195086702779
768,768,768,1,m,n,n,32,32,16,4,1,1,1,1,43.31520080566406,20915.74429181757
768,768,768,1,m,n,n,32,32,16,4,1,1,1,2,56.19711875915527,16121.283154795285
768,768,768,1,m,n,n,32,32,16,4,1,1,1,4,100.92351913452148,8976.794227641114
768,768,768,1,m,n,n,32,32,16,4,1,1,1,8,278.2431983947754,3256.0352570221585
768,768,768,1,m,n,n,32,32,16,4,1,1,1,16,625.7868957519531,1447.728723867533
768,768,768,1,m,n,n,32,32,16,4,2,2,1,16,630.5587387084961,1436.772830800185
768,768,768,1,m,n,n,32,32,16,5,1,1,1,1,44.5849609375,20320.073068360532
768,768,768,1,m,n,n,32,32,16,5,1,1,1,2,52.28544235229492,17327.378773916695
768,768,768,1,m,n,n,32,32,16,5,1,1,1,4,96.81407928466797,9357.829674092398
768,768,768,1,m,n,n,32,32,16,5,1,1,1,8,275.9065628051758,3283.6104179215445
768,768,768,1,m,n,n,32,32,16,6,1,1,1,1,49.438719749450684,18325.103655421142
768,768,768,1,m,n,n,32,32,16,6,1,1,1,2,53.60127925872803,16902.015708001574
768,768,768,1,m,n,n,32,32,16,6,1,1,1,4,97.05471992492676,9334.62756577713
768,768,768,1,m,n,n,32,32,16,6,1,1,1,8,277.5654411315918,3263.9858200880503
768,768,768,1,m,n,n,32,32,32,3,1,1,1,1,48.82431983947754,18555.70475899321
768,768,768,1,m,n,n,32,32,32,3,1,1,1,2,53.86240005493164,16820.0760284734
768,768,768,1,m,n,n,32,32,32,3,1,1,1,4,96.99328422546387,9340.540133624569
768,768,768,1,m,n,n,32,32,32,3,1,1,1,8,276.0908889770508,3281.4181857167555
768,768,768,1,m,n,n,32,32,32,3,2,2,1,1,43.724799156188965,20719.81304622564
768,768,768,1,m,n,n,32,32,32,3,2,2,1,2,53.90336036682129,16807.294718450325
768,768,768,1,m,n,n,32,32,32,3,2,2,1,4,99.12320137023926,9139.834584398404
768,768,768,1,m,n,n,32,32,32,3,2,2,1,8,272.17920303344727,3328.577841006714
768,768,768,1,m,n,n,32,32,32,4,1,1,1,1,46.36672019958496,19539.222530734656
768,768,768,1,m,n,n,32,32,32,4,1,1,1,2,55.17312049865723,16420.489829319136
768,768,768,1,m,n,n,32,32,32,4,1,1,1,4,95.08864402770996,9527.632592341834
768,768,768,1,m,n,n,32,32,32,4,1,1,1,8,275.230712890625,3291.673572636593
768,768,768,1,m,n,n,32,32,32,4,2,2,1,1,46.79679870605469,19359.65042589085
768,768,768,1,m,n,n,32,32,32,4,2,2,1,2,55.50079822540283,16323.542957357608
768,768,768,1,m,n,n,32,32,32,4,2,2,1,4,94.67904090881348,9568.851303347596
768,768,768,1,m,n,n,32,32,32,4,2,2,1,8,268.9228820800781,3368.882770378112
768,768,768,1,m,n,n,32,32,32,5,1,1,1,1,45.87520122528076,19748.570901106832
768,768,768,1,m,n,n,32,32,32,5,1,1,1,2,57.65120029449463,15714.671322923266
768,768,768,1,m,n,n,32,32,32,5,1,1,1,4,99.36896324157715,9117.229710825157
768,768,768,1,m,n,n,32,32,32,5,2,2,1,1,43.330559730529785,20908.330509325806
768,768,768,1,m,n,n,32,32,32,5,2,2,1,2,54.10816192626953,16743.67843495625
768,768,768,1,m,n,n,32,32,32,5,2,2,1,4,94.47423934936523,9589.594689931602
768,768,768,1,m,n,n,32,32,32,6,1,1,1,1,46.79679870605469,19359.65042589085
768,768,768,1,m,n,n,32,32,32,6,1,1,1,2,58.511362075805664,15483.653633396047
768,768,768,1,m,n,n,32,32,32,6,1,1,1,4,98.05824279785156,9239.097480745899
768,768,768,1,m,n,n,32,32,32,6,2,2,1,1,42.5164794921875,21308.670774739803
768,768,768,1,m,n,n,32,32,32,6,2,2,1,2,53.61663818359375,16897.173987257174
768,768,768,1,m,n,n,32,32,32,6,2,2,1,4,92.91775703430176,9750.231741663221
768,768,768,1,m,n,n,32,32,64,3,1,1,1,1,46.07999801635742,19660.800846354203
768,768,768,1,m,n,n,32,32,64,3,1,1,1,2,58.49088191986084,15489.075121850301
768,768,768,1,m,n,n,32,32,64,3,1,1,1,4,99.81951713562012,9076.07740447293
768,768,768,1,m,n,n,32,32,64,3,2,2,1,1,43.60191822052002,20778.20657838927
768,768,768,1,m,n,n,32,32,64,3,2,2,1,2,53.71903896331787,16864.964107392963
768,768,768,1,m,n,n,32,32,64,3,2,2,1,4,94.0236759185791,9635.548229198515
768,768,768,1,m,n,n,32,32,64,4,1,1,1,1,52.14208126068115,17375.019218559
768,768,768,1,m,n,n,32,32,64,4,1,1,1,2,60.047359466552734,15087.585400064736
768,768,768,1,m,n,n,32,32,64,4,1,1,1,4,95.84639549255371,9452.308136829042
768,768,768,1,m,n,n,32,32,64,4,2,2,1,1,43.64287853240967,20758.705531469863
768,768,768,1,m,n,n,32,32,64,4,2,2,1,2,54.231038093566895,16705.740768540993
768,768,768,1,m,n,n,32,32,64,4,2,2,1,4,92.24191665649414,9821.66998300568
768,768,768,1,m,n,n,32,32,64,5,1,1,1,1,58.572797775268555,15467.413174900987
768,768,768,1,m,n,n,32,32,64,5,1,1,1,2,73.07263851165771,12398.206530553365
768,768,768,1,m,n,n,32,32,64,5,2,2,1,1,44.93311882019043,20162.62587125174
768,768,768,1,m,n,n,32,32,64,5,2,2,1,2,59.412479400634766,15248.81090874522
768,768,768,1,m,n,n,32,32,64,6,1,1,1,1,60.55808067321777,14960.343094239961
768,768,768,1,m,n,n,32,32,64,6,1,1,1,2,75.46879768371582,12004.55939150975
768,768,768,1,m,n,n,32,32,64,6,2,2,1,1,45.52703857421875,19899.595764900827
768,768,768,1,m,n,n,32,32,64,6,2,2,1,2,58.53184223175049,15478.235938874284
768,768,768,1,m,n,n,32,32,128,3,1,1,1,1,59.88351821899414,15128.86501903357
768,768,768,1,m,n,n,32,32,128,3,1,1,1,2,77.80352115631104,11644.327281536052
768,768,768,1,m,n,n,32,32,128,3,2,2,1,1,44.93311882019043,20162.62587125174
768,768,768,1,m,n,n,32,32,128,3,2,2,1,2,59.28959846496582,15280.414903388777
768,768,768,1,m,n,n,32,32,128,4,1,1,1,1,98.36544036865234,9210.24356323341
768,768,768,1,m,n,n,32,32,128,4,1,1,1,2,121.85600280761719,7434.756131220875
768,768,768,1,m,n,n,32,32,128,4,2,2,1,1,51.83487892150879,17477.993251838572
768,768,768,1,m,n,n,32,32,128,4,2,2,1,2,72.54015922546387,12489.215266045023
768,768,768,1,m,n,n,32,32,128,5,1,1,1,1,101.33503913879395,8940.339607104064
768,768,768,1,m,n,n,32,32,128,5,2,2,1,1,53.780479431152344,16845.69705556059
768,768,768,1,m,n,n,32,32,128,6,1,1,1,1,104.59136009216309,8661.993334838404
768,768,768,1,m,n,n,32,32,128,6,2,2,1,1,55.11040210723877,16439.17716726296
768,768,768,1,m,n,n,32,32,256,3,1,1,1,1,101.64223670959473,8913.3188458699
768,768,768,1,m,n,n,32,32,256,3,2,2,1,1,56.156158447265625,16133.04202157571
768,768,768,1,m,n,n,32,64,16,3,1,1,1,1,51.48672103881836,17596.181029220043
768,768,768,1,m,n,n,32,64,16,3,1,1,1,2,55.00927925109863,16469.397096889
768,768,768,1,m,n,n,32,64,16,3,1,1,1,4,92.3033618927002,9815.131815601275
768,768,768,1,m,n,n,32,64,16,3,1,1,1,8,255.79519271850586,3541.777522758177
768,768,768,1,m,n,n,32,64,16,3,1,1,1,16,600.3302383422852,1509.118825168109
768,768,768,1,m,n,n,32,64,16,4,1,1,1,1,51.773438453674316,17498.73469985272
768,768,768,1,m,n,n,32,64,16,4,1,1,1,2,54.88639831542969,16506.269163325906
768,768,768,1,m,n,n,32,64,16,4,1,1,1,4,93.306884765625,9709.569302154714
768,768,768,1,m,n,n,32,64,16,4,1,1,1,8,264.25344467163086,3428.4119366004284
768,768,768,1,m,n,n,32,64,16,4,1,1,1,16,600.9036636352539,1507.6787159512476
768,768,768,1,m,n,n,32,64,16,5,1,1,1,1,52.03968048095703,17409.20881194732
768,768,768,1,m,n,n,32,64,16,5,1,1,1,2,58.6956787109375,15435.031741632785
768,768,768,1,m,n,n,32,64,16,5,1,1,1,4,92.36479759216309,9808.603359911105
768,768,768,1,m,n,n,32,64,16,5,1,1,1,8,266.79296493530273,3395.777936722198
768,768,768,1,m,n,n,32,64,16,6,1,1,1,1,52.167677879333496,17366.49398302823
768,768,768,1,m,n,n,32,64,16,6,1,1,1,2,57.65696048736572,15713.1013557075
768,768,768,1,m,n,n,32,64,16,6,1,1,1,4,93.36832046508789,9703.180473710658
768,768,768,1,m,n,n,32,64,16,6,1,1,1,8,271.2985610961914,3339.3824882056056
768,768,768,1,m,n,n,32,64,32,3,1,1,1,1,51.466240882873535,17603.183144107974
768,768,768,1,m,n,n,32,64,32,3,1,1,1,2,56.051201820373535,16163.251359058237
768,768,768,1,m,n,n,32,64,32,3,1,1,1,4,93.53216171264648,9686.183312894647
768,768,768,1,m,n,n,32,64,32,3,1,1,1,8,272.36352920532227,3326.325175192716
768,768,768,1,m,n,n,32,64,32,3,2,2,1,1,40.65279960632324,22285.541777523318
768,768,768,1,m,n,n,32,64,32,3,2,2,1,2,52.49023914337158,17259.773984367625
768,768,768,1,m,n,n,32,64,32,3,2,2,1,4,97.75103569030762,9268.133658146298
768,768,768,1,m,n,n,32,64,32,3,2,2,1,8,271.5443229675293,3336.360171699609
768,768,768,1,m,n,n,32,64,32,4,1,1,1,1,50.79040050506592,17837.419177461245
768,768,768,1,m,n,n,32,64,32,4,1,1,1,2,58.18367958068848,15570.855444843626
768,768,768,1,m,n,n,32,64,32,4,1,1,1,4,97.16032028198242,9324.482066039513
768,768,768,1,m,n,n,32,64,32,4,1,1,1,8,275.3945541381836,3289.715248128746
768,768,768,1,m,n,n,32,64,32,4,2,2,1,1,39.75167989730835,22790.726488551358
768,768,768,1,m,n,n,32,64,32,4,2,2,1,2,51.057281494140625,17744.18138780009
768,768,768,1,m,n,n,32,64,32,4,2,2,1,4,94.94527816772461,9542.019166024967
768,768,768,1,m,n,n,32,64,32,4,2,2,1,8,269.7011184692383,3359.161686618417
768,768,768,1,m,n,n,32,64,32,5,1,1,1,1,62.23872184753418,14556.366793960655
768,768,768,1,m,n,n,32,64,32,5,1,1,1,2,67.48159885406494,13425.432701427855
768,768,768,1,m,n,n,32,64,32,5,1,1,1,4,102.09216117858887,8874.03747301613
768,768,768,1,m,n,n,32,64,32,5,2,2,1,1,42.147841453552246,21495.04299047904
768,768,768,1,m,n,n,32,64,32,5,2,2,1,2,52.57215976715088,17232.878923229724
768,768,768,1,m,n,n,32,64,32,5,2,2,1,4,94.1875171661377,9618.78698216407
768,768,768,1,m,n,n,32,64,32,6,1,1,1,1,57.46687889099121,15765.075143867336
768,768,768,1,m,n,n,32,64,32,6,1,1,1,2,74.301438331604,12193.164551629512
768,768,768,1,m,n,n,32,64,32,6,1,1,1,4,108.38015556335449,8359.18401566058
768,768,768,1,m,n,n,32,64,32,6,2,2,1,1,40.65279960632324,22285.541777523318
768,768,768,1,m,n,n,32,64,32,6,2,2,1,2,54.36927795410156,16663.2645878582
768,768,768,1,m,n,n,32,64,32,6,2,2,1,4,92.56959915161133,9786.902744562982
768,768,768,1,m,n,n,32,64,64,3,1,1,1,1,53.45280170440674,16948.964976803272
768,768,768,1,m,n,n,32,64,64,3,1,1,1,2,71.55712127685547,12660.78969966932
768,768,768,1,m,n,n,32,64,64,3,1,1,1,4,107.4176025390625,8434.089409792434
768,768,768,1,m,n,n,32,64,64,3,2,2,1,1,40.89856147766113,22151.62664082555
768,768,768,1,m,n,n,32,64,64,3,2,2,1,2,55.09056091308594,16445.09783498684
768,768,768,1,m,n,n,32,64,64,3,2,2,1,4,95.0271987915039,9533.793224693056
768,768,768,1,m,n,n,32,64,64,4,1,1,1,1,54.39487934112549,16655.421888490848
768,768,768,1,m,n,n,32,64,64,4,1,1,1,2,72.86784172058105,12433.05198298627
768,768,768,1,m,n,n,32,64,64,4,1,1,1,4,108.27775955200195,8367.089121057174
768,768,768,1,m,n,n,32,64,64,4,2,2,1,1,41.14431858062744,22019.313850699436
768,768,768,1,m,n,n,32,64,64,4,2,2,1,2,54.06720161437988,16756.36313603931
768,768,768,1,m,n,n,32,64,64,4,2,2,1,4,92.0576000213623,9841.33481417902
768,768,768,1,m,n,n,32,64,64,5,1,1,1,1,88.86272430419922,10195.159681337705
768,768,768,1,m,n,n,32,64,64,5,1,1,1,2,109.52383995056152,8271.89463416321
768,768,768,1,m,n,n,32,64,64,5,2,2,1,1,46.07999801635742,19660.800846354203
768,768,768,1,m,n,n,32,64,64,5,2,2,1,2,61.89055919647217,14638.253002755895
768,768,768,1,m,n,n,32,64,64,6,1,1,1,1,90.37823677062988,10024.201581839357
768,768,768,1,m,n,n,32,64,64,6,1,1,1,2,112.23039627075195,8072.409027358145
768,768,768,1,m,n,n,32,64,64,6,2,2,1,1,47.0630407333374,19250.13024834689
768,768,768,1,m,n,n,32,64,64,6,2,2,1,2,63.69279861450196,14224.05175635858
768,768,768,1,m,n,n,32,64,128,3,1,1,1,1,91.68895721435547,9880.902690189556
768,768,768,1,m,n,n,32,64,128,3,1,1,1,2,114.17599678039551,7934.852241689025
768,768,768,1,m,n,n,32,64,128,3,2,2,1,1,47.18592166900635,19199.999320879604
768,768,768,1,m,n,n,32,64,128,3,2,2,1,2,64.65536117553711,14012.289894109836
768,768,768,1,m,n,n,32,64,128,4,1,1,1,1,94.08512115478516,9629.255432530443
768,768,768,1,m,n,n,32,64,128,4,1,1,1,2,118.72256278991699,7630.981362852986
768,768,768,1,m,n,n,32,64,128,4,2,2,1,1,49.31583881378174,18370.764561482407
768,768,768,1,m,n,n,32,64,128,4,2,2,1,2,67.78560161590576,13365.222737617716
768,768,768,1,m,n,n,32,128,16,3,1,1,1,1,54.59968090057373,16592.947963373175
768,768,768,1,m,n,n,32,128,16,3,1,1,1,2,67.37919807434082,13445.836250535744
768,768,768,1,m,n,n,32,128,16,3,1,1,1,4,95.33439636230469,9503.072328239143
768,768,768,1,m,n,n,32,128,16,3,1,1,1,8,249.77407455444336,3627.1565238149865
768,768,768,1,m,n,n,32,128,16,3,1,1,1,16,590.0288009643555,1535.4668492779747
768,768,768,1,m,n,n,32,128,16,4,1,1,1,1,55.683841705322266,16269.884337262014
768,768,768,1,m,n,n,32,128,16,4,1,1,1,2,59.08671855926514,15332.881671052604
768,768,768,1,m,n,n,32,128,16,4,1,1,1,4,94.80192184448242,9556.448291060975
768,768,768,1,m,n,n,32,128,16,4,1,1,1,8,253.98784637451172,3566.980376943407
768,768,768,1,m,n,n,32,128,16,4,1,1,1,16,593.4899139404297,1526.5123175975907
768,768,768,1,m,n,n,32,128,16,5,1,1,1,1,55.68511962890625,16269.51095799944
768,768,768,1,m,n,n,32,128,16,5,1,1,1,2,76.55424118041992,11834.349737264689
768,768,768,1,m,n,n,32,128,16,5,1,1,1,4,98.75455856323242,9173.952850185735
768,768,768,1,m,n,n,32,128,16,5,1,1,1,8,259.5840072631836,3490.0827425838584
768,768,768,1,m,n,n,32,128,16,6,1,1,1,1,55.88992118835449,16209.893389307059
768,768,768,1,m,n,n,32,128,16,6,1,1,1,2,77.29152202606201,11721.462331852064
768,768,768,1,m,n,n,32,128,16,6,1,1,1,4,100.57727813720703,9007.697173551274
768,768,768,1,m,n,n,32,128,16,6,1,1,1,8,258.0505561828613,3510.8223652035313
768,768,768,1,m,n,n,32,128,32,3,1,1,1,1,53.30944061279297,16994.544560698116
768,768,768,1,m,n,n,32,128,32,3,1,1,1,2,68.13695907592773,13296.303155977977
768,768,768,1,m,n,n,32,128,32,3,1,1,1,4,97.87391662597656,9256.497494241974
768,768,768,1,m,n,n,32,128,32,3,1,1,1,8,267.02335357666016,3392.84804817607
768,768,768,1,m,n,n,32,128,32,3,2,2,1,1,45.158400535583496,20062.040578388565
768,768,768,1,m,n,n,32,128,32,3,2,2,1,2,51.99872016906738,17422.922353749327
768,768,768,1,m,n,n,32,128,32,3,2,2,1,4,94.06463623046875,9631.35244344404
768,768,768,1,m,n,n,32,128,32,3,2,2,1,8,265.95327377319336,3406.4993867028566
768,768,768,1,m,n,n,32,128,32,4,1,1,1,1,52.34687805175781,17307.04289765333
768,768,768,1,m,n,n,32,128,32,4,1,1,1,2,70.71743965148926,12811.120827688519
768,768,768,1,m,n,n,32,128,32,4,1,1,1,4,109.42463874816895,8279.393693818889
768,768,768,1,m,n,n,32,128,32,4,1,1,1,8,271.6876792907715,3334.599737334403
768,768,768,1,m,n,n,32,128,32,4,2,2,1,1,37.314560413360596,24279.253298549233
768,768,768,1,m,n,n,32,128,32,4,2,2,1,2,52.08064079284668,17395.516840960907
768,768,768,1,m,n,n,32,128,32,4,2,2,1,4,93.86112213134766,9652.235594756703
768,768,768,1,m,n,n,32,128,32,4,2,2,1,8,263.0860710144043,3443.624592160172
768,768,768,1,m,n,n,32,128,32,5,1,1,1,1,85.44256210327148,10603.259566408902
768,768,768,1,m,n,n,32,128,32,5,1,1,1,2,105.39008140563965,8596.346562376977
768,768,768,1,m,n,n,32,128,32,5,1,1,1,4,133.14047813415527,6804.614770026024
768,768,768,1,m,n,n,32,128,32,5,2,2,1,1,40.714240074157715,22251.91142828281
768,768,768,1,m,n,n,32,128,32,5,2,2,1,2,56.58944129943848,16009.517733284101
768,768,768,1,m,n,n,32,128,32,5,2,2,1,4,103.40352058410645,8761.497276711209
768,768,768,1,m,n,n,32,128,32,6,1,1,1,1,86.0524845123291,10528.105831391747
768,768,768,1,m,n,n,32,128,32,6,1,1,1,2,106.68031692504883,8492.378820326468
768,768,768,1,m,n,n,32,128,32,6,1,1,1,4,135.10656356811523,6705.59327447661
768,768,768,1,m,n,n,32,128,32,6,2,2,1,1,40.98048210144043,22107.345193192734
768,768,768,1,m,n,n,32,128,32,6,2,2,1,2,57.18400001525879,15843.062111049492
768,768,768,1,m,n,n,32,128,32,6,2,2,1,4,103.93600463867188,8716.610448415413
768,768,768,1,m,n,n,32,128,64,3,1,1,1,1,85.82655906677246,10555.819478853418
768,768,768,1,m,n,n,32,128,64,3,1,1,1,2,105.79968452453613,8563.065835890045
768,768,768,1,m,n,n,32,128,64,3,1,1,1,4,136.15103721618652,6654.151760602912
768,768,768,1,m,n,n,32,128,64,3,2,2,1,1,41.49248123168945,21834.550190940983
768,768,768,1,m,n,n,32,128,64,3,2,2,1,2,59.08480167388916,15333.379114994432
768,768,768,1,m,n,n,32,128,64,3,2,2,1,4,106.37311935424805,8516.904171841603
768,768,768,1,m,n,n,32,128,64,4,1,1,1,1,87.63392448425293,10338.115853327956
768,768,768,1,m,n,n,32,128,64,4,1,1,1,2,108.09344291687012,8381.356348291554
768,768,768,1,m,n,n,32,128,64,4,1,1,1,4,138.73151779174805,6530.380971971809
768,768,768,1,m,n,n,32,128,64,4,2,2,1,1,42.31040000915527,21412.45801987131
768,768,768,1,m,n,n,32,128,64,4,2,2,1,2,60.784640312194824,14904.582133691449
768,768,768,1,m,n,n,32,128,64,4,2,2,1,4,107.80672073364258,8403.647359225162
768,768,768,1,m,n,n,32,256,16,3,1,1,1,1,138.9363193511963,6520.754747431702
768,768,768,1,m,n,n,32,256,16,3,1,1,1,2,105.36959648132324,8598.017779830667
768,768,768,1,m,n,n,32,256,16,3,1,1,1,4,152.7603244781494,5930.6607726510065
768,768,768,1,m,n,n,32,256,16,3,1,1,1,8,297.574405670166,3044.5147389597223
768,768,768,1,m,n,n,32,256,16,3,1,1,1,16,655.5840301513672,1381.92759788676
768,768,768,1,m,n,n,32,256,16,4,1,1,1,1,137.5641632080078,6585.797077325312
768,768,768,1,m,n,n,32,256,16,4,1,1,1,2,93.79712104797363,9658.821655481635
768,768,768,1,m,n,n,32,256,16,4,1,1,1,4,134.92223739624023,6714.754227943495
768,768,768,1,m,n,n,32,256,16,4,1,1,1,8,290.71359634399414,3116.364956415691
768,768,768,1,m,n,n,32,256,16,4,1,1,1,16,629.9238586425781,1438.2209080828793
768,768,768,1,m,n,n,32,256,16,5,1,1,1,1,138.40383529663086,6545.842187525377
768,768,768,1,m,n,n,32,256,16,5,1,1,1,2,94.2899227142334,9608.340296828355
768,768,768,1,m,n,n,32,256,16,5,1,1,1,4,135.22944450378418,6699.500004044222
768,768,768,1,m,n,n,32,256,16,5,1,1,1,8,290.1811218261719,3122.083401906158
768,768,768,1,m,n,n,32,256,16,6,1,1,1,1,112.49664306640625,8053.303985837252
768,768,768,1,m,n,n,32,256,16,6,1,1,1,2,131.17440223693848,6906.604097677227
768,768,768,1,m,n,n,32,256,16,6,1,1,1,4,176.06847763061523,5145.552890510527
768,768,768,1,m,n,n,32,256,16,6,1,1,1,8,332.77950286865234,2722.4322898204014
768,768,768,1,m,n,n,32,256,32,3,1,1,1,1,124.19072151184082,7294.986718582043
768,768,768,1,m,n,n,32,256,32,3,1,1,1,2,147.7619171142578,6131.279843232228
768,768,768,1,m,n,n,32,256,32,3,1,1,1,4,211.74272537231445,4278.634188763759
768,768,768,1,m,n,n,32,256,32,3,1,1,1,8,393.62560272216797,2301.602481481518
768,768,768,1,m,n,n,32,256,32,3,2,2,1,1,38.399999141693115,23592.960527343766
768,768,768,1,m,n,n,32,256,32,3,2,2,1,2,54.25151824951172,16699.434287411008
768,768,768,1,m,n,n,32,256,32,3,2,2,1,4,107.4176025390625,8434.089409792434
768,768,768,1,m,n,n,32,256,32,3,2,2,1,8,260.5670356750488,3476.915879450799
768,768,768,1,m,n,n,32,256,32,4,1,1,1,1,210.20671844482422,4309.898706866507
768,768,768,1,m,n,n,32,256,32,4,1,1,1,2,214.2207908630371,4229.139759731515
768,768,768,1,m,n,n,32,256,32,4,1,1,1,4,257.5359916687012,3517.837091933369
768,768,768,1,m,n,n,32,256,32,4,1,1,1,8,423.52638244628906,2139.110340109435
768,768,768,1,m,n,n,32,256,32,4,2,2,1,1,37.53983974456787,24133.551719039944
768,768,768,1,m,n,n,32,256,32,4,2,2,1,2,57.69216060638428,15703.514211942073
768,768,768,1,m,n,n,32,256,32,4,2,2,1,4,110.69439888000488,8184.421914446553
768,768,768,1,m,n,n,32,256,32,4,2,2,1,8,263.5775947570801,3437.2028655734766
768,768,768,1,m,n,n,32,256,32,5,1,1,1,1,211.21023178100586,4289.421285893754
768,768,768,1,m,n,n,32,256,32,5,1,1,1,2,214.95807647705078,4214.634215415128
768,768,768,1,m,n,n,32,256,32,5,1,1,1,4,257.2287940979004,3522.038297373471
768,768,768,1,m,n,n,32,256,32,5,2,2,1,1,37.88800001144409,23911.783776561217
768,768,768,1,m,n,n,32,256,32,5,2,2,1,2,58.18367958068848,15570.855444843626
768,768,768,1,m,n,n,32,256,32,5,2,2,1,4,111.41119956970215,8131.764737289257
768,768,768,1,m,n,n,64,64,16,3,1,1,1,1,51.773438453674316,17498.73469985272
768,768,768,1,m,n,n,64,64,16,3,1,1,1,2,64.96255874633789,13946.028011882645
768,768,768,1,m,n,n,64,64,16,3,1,1,1,4,91.4022445678711,9911.897331222197
768,768,768,1,m,n,n,64,64,16,3,1,1,1,8,251.3920021057129,3603.8125971049412
768,768,768,1,m,n,n,64,64,16,3,1,1,1,16,602.1529769897461,1504.5506683850997
768,768,768,1,m,n,n,64,64,16,3,2,2,1,1,46.73855781555176,19383.774475355083
768,768,768,1,m,n,n,64,64,16,3,2,2,1,2,55.88992118835449,16209.893389307059
768,768,768,1,m,n,n,64,64,16,3,2,2,1,4,89.0675163269043,10171.718055714293
768,768,768,1,m,n,n,64,64,16,3,2,2,1,8,257.4950408935547,3518.396551856379
768,768,768,1,m,n,n,64,64,16,3,2,2,1,16,629.7190475463867,1438.6886779588226
768,768,768,1,m,n,n,64,64,16,4,1,1,1,1,51.770877838134766,17499.6001967086
768,768,768,1,m,n,n,64,64,16,4,1,1,1,2,63.8156795501709,14196.662487747086
768,768,768,1,m,n,n,64,64,16,4,1,1,1,4,90.33727645874023,10028.746709159244
768,768,768,1,m,n,n,64,64,16,4,1,1,1,8,254.42304611206058,3560.878929186965
768,768,768,1,m,n,n,64,64,16,4,1,1,1,16,603.1212615966797,1502.1351785900754
768,768,768,1,m,n,n,64,64,16,4,2,2,1,1,46.694397926330566,19402.106124793434
768,768,768,1,m,n,n,64,64,16,4,2,2,1,2,56.03328227996826,16168.42039474603
768,768,768,1,m,n,n,64,64,16,4,2,2,1,4,91.52511596679688,9898.590724852664
768,768,768,1,m,n,n,64,64,16,4,2,2,1,8,262.02112197875977,3457.6207336194852
768,768,768,1,m,n,n,64,64,16,4,2,2,1,16,624.8038482666016,1450.0065364729091
768,768,768,1,m,n,n,64,64,16,5,1,1,1,1,51.87903881072998,17463.11583191131
768,768,768,1,m,n,n,64,64,16,5,1,1,1,2,58.327040672302246,15532.584090627757
768,768,768,1,m,n,n,64,64,16,5,1,1,1,4,94.00704383850098,9637.2529866635
768,768,768,1,m,n,n,64,64,16,5,1,1,1,8,258.17087173461914,3509.1862142034015
768,768,768,1,m,n,n,64,64,16,5,2,2,1,1,46.79679870605469,19359.65042589085
768,768,768,1,m,n,n,64,64,16,5,2,2,1,2,52.305917739868164,17320.595893291433
768,768,768,1,m,n,n,64,64,16,5,2,2,1,4,91.68895721435547,9880.902690189556
768,768,768,1,m,n,n,64,64,16,5,2,2,1,8,263.372802734375,3439.8755474904406
768,768,768,1,m,n,n,64,64,16,6,1,1,1,1,51.97824001312256,17429.787229642185
768,768,768,1,m,n,n,64,64,16,6,1,1,1,2,58.63423824310303,15451.205492663948
768,768,768,1,m,n,n,64,64,16,6,1,1,1,4,93.85984420776367,9652.367012186689
768,768,768,1,m,n,n,64,64,16,6,1,1,1,8,258.06848526000977,3510.5784539604488
768,768,768,1,m,n,n,64,64,16,6,2,2,1,1,46.77631855010986,19368.126694910072
768,768,768,1,m,n,n,64,64,16,6,2,2,1,2,52.1830415725708,17361.38095247037
768,768,768,1,m,n,n,64,64,16,6,2,2,1,4,91.85279846191406,9863.27775713499
768,768,768,1,m,n,n,64,64,16,6,2,2,1,8,262.6355171203613,3449.532165083406
768,768,768,1,m,n,n,64,64,32,3,1,1,1,1,51.466240882873535,17603.183144107974
768,768,768,1,m,n,n,64,64,32,3,1,1,1,2,56.791038513183594,15952.687038637025
768,768,768,1,m,n,n,64,64,32,3,1,1,1,4,91.72991752624512,9876.490554358019
768,768,768,1,m,n,n,64,64,32,3,1,1,1,8,258.7443161010742,3501.4089493896277
768,768,768,1,m,n,n,64,64,32,3,2,2,1,1,44.6668815612793,20282.805343307522
768,768,768,1,m,n,n,64,64,32,3,2,2,1,2,51.05663776397705,17744.405109245286
768,768,768,1,m,n,n,64,64,32,3,2,2,1,4,91.1564826965332,9938.620240713339
768,768,768,1,m,n,n,64,64,32,3,2,2,1,8,262.9631996154785,3445.2336498976524
768,768,768,1,m,n,n,64,64,32,4,1,1,1,1,51.609601974487305,17554.28504269142
768,768,768,1,m,n,n,64,64,32,4,1,1,1,2,65.51551818847656,13828.321732779179
768,768,768,1,m,n,n,64,64,32,4,1,1,1,4,95.74399948120117,9462.417163572558
768,768,768,1,m,n,n,64,64,32,4,1,1,1,8,268.9023971557617,3369.1394111121185
768,768,768,1,m,n,n,64,64,32,4,2,2,1,1,44.953598976135254,20153.440094550755
768,768,768,1,m,n,n,64,64,32,4,2,2,1,2,49.56160068511963,18279.66916879681
768,768,768,1,m,n,n,64,64,32,4,2,2,1,4,95.2729606628418,9509.200277779808
768,768,768,1,m,n,n,64,64,32,4,2,2,1,8,268.50879669189453,3374.078149996598
768,768,768,1,m,n,n,64,64,32,5,1,1,1,1,50.483198165893555,17945.9641408391
768,768,768,1,m,n,n,64,64,32,5,1,1,1,2,63.75423908233642,14210.343924424713
768,768,768,1,m,n,n,64,64,32,5,1,1,1,4,105.45151710510254,8591.338359760426
768,768,768,1,m,n,n,64,64,32,5,2,2,1,1,36.67968034744263,24699.497253474998
768,768,768,1,m,n,n,64,64,32,5,2,2,1,2,49.254398345947266,18393.680451373228
768,768,768,1,m,n,n,64,64,32,5,2,2,1,4,95.15007972717285,9521.480871037822
768,768,768,1,m,n,n,64,64,32,6,1,1,1,1,50.60160160064697,17903.97211436123
768,768,768,1,m,n,n,64,64,32,6,1,1,1,2,64.36863899230957,14074.705915535058
768,768,768,1,m,n,n,64,64,32,6,1,1,1,4,105.04192352294922,8624.83886066754
768,768,768,1,m,n,n,64,64,32,6,2,2,1,1,36.94591999053955,24521.507766811184
768,768,768,1,m,n,n,64,64,32,6,2,2,1,2,49.500160217285156,18302.358215067772
768,768,768,1,m,n,n,64,64,32,6,2,2,1,4,94.41280364990234,9595.834770032669
768,768,768,1,m,n,n,64,64,64,3,1,1,1,1,51.34335994720459,17645.31314139923
768,768,768,1,m,n,n,64,64,64,3,1,1,1,2,65.69983959197998,13789.526270176651
768,768,768,1,m,n,n,64,64,64,3,1,1,1,4,108.68736267089844,8335.556606918917
768,768,768,1,m,n,n,64,64,64,3,2,2,1,1,35.94239950180054,25206.154195537652
768,768,768,1,m,n,n,64,64,64,3,2,2,1,2,49.31583881378174,18370.764561482407
768,768,768,1,m,n,n,64,64,64,3,2,2,1,4,95.06815910339355,9529.685570272713
768,768,768,1,m,n,n,64,64,64,4,1,1,1,1,83.31263542175293,10874.336880759043
768,768,768,1,m,n,n,64,64,64,4,1,1,1,2,101.2940788269043,8943.95481445821
768,768,768,1,m,n,n,64,64,64,4,1,1,1,4,131.5839958190918,6885.105277130906
768,768,768,1,m,n,n,64,64,64,4,2,2,1,1,38.35903882980347,23618.15341671432
768,768,768,1,m,n,n,64,64,64,4,2,2,1,2,56.23936176300049,16109.173994859088
768,768,768,1,m,n,n,64,64,64,4,2,2,1,4,103.34207534790039,8766.706696667929
768,768,768,1,m,n,n,64,64,64,5,1,1,1,1,83.68127822875977,10826.4319472194
768,768,768,1,m,n,n,64,64,64,5,1,1,1,2,102.09280014038086,8873.981933635503
768,768,768,1,m,n,n,64,64,64,5,2,2,1,1,38.76863956451416,23368.621498631466
768,768,768,1,m,n,n,64,64,64,5,2,2,1,2,57.89696216583252,15647.965456375043
768,768,768,1,m,n,n,64,64,64,6,1,1,1,1,84.07039642333984,10776.322017538178
768,768,768,1,m,n,n,64,64,64,6,1,1,1,2,103.01631927490234,8794.428595166471
768,768,768,1,m,n,n,64,64,64,6,2,2,1,1,39.485440254211426,22944.398192530512
768,768,768,1,m,n,n,64,64,64,6,2,2,1,2,59.20767784118652,15301.557112746317
768,768,768,1,m,n,n,64,64,128,3,1,1,1,1,87.67487525939941,10333.28717399998
768,768,768,1,m,n,n,64,64,128,3,1,1,1,2,107.19231605529785,8451.815366435714
768,768,768,1,m,n,n,64,64,128,3,2,2,1,1,40.714240074157715,22251.91142828281
768,768,768,1,m,n,n,64,64,128,3,2,2,1,2,61.19423866271973,14804.819600638773
768,768,768,1,m,n,n,64,128,16,3,1,1,1,1,124.92799758911133,7251.934566178975
768,768,768,1,m,n,n,64,128,16,3,1,1,1,2,91.42271995544434,9909.677424184407
768,768,768,1,m,n,n,64,128,16,3,1,1,1,4,125.84959983825684,7198.828324955831
768,768,768,1,m,n,n,64,128,16,3,1,1,1,8,295.8540725708008,3062.2179918892025
768,768,768,1,m,n,n,64,128,16,3,1,1,1,16,663.7010955810547,1365.0266212184642
768,768,768,1,m,n,n,64,128,16,3,2,2,1,1,51.87136173248291,17465.700412346476
768,768,768,1,m,n,n,64,128,16,3,2,2,1,2,58.14271926879883,15581.824782078455
768,768,768,1,m,n,n,64,128,16,3,2,2,1,4,96.60415649414062,9378.164427686404
768,768,768,1,m,n,n,64,128,16,3,2,2,1,8,224.33792114257812,4038.4151702297822
768,768,768,1,m,n,n,64,128,16,3,2,2,1,16,576.6144180297852,1571.1880169343979
768,768,768,1,m,n,n,64,128,16,4,1,1,1,1,124.96895790100098,7249.557643888646
768,768,768,1,m,n,n,64,128,16,4,1,1,1,2,91.58656120300293,9891.949780622348
768,768,768,1,m,n,n,64,128,16,4,1,1,1,4,118.90496253967285,7619.275467142271
768,768,768,1,m,n,n,64,128,16,4,1,1,1,8,280.67840576171875,3227.785413492482
768,768,768,1,m,n,n,64,128,16,4,1,1,1,16,652.5542449951172,1388.3438364679998
768,768,768,1,m,n,n,64,128,16,4,2,2,1,1,51.99872016906738,17422.922353749327
768,768,768,1,m,n,n,64,128,16,4,2,2,1,2,57.89696216583252,15647.965456375043
768,768,768,1,m,n,n,64,128,16,4,2,2,1,4,96.52223587036133,9386.123889803015
768,768,768,1,m,n,n,64,128,16,4,2,2,1,8,218.82879257202148,4140.084370761334
768,768,768,1,m,n,n,64,128,16,4,2,2,1,16,566.3129425048828,1599.768601425154
768,768,768,1,m,n,n,64,128,16,5,1,1,1,1,125.00991821289062,7247.182279226379
768,768,768,1,m,n,n,64,128,16,5,1,1,1,2,91.75040245056152,9874.285450553416
768,768,768,1,m,n,n,64,128,16,5,1,1,1,4,124.02688026428223,7304.623498305512
768,768,768,1,m,n,n,64,128,16,5,1,1,1,8,274.63680267333984,3298.7919141979814
768,768,768,1,m,n,n,64,128,16,5,2,2,1,1,52.28544235229492,17327.378773916695
768,768,768,1,m,n,n,64,128,16,5,2,2,1,2,57.978878021240234,15625.857121072662
768,768,768,1,m,n,n,64,128,16,5,2,2,1,4,96.33791923522949,9404.081707306575
768,768,768,1,m,n,n,64,128,16,5,2,2,1,8,238.61248016357422,3796.8243043236357
768,768,768,1,m,n,n,64,128,16,6,1,1,1,1,125.17375946044923,7237.6963662760045
768,768,768,1,m,n,n,64,128,16,6,1,1,1,2,82.35008239746094,11001.44210697151
768,768,768,1,m,n,n,64,128,16,6,1,1,1,4,125.19424438476562,7236.512097278522
768,768,768,1,m,n,n,64,128,16,6,1,1,1,8,282.64448165893555,3205.3329280747294
768,768,768,1,m,n,n,64,128,16,6,2,2,1,1,52.2649621963501,17334.168550556573
768,768,768,1,m,n,n,64,128,16,6,2,2,1,2,49.74592208862305,18211.938304932868
768,768,768,1,m,n,n,64,128,16,6,2,2,1,4,97.50528335571289,9291.493063969632
768,768,768,1,m,n,n,64,128,16,6,2,2,1,8,242.50368118286133,3735.900665841226
768,768,768,1,m,n,n,64,128,32,3,1,1,1,1,162.61119842529297,5571.3854443808295
768,768,768,1,m,n,n,64,128,32,3,1,1,1,2,112.84480094909668,8028.457282747791
768,768,768,1,m,n,n,64,128,32,3,1,1,1,4,156.692476272583,5781.83257774273
768,768,768,1,m,n,n,64,128,32,3,1,1,1,8,321.2287902832031,2820.325236730105
768,768,768,1,m,n,n,64,128,32,3,2,2,1,1,52.203521728515625,17354.569845143677
768,768,768,1,m,n,n,64,128,32,3,2,2,1,2,48.82431983947754,18555.70475899321
768,768,768,1,m,n,n,64,128,32,3,2,2,1,4,98.46783638000488,9200.665895650454
768,768,768,1,m,n,n,64,128,32,3,2,2,1,8,243.65055084228516,3718.315681487761
768,768,768,1,m,n,n,64,128,32,4,1,1,1,1,162.34495162963867,5580.522553401043
768,768,768,1,m,n,n,64,128,32,4,1,1,1,2,112.72192001342773,8037.209301368168
768,768,768,1,m,n,n,64,128,32,4,1,1,1,4,156.61503791809082,5784.6914066695135
768,768,768,1,m,n,n,64,128,32,4,1,1,1,8,319.9795150756836,2831.336449102732
768,768,768,1,m,n,n,64,128,32,4,2,2,1,1,52.674560546875,17199.377737452203
768,768,768,1,m,n,n,64,128,32,4,2,2,1,2,50.1145601272583,18077.972982291532
768,768,768,1,m,n,n,64,128,32,4,2,2,1,4,98.61056327819824,9187.349041340487
768,768,768,1,m,n,n,64,128,32,4,2,2,1,8,242.8108787536621,3731.1741082207836
768,768,768,1,m,n,n,64,128,32,5,1,1,1,1,111.08351707458496,8155.752427173364
768,768,768,1,m,n,n,64,128,32,5,1,1,1,2,125.43744087219238,7222.482041251848
768,768,768,1,m,n,n,64,128,32,5,1,1,1,4,177.9916763305664,5089.955230925696
768,768,768,1,m,n,n,64,128,32,5,2,2,1,1,36.80255889892578,24617.029117136855
768,768,768,1,m,n,n,64,128,32,5,2,2,1,2,52.449278831481934,17273.253020520173
768,768,768,1,m,n,n,64,128,32,5,2,2,1,4,105.47200202941895,8589.669737636164
768,768,768,1,m,n,n,64,128,32,6,1,1,1,1,147.55840301513672,6139.736168783723
768,768,768,1,m,n,n,64,128,32,6,1,1,1,2,165.13023376464844,5486.394849360121
768,768,768,1,m,n,n,64,128,32,6,1,1,1,4,209.51040267944336,4324.222818597501
768,768,768,1,m,n,n,64,128,32,6,2,2,1,1,36.92543983459473,24535.108262981736
768,768,768,1,m,n,n,64,128,32,6,2,2,1,2,52.87936210632324,17132.764615775603
768,768,768,1,m,n,n,64,128,32,6,2,2,1,4,105.71776390075684,8569.701349817466
768,768,768,1,m,n,n,64,128,64,3,1,1,1,1,161.54367446899414,5608.202654656634
768,768,768,1,m,n,n,64,128,64,3,1,1,1,2,180.5120086669922,5018.88860852094
768,768,768,1,m,n,n,64,128,64,3,1,1,1,4,224.17407989501953,4041.3667111927684
768,768,768,1,m,n,n,64,128,64,3,2,2,1,1,36.39296054840088,24894.090789758753
768,768,768,1,m,n,n,64,128,64,3,2,2,1,2,52.36735820770264,17300.274350420492
768,768,768,1,m,n,n,64,128,64,3,2,2,1,4,106.27072334289551,8525.110543162278
768,768,768,1,m,n,n,64,128,64,4,1,1,1,1,153.59999656677246,5898.240131835942
768,768,768,1,m,n,n,64,128,64,4,1,1,1,2,183.01055908203125,4950.368265876479
768,768,768,1,m,n,n,64,128,64,4,1,1,1,4,223.70304107666016,4049.876388088689
768,768,768,1,m,n,n,64,128,64,4,2,2,1,1,36.80255889892578,24617.029117136855
768,768,768,1,m,n,n,64,128,64,4,2,2,1,2,53.651838302612305,16886.08801976294
768,768,768,1,m,n,n,64,128,64,4,2,2,1,4,106.98752403259277,8467.993555248597
768,768,768,1,m,n,n,64,256,16,3,1,1,1,1,311.5417671203613,2908.0199177594923
768,768,768,1,m,n,n,64,256,16,3,1,1,1,2,231.05535507202148,3921.006997295532
768,768,768,1,m,n,n,64,256,16,3,1,1,1,4,335.17566680908203,2702.969677437967
768,768,768,1,m,n,n,64,256,16,3,1,1,1,8,510.40512084960943,1775.0011255606964
768,768,768,1,m,n,n,64,256,16,3,1,1,1,16,877.3426818847656,1032.629191200109
768,768,768,1,m,n,n,64,256,16,3,2,2,1,1,53.637118339538574,16890.72217237601
768,768,768,1,m,n,n,64,256,16,3,2,2,1,2,64.26623821258545,14097.132323244978
768,768,768,1,m,n,n,64,256,16,3,2,2,1,4,98.40640068054199,9206.409925926073
768,768,768,1,m,n,n,64,256,16,3,2,2,1,8,180.10112762451172,5030.338654452144
768,768,768,1,m,n,n,64,256,16,3,2,2,1,16,525.2710342407227,1724.766082541703
768,768,768,1,m,n,n,64,256,16,4,1,1,1,1,310.1081657409668,2921.4634249804185
768,768,768,1,m,n,n,64,256,16,4,1,1,1,2,230.9324836730957,3923.0932330961114
768,768,768,1,m,n,n,64,256,16,4,1,1,1,4,332.8819274902344,2721.5946231463054
768,768,768,1,m,n,n,64,256,16,4,1,1,1,8,499.05662536621094,1815.3644655758126
768,768,768,1,m,n,n,64,256,16,4,1,1,1,16,858.1734466552734,1055.6952880924155
768,768,768,1,m,n,n,64,256,16,4,2,2,1,1,53.67551803588867,16878.63847712188
768,768,768,1,m,n,n,64,256,16,4,2,2,1,2,64.45055961608887,14056.816098984527
768,768,768,1,m,n,n,64,256,16,4,2,2,1,4,98.1606388092041,9229.459740588518
768,768,768,1,m,n,n,64,256,16,4,2,2,1,8,180.4083251953125,5021.773041899175
768,768,768,1,m,n,n,64,256,16,4,2,2,1,16,528.7936019897461,1713.2765233751215
768,768,768,1,m,n,n,64,256,16,5,1,1,1,1,280.92416763305664,3224.9616386988046
768,768,768,1,m,n,n,64,256,16,5,1,1,1,2,208.75263214111328,4339.919716018621
768,768,768,1,m,n,n,64,256,16,5,1,1,1,4,257.576961517334,3517.277549448193
768,768,768,1,m,n,n,64,256,16,5,1,1,1,8,423.87454986572266,2137.3532907012186
768,768,768,1,m,n,n,64,256,16,5,2,2,1,1,53.6575984954834,16884.275282582013
768,768,768,1,m,n,n,64,256,16,5,2,2,1,2,45.301761627197266,19998.5526270593
768,768,768,1,m,n,n,64,256,16,5,2,2,1,4,102.62528419494629,8827.93817436867
768,768,768,1,m,n,n,64,256,16,5,2,2,1,8,210.90303421020508,4295.669179880213
768,768,768,1,m,n,n,64,256,16,6,1,1,1,1,281.1494445800781,3222.3775698833297
768,768,768,1,m,n,n,64,256,16,6,1,1,1,2,207.29856491088867,4370.361485085286
768,768,768,1,m,n,n,64,256,16,6,1,1,1,4,253.78816604614258,3569.7868742834958
768,768,768,1,m,n,n,64,256,16,6,1,1,1,8,425.92254638671875,2127.07608856522
768,768,768,1,m,n,n,64,256,16,6,2,2,1,1,53.780479431152344,16845.69705556059
768,768,768,1,m,n,n,64,256,16,6,2,2,1,2,45.301761627197266,19998.5526270593
768,768,768,1,m,n,n,64,256,16,6,2,2,1,4,102.64575958251953,8826.177210678325
768,768,768,1,m,n,n,64,256,16,6,2,2,1,8,220.40576934814453,4110.462564929347
768,768,768,1,m,n,n,64,256,32,3,1,1,1,1,327.5571060180664,2765.837307006954
768,768,768,1,m,n,n,64,256,32,3,1,1,1,2,287.4163246154785,3152.116238394101
768,768,768,1,m,n,n,64,256,32,3,1,1,1,4,327.20897674560547,2768.7799797264192
768,768,768,1,m,n,n,64,256,32,3,1,1,1,8,482.73406982421875,1876.7468895035663
768,768,768,1,m,n,n,64,256,32,3,2,2,1,1,52.551679611206055,17239.59482746603
768,768,768,1,m,n,n,64,256,32,3,2,2,1,2,44.748802185058594,20245.674068623426
768,768,768,1,m,n,n,64,256,32,3,2,2,1,4,102.89152145385742,8805.095416985256
768,768,768,1,m,n,n,64,256,32,3,2,2,1,8,190.42303085327148,4757.6685442953885
768,768,768,1,m,n,n,64,256,32,4,1,1,1,1,356.0243225097656,2544.684749663837
768,768,768,1,m,n,n,64,256,32,4,1,1,1,2,300.1139259338379,3018.7524993416237
768,768,768,1,m,n,n,64,256,32,4,1,1,1,4,335.9174346923828,2697.001019996607
768,768,768,1,m,n,n,64,256,32,4,1,1,1,8,489.9251174926758,1849.200279088659
768,768,768,1,m,n,n,64,256,32,4,2,2,1,1,52.63360023498535,17212.762569067156
768,768,768,1,m,n,n,64,256,32,4,2,2,1,2,45.60895919799805,19863.853065951273
768,768,768,1,m,n,n,64,256,32,4,2,2,1,4,103.62879753112793,8742.450801167173
768,768,768,1,m,n,n,64,256,32,4,2,2,1,8,221.69599533081055,4086.5405017719395
768,768,768,1,m,n,n,128,128,16,3,1,1,1,1,274.59583282470703,3299.284095758079
768,768,768,1,m,n,n,128,128,16,3,1,1,1,2,181.59616470336914,4988.925099160928
768,768,768,1,m,n,n,128,128,16,3,1,1,1,4,274.32960510253906,3302.4859408133007
768,768,768,1,m,n,n,128,128,16,3,1,1,1,8,478.0851364135742,1894.9965079363571
768,768,768,1,m,n,n,128,128,16,3,1,1,1,16,857.1289825439453,1056.9817173969504
768,768,768,1,m,n,n,128,128,16,3,2,2,1,1,52.34687805175781,17307.04289765333
768,768,768,1,m,n,n,128,128,16,3,2,2,1,2,62.566399574279785,14480.131031423967
768,768,768,1,m,n,n,128,128,16,3,2,2,1,4,98.1606388092041,9229.459740588518
768,768,768,1,m,n,n,128,128,16,3,2,2,1,8,185.5251121520996,4883.272423289286
768,768,768,1,m,n,n,128,128,16,3,2,2,1,16,505.05729675292963,1793.7958125238092
768,768,768,1,m,n,n,128,128,16,4,1,1,1,1,274.2681694030762,3303.2256932030214
768,768,768,1,m,n,n,128,128,16,4,1,1,1,2,181.94175720214844,4979.448796866419
768,768,768,1,m,n,n,128,128,16,4,1,1,1,4,274.24768447875977,3303.472427568178
768,768,768,1,m,n,n,128,128,16,4,1,1,1,8,459.4688034057617,1971.776227862697
768,768,768,1,m,n,n,128,128,16,4,1,1,1,16,819.0156555175781,1106.1689210659486
768,768,768,1,m,n,n,128,128,16,4,2,2,1,1,52.391037940979004,17292.454961869968
768,768,768,1,m,n,n,128,128,16,4,2,2,1,2,62.58687973022462,14475.392732552009
768,768,768,1,m,n,n,128,128,16,4,2,2,1,4,98.1606388092041,9229.459740588518
768,768,768,1,m,n,n,128,128,16,4,2,2,1,8,185.47264099121094,4884.653926090003
768,768,768,1,m,n,n,128,128,16,4,2,2,1,16,505.09822845458984,1793.6504484918225
768,768,768,1,m,n,n,128,128,16,5,1,1,1,1,274.49344635009766,3300.5147337634344
768,768,768,1,m,n,n,128,128,16,5,1,1,1,2,181.37088775634766,4995.121737602525
768,768,768,1,m,n,n,128,128,16,5,1,1,1,4,268.7180709838867,3371.4504598923127
768,768,768,1,m,n,n,128,128,16,5,1,1,1,8,437.6780700683594,2069.9452998833135
768,768,768,1,m,n,n,128,128,16,5,2,2,1,1,52.408318519592285,17286.753126057898
768,768,768,1,m,n,n,128,128,16,5,2,2,1,2,62.52543926239014,14489.616941323155
768,768,768,1,m,n,n,128,128,16,5,2,2,1,4,98.01728248596191,9242.958394911157
768,768,768,1,m,n,n,128,128,16,5,2,2,1,8,185.56928634643555,4882.109975401121
768,768,768,1,m,n,n,128,128,16,6,1,1,1,1,274.57536697387695,3299.530012414383
768,768,768,1,m,n,n,128,128,16,6,1,1,1,2,180.59263229370117,5016.647980005102
768,768,768,1,m,n,n,128,128,16,6,1,1,1,4,267.5916862487793,3385.642045536955
768,768,768,1,m,n,n,128,128,16,6,1,1,1,8,437.5142288208008,2070.7204573478493
768,768,768,1,m,n,n,128,128,16,6,2,2,1,1,52.551679611206055,17239.59482746603
768,768,768,1,m,n,n,128,128,16,6,2,2,1,2,62.423038482666016,14513.386179552519
768,768,768,1,m,n,n,128,128,16,6,2,2,1,4,98.10303688049316,9234.878886610117
768,768,768,1,m,n,n,128,128,16,6,2,2,1,8,186.90048217773438,4847.337221626114
768,768,768,1,m,n,n,128,128,32,3,1,1,1,1,315.4534339904785,2871.960062502744
768,768,768,1,m,n,n,128,128,32,3,1,1,1,2,231.0758399963379,3920.6593991581203
768,768,768,1,m,n,n,128,128,32,3,1,1,1,4,319.46752548217773,2835.8740458286165
768,768,768,1,m,n,n,128,128,32,3,1,1,1,8,489.90528106689453,1849.2751538154855
768,768,768,1,m,n,n,128,128,32,3,2,2,1,1,50.974721908569336,17772.920186303127
768,768,768,1,m,n,n,128,128,32,3,2,2,1,2,66.2937593460083,13665.987159838909
768,768,768,1,m,n,n,128,128,32,3,2,2,1,4,100.33151626586914,9029.76151181913
768,768,768,1,m,n,n,128,128,32,3,2,2,1,8,185.87648391723633,4874.041325224301
768,768,768,1,m,n,n,128,128,32,4,1,1,1,1,297.7619171142578,3042.5974979612974
768,768,768,1,m,n,n,128,128,32,4,1,1,1,2,231.48544311523438,3913.7219680332328
768,768,768,1,m,n,n,128,128,32,4,1,1,1,4,281.4361572265625,3219.09477775691
768,768,768,1,m,n,n,128,128,32,4,1,1,1,8,443.9481735229492,2040.710420792321
768,768,768,1,m,n,n,128,128,32,4,2,2,1,1,50.95424175262451,17780.063697117737
768,768,768,1,m,n,n,128,128,32,4,2,2,1,2,44.64640140533447,20292.109453008507
768,768,768,1,m,n,n,128,128,32,4,2,2,1,4,103.38303565979004,8763.233331446556
768,768,768,1,m,n,n,128,128,32,4,2,2,1,8,195.05151748657227,4644.7711644302835
768,768,768,1,m,n,n,128,128,32,5,1,1,1,1,297.6358413696289,3043.8863136610344
768,768,768,1,m,n,n,128,128,32,5,1,1,1,2,233.77920150756836,3875.321919818732
768,768,768,1,m,n,n,128,128,32,5,1,1,1,4,279.2243194580078,3244.5944026600005
768,768,768,1,m,n,n,128,128,32,5,2,2,1,1,51.135358810424805,17717.08823553425
768,768,768,1,m,n,n,128,128,32,5,2,2,1,2,45.158400535583496,20062.040578388565
768,768,768,1,m,n,n,128,128,32,5,2,2,1,4,103.60832214355469,8744.178510532505
768,768,768,1,m,n,n,128,128,32,6,1,1,1,1,297.5539207458496,3044.724336782703
768,768,768,1,m,n,n,128,128,32,6,1,1,1,2,231.05535507202148,3921.006997295532
768,768,768,1,m,n,n,128,128,32,6,1,1,1,4,278.3667182922363,3254.590453765707
768,768,768,1,m,n,n,128,128,32,6,2,2,1,1,51.13855838775635,17715.979733541106
768,768,768,1,m,n,n,128,128,32,6,2,2,1,2,45.58847904205322,19872.776697908383
768,768,768,1,m,n,n,128,128,32,6,2,2,1,4,104.14079666137695,8699.469305442715
768,768,768,1,m,n,n,128,128,64,3,1,1,1,1,319.8771286010742,2832.242705072718
768,768,768,1,m,n,n,128,128,64,3,1,1,1,2,236.6054344177246,3829.031510749324
768,768,768,1,m,n,n,128,128,64,3,1,1,1,4,279.6134376525879,3240.079130694866
768,768,768,1,m,n,n,128,128,64,3,2,2,1,1,51.6480016708374,17541.23363327623
768,768,768,1,m,n,n,128,128,64,3,2,2,1,2,45.27552127838135,20010.143194808283
768,768,768,1,m,n,n,128,128,64,3,2,2,1,4,105.47200202941895,8589.669737636164
768,768,768,1,m,n,n,128,256,16,3,1,1,1,1,528.8959884643555,1712.9448582706677
768,768,768,1,m,n,n,128,256,16,3,1,1,1,2,363.49952697753906,2492.354451003125
768,768,768,1,m,n,n,128,256,16,3,1,1,1,4,379.82208251953125,2385.2474768983793
768,768,768,1,m,n,n,128,256,16,3,1,1,1,8,524.2060852050781,1728.270025033322
768,768,768,1,m,n,n,128,256,16,3,1,1,1,16,866.7545318603516,1045.2436424595085
768,768,768,1,m,n,n,128,256,16,3,2,2,1,1,145.36704063415527,6232.290758948934
768,768,768,1,m,n,n,128,256,16,3,2,2,1,2,104.91904258728027,8634.940251635828
768,768,768,1,m,n,n,128,256,16,3,2,2,1,4,144.4211196899414,6273.1106499176285
768,768,768,1,m,n,n,128,256,16,3,2,2,1,8,231.77215576171875,3908.8805168271074
768,768,768,1,m,n,n,128,256,16,3,2,2,1,16,577.3721694946289,1569.1259673859772
768,768,768,1,m,n,n,128,256,16,4,1,1,1,1,529.5308685302734,1710.8911261670962
768,768,768,1,m,n,n,128,256,16,4,1,1,1,2,356.5363311767578,2541.03042180813
768,768,768,1,m,n,n,128,256,16,4,1,1,1,4,379.78111267089844,2385.504791506242
768,768,768,1,m,n,n,128,256,16,4,1,1,1,8,523.9398574829102,1729.1482048195787
768,768,768,1,m,n,n,128,256,16,4,1,1,1,16,869.4963073730469,1041.947684329043
768,768,768,1,m,n,n,128,256,16,4,2,2,1,1,145.01888275146484,6247.2530942929825
768,768,768,1,m,n,n,128,256,16,4,2,2,1,2,105.1852798461914,8613.084124744131
768,768,768,1,m,n,n,128,256,16,4,2,2,1,4,144.69120025634766,6261.401262792102
768,768,768,1,m,n,n,128,256,16,4,2,2,1,8,229.72415924072266,3943.7282826254914
768,768,768,1,m,n,n,128,256,16,4,2,2,1,16,571.1257553100586,1586.287530507459
768,768,768,1,m,n,n,128,256,16,5,1,1,1,1,526.9913482666016,1719.135744789639
768,768,768,1,m,n,n,128,256,16,5,1,1,1,2,364.70848083496094,2484.09267019478
768,768,768,1,m,n,n,128,256,16,5,1,1,1,4,372.8793716430664,2429.658846526986
768,768,768,1,m,n,n,128,256,16,5,1,1,1,8,511.50657653808594,1771.178916469988
768,768,768,1,m,n,n,128,256,16,5,1,1,1,16,863.7849426269531,1048.8370649814226
768,768,768,1,m,n,n,128,256,16,5,2,2,1,1,126.07232093811035,7186.110775613832
768,768,768,1,m,n,n,128,256,16,5,2,2,1,2,87.1833610534668,10391.543214815925
768,768,768,1,m,n,n,128,256,16,5,2,2,1,4,109.486083984375,8274.747173616082
768,768,768,1,m,n,n,128,256,16,5,2,2,1,8,192.3891258239746,4709.0481861688595
768,768,768,1,m,n,n,128,256,16,6,1,1,1,1,529.4899368286133,1711.0233849321423
768,768,768,1,m,n,n,128,256,16,6,1,1,1,2,357.8470230102539,2531.7233503268244
768,768,768,1,m,n,n,128,256,16,6,1,1,1,4,377.3235321044922,2401.0420419501156
768,768,768,1,m,n,n,128,256,16,6,1,1,1,8,511.0579299926757,1772.7337955855298
768,768,768,1,m,n,n,128,256,16,6,1,1,1,16,864.4403076171875,1048.0419018142356
768,768,768,1,m,n,n,128,256,16,6,2,2,1,1,144.8960018157959,6252.551158393904
768,768,768,1,m,n,n,128,256,16,6,2,2,1,2,105.22624015808105,8609.731400066796
768,768,768,1,m,n,n,128,256,16,6,2,2,1,4,114.83136177062988,7889.566491509792
768,768,768,1,m,n,n,128,256,16,6,2,2,1,8,196.68991088867188,4606.081013035724
768,768,768,1,m,n,n,128,256,32,3,1,1,1,1,563.42529296875,1607.9676849904024
768,768,768,1,m,n,n,128,256,32,3,1,1,1,2,422.68672943115234,2143.35961107472
768,768,768,1,m,n,n,128,256,32,3,1,1,1,4,409.2723083496094,2213.61095172386
768,768,768,1,m,n,n,128,256,32,3,1,1,1,8,550.1747131347656,1646.6944815365991
768,768,768,1,m,n,n,128,256,32,3,2,2,1,1,194.3552017211914,4661.411971363862
768,768,768,1,m,n,n,128,256,32,3,2,2,1,2,141.12768173217773,6419.503621686963
768,768,768,1,m,n,n,128,256,32,3,2,2,1,4,171.06943130493164,5295.91790356225
768,768,768,1,m,n,n,128,256,32,3,2,2,1,8,304.68095779418945,2973.502743850432
768,768,768,1,m,n,n,128,256,32,4,1,1,1,1,558.4896087646484,1622.1781923641524
768,768,768,1,m,n,n,128,256,32,4,1,1,1,2,407.34718322753906,2224.0724897659024
768,768,768,1,m,n,n,128,256,32,4,1,1,1,4,408.08448791503906,2220.054157482746
768,768,768,1,m,n,n,128,256,32,4,1,1,1,8,557.7113723754883,1624.4417970914915
768,768,768,1,m,n,n,128,256,32,4,2,2,1,1,195.23584365844727,4640.3859405291205
768,768,768,1,m,n,n,128,256,32,4,2,2,1,2,142.13120460510254,6374.1784678258855
768,768,768,1,m,n,n,128,256,32,4,2,2,1,4,169.8201560974121,5334.877112469019
768,768,768,1,m,n,n,128,256,32,4,2,2,1,8,303.02207946777344,2989.781027149048
768,768,768,1,m,n,n,256,256,16,3,1,1,1,1,1031.1475372314453,878.603333944298
768,768,768,1,m,n,n,256,256,16,3,1,1,1,2,556.6463851928711,1627.5497121679732
768,768,768,1,m,n,n,256,256,16,3,1,1,1,4,506.06079101562494,1790.2388015119468
768,768,768,1,m,n,n,256,256,16,3,1,1,1,8,524.9433517456055,1725.8427237669732
768,768,768,1,m,n,n,256,256,16,3,1,1,1,16,917.9545593261719,986.943912196515
768,768,768,1,m,n,n,256,256,16,3,2,2,1,1,354.4883346557617,2555.710796181131
768,768,768,1,m,n,n,256,256,16,3,2,2,1,2,204.6976089477539,4425.892753008345
768,768,768,1,m,n,n,256,256,16,3,2,2,1,4,322.12928771972656,2812.441148748488
768,768,768,1,m,n,n,256,256,16,3,2,2,1,8,498.79039764404297,1816.333410344713
768,768,768,1,m,n,n,256,256,16,3,2,2,1,16,777.4617767333984,1165.2915823161666
768,768,768,1,m,n,n,256,256,16,4,1,1,1,1,1030.8850860595703,878.8270159799828
768,768,768,1,m,n,n,256,256,16,4,1,1,1,2,594.5548629760742,1523.7780740117462
768,768,768,1,m,n,n,256,256,16,4,1,1,1,4,534.9203109741211,1693.6535132685024
768,768,768,1,m,n,n,256,256,16,4,1,1,1,8,485.17120361328125,1867.3195302046975
768,768,768,1,m,n,n,256,256,16,4,1,1,1,16,776.1920166015625,1167.1978642174768
768,768,768,1,m,n,n,256,256,16,4,2,2,1,1,354.7955322265625,2553.497949408994
768,768,768,1,m,n,n,256,256,16,4,2,2,1,2,204.8204803466797,4423.237668745593
768,768,768,1,m,n,n,256,256,16,4,2,2,1,4,321.9456100463867,2814.045713713772
768,768,768,1,m,n,n,256,256,16,4,2,2,1,8,435.6915283203125,2079.3832450511813
768,768,768,1,m,n,n,256,256,16,4,2,2,1,16,725.9129333496094,1248.0417724747617
768,768,768,1,m,n,n,256,256,16,5,1,1,1,1,1030.3488159179688,879.2844229095797
768,768,768,1,m,n,n,256,256,16,5,1,1,1,2,586.321907043457,1545.1745075812958
768,768,768,1,m,n,n,256,256,16,5,1,1,1,4,536.2073516845703,1689.5882929500497
768,768,768,1,m,n,n,256,256,16,5,1,1,1,8,486.7891311645508,1861.1131720066126
768,768,768,1,m,n,n,256,256,16,5,1,1,1,16,773.5295867919922,1171.2152701970556
768,768,768,1,m,n,n,256,256,16,5,2,2,1,1,355.8195114135742,2546.1494801137487
768,768,768,1,m,n,n,256,256,16,5,2,2,1,2,204.94335174560547,4420.585768132518
768,768,768,1,m,n,n,256,256,16,5,2,2,1,4,319.7952079772949,2832.968229043391
768,768,768,1,m,n,n,256,256,16,5,2,2,1,8,432.0870590209961,2096.7294555238623
768,768,768,1,m,n,n,256,256,16,5,2,2,1,16,729.0675354003906,1242.641620988456
768,768,768,1,m,n,n,256,256,16,6,1,1,1,1,1031.3932800292969,878.3939953285965
768,768,768,1,m,n,n,256,256,16,6,1,1,1,2,614.7071838378906,1473.8231272060757
768,768,768,1,m,n,n,256,256,16,6,1,1,1,4,536.2278366088867,1689.5237474603455
768,768,768,1,m,n,n,256,256,16,6,1,1,1,8,490.0864028930664,1848.5917149545498
768,768,768,1,m,n,n,256,256,16,6,1,1,1,16,775.3523254394531,1168.4619163120663
768,768,768,1,m,n,n,256,256,16,6,2,2,1,1,356.2905502319336,2542.7833082023735
768,768,768,1,m,n,n,256,256,16,6,2,2,1,2,205.27103424072266,4413.529007397915
768,768,768,1,m,n,n,256,256,16,6,2,2,1,4,318.0953598022461,2848.1071354301566
768,768,768,1,m,n,n,256,256,16,6,2,2,1,8,436.7155075073242,2074.507656417046
768,768,768,1,m,n,n,256,256,16,6,2,2,1,16,725.6269073486328,1248.5337228057342
768,768,768,1,m,n,n,256,256,32,3,1,1,1,1,1037.9058837890625,872.8822893773321
768,768,768,1,m,n,n,256,256,32,3,1,1,1,2,613.7446212768555,1476.134588544645
768,768,768,1,m,n,n,256,256,32,3,1,1,1,4,508.4979248046875,1781.6585276094888
768,768,768,1,m,n,n,256,256,32,3,1,1,1,8,481.52576446533203,1881.4562601981524
768,768,768,1,m,n,n,256,256,32,3,2,2,1,1,398.1516647338867,2275.4385934955826
768,768,768,1,m,n,n,256,256,32,3,2,2,1,2,259.5635223388672,3490.3581822149577
768,768,768,1,m,n,n,256,256,32,3,2,2,1,4,345.70240020751953,2620.6635055358634
768,768,768,1,m,n,n,256,256,32,3,2,2,1,8,470.0569534301758,1927.36147692064
16384,64,256,1,m,n,n,16,16,16,3,1,1,1,1,86.75328254699707,6188.479516140033
16384,64,256,1,m,n,n,16,16,16,3,1,1,1,2,109.3222427368164,4910.902836968586
16384,64,256,1,m,n,n,16,16,16,3,1,1,1,4,159.29344177246094,3370.326524596543
16384,64,256,1,m,n,n,16,16,16,3,1,1,1,8,474.9311828613281,1130.4183245359934
16384,64,256,1,m,n,n,16,16,16,4,1,1,1,1,79.13472175598145,6784.264859810672
16384,64,256,1,m,n,n,16,16,16,4,1,1,1,2,107.4176025390625,4997.978909506628
16384,64,256,1,m,n,n,16,16,16,4,1,1,1,4,157.7337646484375,3403.652434192493
16384,64,256,1,m,n,n,16,16,16,5,1,1,1,1,78.68415832519531,6823.113107229991
16384,64,256,1,m,n,n,16,16,16,5,1,1,1,2,107.4995231628418,4994.170171217786
16384,64,256,1,m,n,n,16,16,16,5,1,1,1,4,157.90080070495605,3400.0518654947464
16384,64,256,1,m,n,n,16,16,16,6,1,1,1,1,78.70463848114014,6821.337628387042
16384,64,256,1,m,n,n,16,16,16,6,1,1,1,2,107.457275390625,4996.13367311227
16384,64,256,1,m,n,n,16,16,32,3,1,1,1,1,81.080322265625,6621.469883175502
16384,64,256,1,m,n,n,16,16,32,3,1,1,1,2,107.66207695007324,4986.629714091121
16384,64,256,1,m,n,n,16,16,32,3,1,1,1,4,157.14303970336914,3416.447289128578
16384,64,256,1,m,n,n,16,16,32,4,1,1,1,1,80.40448188781738,6677.1266898909635
16384,64,256,1,m,n,n,16,16,32,4,1,1,1,2,107.70432472229004,4984.673673822232
16384,64,256,1,m,n,n,16,16,32,5,1,1,1,1,78.78655910491943,6814.244943544918
16384,64,256,1,m,n,n,16,16,32,5,1,1,1,2,107.43807792663574,4997.026402190508
16384,64,256,1,m,n,n,16,16,32,6,1,1,1,1,77.72160053253174,6907.615235937959
16384,64,256,1,m,n,n,16,16,64,3,1,1,1,1,77.06624031066895,6966.356602265393
16384,64,256,1,m,n,n,16,16,64,3,1,1,1,2,106.84415817260742,5024.803612872139
16384,64,256,1,m,n,n,16,16,64,4,1,1,1,1,76.41088008880615,7026.105593549487
16384,64,256,1,m,n,n,16,16,64,5,1,1,1,1,78.72511863708496,6819.563073317451
16384,64,256,1,m,n,n,16,16,128,3,1,1,1,1,78.62271785736084,6828.445093617898
16384,64,256,1,m,n,n,16,32,16,3,1,1,1,1,83.16927909851074,6455.158897843728
16384,64,256,1,m,n,n,16,32,16,3,1,1,1,2,105.69727897644043,5079.325761258876
16384,64,256,1,m,n,n,16,32,16,3,1,1,1,4,167.58783340454102,3203.519617704257
16384,64,256,1,m,n,n,16,32,16,3,1,1,1,8,485.51551818847656,1105.7749791461606
16384,64,256,1,m,n,n,16,32,16,4,1,1,1,1,82.9190444946289,6474.639394026977
16384,64,256,1,m,n,n,16,32,16,4,1,1,1,2,102.91199684143066,5216.796180014114
16384,64,256,1,m,n,n,16,32,16,4,1,1,1,4,164.88447189331055,3256.042887697669
16384,64,256,1,m,n,n,16,32,16,5,1,1,1,1,76.16511821746826,7048.776717802955
16384,64,256,1,m,n,n,16,32,16,5,1,1,1,2,102.74815559387207,5225.114834392406
16384,64,256,1,m,n,n,16,32,16,5,1,1,1,4,162.3040008544922,3307.8107081372095
16384,64,256,1,m,n,n,16,32,16,6,1,1,1,1,75.32544136047363,7127.351692913124
16384,64,256,1,m,n,n,16,32,16,6,1,1,1,2,102.89152145385742,5217.834321176448
16384,64,256,1,m,n,n,16,32,32,3,1,1,1,1,77.37343788146973,6938.697913648943
16384,64,256,1,m,n,n,16,32,32,3,1,1,1,2,102.52287864685059,5236.596153813637
16384,64,256,1,m,n,n,16,32,32,3,1,1,1,4,161.32095336914062,3327.967637108566
16384,64,256,1,m,n,n,16,32,32,4,1,1,1,1,73.50143909454346,7304.223136494423
16384,64,256,1,m,n,n,16,32,32,4,1,1,1,2,101.81056022644043,5273.234041792193
16384,64,256,1,m,n,n,16,32,32,5,1,1,1,1,73.50272178649902,7304.095670898169
16384,64,256,1,m,n,n,16,32,32,5,1,1,1,2,101.37791633605957,5295.738277163998
16384,64,256,1,m,n,n,16,32,32,6,1,1,1,1,72.1504020690918,7440.99681504045
16384,64,256,1,m,n,n,16,32,64,3,1,1,1,1,71.63904190063477,7494.110721701919
16384,64,256,1,m,n,n,16,32,64,3,1,1,1,2,101.1302375793457,5308.708106008125
16384,64,256,1,m,n,n,16,32,64,4,1,1,1,1,73.8099193572998,7273.69595678746
16384,64,256,1,m,n,n,16,32,64,5,1,1,1,1,79.52383995056152,6751.068765464075
16384,64,256,1,m,n,n,16,32,64,6,1,1,1,1,90.35776138305664,5941.613689653349
16384,64,256,1,m,n,n,16,32,128,3,1,1,1,1,89.43615913391113,6002.839536033217
16384,64,256,1,m,n,n,16,64,16,3,1,1,1,1,85.97503662109375,6244.49762511971
16384,64,256,1,m,n,n,16,64,16,3,1,1,1,2,107.84768104553223,4978.0478058989365
16384,64,256,1,m,n,n,16,64,16,3,1,1,1,4,176.5990447998047,3040.055582455754
16384,64,256,1,m,n,n,16,64,16,3,1,1,1,8,496.3942337036133,1081.541395020625
16384,64,256,1,m,n,n,16,64,16,4,1,1,1,1,82.41151809692383,6514.513072900665
16384,64,256,1,m,n,n,16,64,16,4,1,1,1,2,102.70719528198242,5227.198644905276
16384,64,256,1,m,n,n,16,64,16,4,1,1,1,4,173.24031829833984,3098.995183531389
16384,64,256,1,m,n,n,16,64,16,5,1,1,1,1,80.46527862548828,6672.081687540944
16384,64,256,1,m,n,n,16,64,16,5,1,1,1,2,101.09312057495117,5310.657233119637
16384,64,256,1,m,n,n,16,64,16,5,1,1,1,4,168.0998420715332,3193.762143878398
16384,64,256,1,m,n,n,16,64,16,6,1,1,1,1,76.51328086853027,7016.702275811228
16384,64,256,1,m,n,n,16,64,16,6,1,1,1,2,101.212158203125,5304.411263739101
16384,64,256,1,m,n,n,16,64,32,3,1,1,1,1,76.26751899719238,7039.3126596889
16384,64,256,1,m,n,n,16,64,32,3,1,1,1,2,100.78783988952637,5326.7429145069955
16384,64,256,1,m,n,n,16,64,32,3,1,1,1,4,164.61824417114258,3261.3087006434794
16384,64,256,1,m,n,n,16,64,32,4,1,1,1,1,78.25407981872559,6860.612421022055
16384,64,256,1,m,n,n,16,64,32,4,1,1,1,2,102.23615646362305,5251.282232925351
16384,64,256,1,m,n,n,16,64,32,5,1,1,1,1,74.73152160644531,7183.9954608082935
16384,64,256,1,m,n,n,16,64,32,5,1,1,1,2,102.01087951660156,5262.878964911071
16384,64,256,1,m,n,n,16,64,32,6,1,1,1,1,76.55424118041992,7012.947992453149
16384,64,256,1,m,n,n,16,64,64,3,1,1,1,1,74.65280055999756,7191.570952097414
16384,64,256,1,m,n,n,16,64,64,3,1,1,1,2,101.3759994506836,5295.8384125344355
16384,64,256,1,m,n,n,16,64,64,4,1,1,1,1,84.1318416595459,6381.304645303516
16384,64,256,1,m,n,n,16,64,64,5,1,1,1,1,112.2713565826416,4781.904560000714
16384,64,256,1,m,n,n,16,64,64,6,1,1,1,1,114.56512451171875,4686.163562324624
16384,64,256,1,m,n,n,16,64,128,3,1,1,1,1,112.04607963562012,4791.518933513186
16384,64,256,1,m,n,n,32,16,16,3,1,1,1,1,68.853759765625,7797.26356015247
16384,64,256,1,m,n,n,32,16,16,3,1,1,1,2,88.43263626098633,6070.959033897426
16384,64,256,1,m,n,n,32,16,16,3,1,1,1,4,162.52927780151367,3303.2258511333894
16384,64,256,1,m,n,n,32,16,16,3,1,1,1,8,485.74462890625,1105.2534192892076
16384,64,256,1,m,n,n,32,16,16,4,1,1,1,1,65.1526403427124,8240.201919307961
16384,64,256,1,m,n,n,32,16,16,4,1,1,1,2,84.41856384277344,6359.6309574740335
16384,64,256,1,m,n,n,32,16,16,4,1,1,1,4,161.9148826599121,3315.760127669362
16384,64,256,1,m,n,n,32,16,16,5,1,1,1,1,64.28671836853027,8351.194859913861
16384,64,256,1,m,n,n,32,16,16,5,1,1,1,2,83.74272346496582,6410.955958753868
16384,64,256,1,m,n,n,32,16,16,5,1,1,1,4,159.7439956665039,3360.8206039920306
16384,64,256,1,m,n,n,32,16,16,6,1,1,1,1,63.60960006713867,8440.092555735979
16384,64,256,1,m,n,n,32,16,16,6,1,1,1,2,83.18976402282715,6453.569358036445
16384,64,256,1,m,n,n,32,16,32,3,1,1,1,1,64.94207859039307,8266.919132450124
16384,64,256,1,m,n,n,32,16,32,3,1,1,1,2,83.53792190551758,6426.673057622951
16384,64,256,1,m,n,n,32,16,32,3,1,1,1,4,159.29408073425293,3370.313005513688
16384,64,256,1,m,n,n,32,16,32,4,1,1,1,1,63.50848197937012,8453.5308555225
16384,64,256,1,m,n,n,32,16,32,4,1,1,1,2,83.31263542175293,6444.051484894247
16384,64,256,1,m,n,n,32,16,32,5,1,1,1,1,64.02048110961914,8385.924358811708
16384,64,256,1,m,n,n,32,16,32,5,1,1,1,2,82.5318431854248,6505.01541318796
16384,64,256,1,m,n,n,32,16,32,6,1,1,1,1,65.33120155334473,8217.680055396351
16384,64,256,1,m,n,n,32,16,64,3,1,1,1,1,64.61440086364746,8308.842995123206
16384,64,256,1,m,n,n,32,16,64,3,1,1,1,2,83.02592277526855,6466.304667918982
16384,64,256,1,m,n,n,32,16,64,4,1,1,1,1,67.64544010162354,7936.542525164454
16384,64,256,1,m,n,n,32,16,64,5,1,1,1,1,73.83039951324463,7271.678272629277
16384,64,256,1,m,n,n,32,16,128,3,1,1,1,1,81.20320320129395,6611.449928510274
16384,64,256,1,m,n,n,32,32,16,3,1,1,1,1,63.03743839263916,8516.699372458797
16384,64,256,1,m,n,n,32,32,16,3,1,1,1,2,88.82176399230957,6044.362190853176
16384,64,256,1,m,n,n,32,32,16,3,1,1,1,4,172.09344863891602,3119.647588249886
16384,64,256,1,m,n,n,32,32,16,3,1,1,1,8,496.10816955566406,1082.1650296161113
16384,64,256,1,m,n,n,32,32,16,3,2,2,1,8,475.17696380615234,1129.8336259815314
16384,64,256,1,m,n,n,32,32,16,4,1,1,1,1,59.20767784118652,9067.589400145966
16384,64,256,1,m,n,n,32,32,16,4,1,1,1,2,84.91007804870605,6322.817318481801
16384,64,256,1,m,n,n,32,32,16,4,1,1,1,4,167.81312942504883,3199.218761007524
16384,64,256,1,m,n,n,32,32,16,5,1,1,1,1,58.79807949066162,9130.755913299285
16384,64,256,1,m,n,n,32,32,16,5,1,1,1,2,82.12479591369629,6537.2571831312625
16384,64,256,1,m,n,n,32,32,16,5,1,1,1,4,164.3724822998047,3266.1848533794273
16384,64,256,1,m,n,n,32,32,16,5,2,2,1,4,160.1945686340332,3351.367755959875
16384,64,256,1,m,n,n,32,32,16,6,1,1,1,1,58.53184223175049,9172.287963777353
16384,64,256,1,m,n,n,32,32,16,6,1,1,1,2,80.50687789916992,6668.634109403657
16384,64,256,1,m,n,n,32,32,32,3,1,1,1,1,58.49088191986084,9178.711183318697
16384,64,256,1,m,n,n,32,32,32,3,1,1,1,2,80.46591758728027,6672.028706037728
16384,64,256,1,m,n,n,32,32,32,3,1,1,1,4,162.0377540588379,3313.2458242111625
16384,64,256,1,m,n,n,32,32,32,3,2,2,1,1,58.16319942474365,9230.422626503685
16384,64,256,1,m,n,n,32,32,32,3,2,2,1,2,80.83456039428711,6641.601183717736
16384,64,256,1,m,n,n,32,32,32,3,2,2,1,4,158.20799827575684,3393.449875171501
16384,64,256,1,m,n,n,32,32,32,4,1,1,1,1,58.01983833312988,9253.230057579145
16384,64,256,1,m,n,n,32,32,32,4,1,1,1,2,79.79135990142822,6728.434164591677
16384,64,256,1,m,n,n,32,32,32,4,2,2,1,1,56.50432109832764,9501.413370948187
16384,64,256,1,m,n,n,32,32,32,4,2,2,1,2,79.60576057434082,6744.121381751469
16384,64,256,1,m,n,n,32,32,32,5,1,1,1,1,60.293121337890625,8904.347628501508
16384,64,256,1,m,n,n,32,32,32,5,1,1,1,2,80.26111602783203,6689.053660976133
16384,64,256,1,m,n,n,32,32,32,5,2,2,1,1,56.23807907104492,9546.394913698548
16384,64,256,1,m,n,n,32,32,32,5,2,2,1,2,78.45888137817383,6842.704134567868
16384,64,256,1,m,n,n,32,32,32,6,1,1,1,1,62.19776153564453,8631.675782935179
16384,64,256,1,m,n,n,32,32,32,6,2,2,1,1,55.664639472961426,9644.738869831
16384,64,256,1,m,n,n,32,32,64,3,1,1,1,1,59.658241271972656,8999.107257495052
16384,64,256,1,m,n,n,32,32,64,3,1,1,1,2,80.67071914672852,6655.09019478937
16384,64,256,1,m,n,n,32,32,64,3,2,2,1,1,56.56576156616211,9491.093147787808
16384,64,256,1,m,n,n,32,32,64,3,2,2,1,2,78.55743885040283,6834.119338110869
16384,64,256,1,m,n,n,32,32,64,4,1,1,1,1,64.12288188934326,8372.532490452897
16384,64,256,1,m,n,n,32,32,64,4,2,2,1,1,57.19615936279297,9386.485351134315
16384,64,256,1,m,n,n,32,32,64,5,1,1,1,1,69.75488185882568,7696.535320446146
16384,64,256,1,m,n,n,32,32,64,5,2,2,1,1,57.54879951477051,9328.968050188545
16384,64,256,1,m,n,n,32,32,128,3,1,1,1,1,71.67808055877686,7490.029138821033
16384,64,256,1,m,n,n,32,32,128,3,2,2,1,1,57.56927967071533,9325.649288488466
16384,64,256,1,m,n,n,32,64,16,3,1,1,1,1,59.12576198577881,9080.152102380187
16384,64,256,1,m,n,n,32,64,16,3,1,1,1,2,81.14175796508789,6616.456501114932
16384,64,256,1,m,n,n,32,64,16,3,1,1,1,4,172.4825668334961,3112.609708077117
16384,64,256,1,m,n,n,32,64,16,3,1,1,1,8,495.14495849609375,1084.2701774256993
16384,64,256,1,m,n,n,32,64,16,4,1,1,1,1,49.1487979888916,10923.378271048283
16384,64,256,1,m,n,n,32,64,16,4,1,1,1,2,77.45535850524902,6931.359203038447
16384,64,256,1,m,n,n,32,64,16,4,1,1,1,4,170.0454330444336,3157.220410969305
16384,64,256,1,m,n,n,32,64,16,5,1,1,1,1,48.701438903808594,11023.717657714114
16384,64,256,1,m,n,n,32,64,16,5,1,1,1,2,83.88607978820801,6400.000016158448
16384,64,256,1,m,n,n,32,64,16,5,1,1,1,4,166.72767639160156,3220.0467470021276
16384,64,256,1,m,n,n,32,64,16,6,1,1,1,1,52.92031764984131,10144.892091395257
16384,64,256,1,m,n,n,32,64,16,6,1,1,1,2,81.96096420288086,6550.324501686737
16384,64,256,1,m,n,n,32,64,32,3,1,1,1,1,60.62079906463623,8856.216352865418
16384,64,256,1,m,n,n,32,64,32,3,1,1,1,2,81.61279678344727,6578.268766165949
16384,64,256,1,m,n,n,32,64,32,3,1,1,1,4,165.31455993652344,3247.5718545671034
16384,64,256,1,m,n,n,32,64,32,3,2,2,1,1,56.50432109832764,9501.413370948187
16384,64,256,1,m,n,n,32,64,32,3,2,2,1,2,82.61631965637207,6498.363933821059
16384,64,256,1,m,n,n,32,64,32,3,2,2,1,4,162.71360397338867,3299.483871599351
16384,64,256,1,m,n,n,32,64,32,4,1,1,1,1,62.48447895050049,8592.06831868284
16384,64,256,1,m,n,n,32,64,32,4,1,1,1,2,83.39455604553223,6437.721326879853
16384,64,256,1,m,n,n,32,64,32,4,2,2,1,1,55.214080810546875,9723.441993757653
16384,64,256,1,m,n,n,32,64,32,4,2,2,1,2,81.42848014831543,6593.158941713425
16384,64,256,1,m,n,n,32,64,32,5,1,1,1,1,62.85312175750732,8541.674573799111
16384,64,256,1,m,n,n,32,64,32,5,1,1,1,2,83.49696159362793,6429.825729622374
16384,64,256,1,m,n,n,32,64,32,5,2,2,1,1,53.985280990600586,9944.764612663124
16384,64,256,1,m,n,n,32,64,32,5,2,2,1,2,80.0153636932373,6709.597847461575
16384,64,256,1,m,n,n,32,64,32,6,1,1,1,1,69.89823818206787,7680.750273012349
16384,64,256,1,m,n,n,32,64,32,6,2,2,1,1,55.111680030822754,9741.50872736487
16384,64,256,1,m,n,n,32,64,64,3,1,1,1,1,67.2972822189331,7977.60168461839
16384,64,256,1,m,n,n,32,64,64,3,1,1,1,2,88.80127906799316,6045.756521017337
16384,64,256,1,m,n,n,32,64,64,3,2,2,1,1,56.50432109832764,9501.413370948187
16384,64,256,1,m,n,n,32,64,64,3,2,2,1,2,79.25759792327881,6773.746947512715
16384,64,256,1,m,n,n,32,64,64,4,1,1,1,1,69.16096210479736,7762.629316615014
16384,64,256,1,m,n,n,32,64,64,4,2,2,1,1,55.88992118835449,9605.862749218999
16384,64,256,1,m,n,n,32,64,64,5,1,1,1,1,91.83232307434082,5846.208546476475
16384,64,256,1,m,n,n,32,64,64,5,2,2,1,1,63.50848197937012,8453.5308555225
16384,64,256,1,m,n,n,32,64,128,3,1,1,1,1,95.90784072875977,5597.779158831685
16384,64,256,1,m,n,n,32,64,128,3,2,2,1,1,64.65536117553711,8303.579196509532
16384,64,256,1,m,n,n,64,16,16,3,1,1,1,1,62.48447895050049,8592.06831868284
16384,64,256,1,m,n,n,64,16,16,3,1,1,1,2,84.15231704711914,6379.751988283241
16384,64,256,1,m,n,n,64,16,16,3,1,1,1,4,166.60480499267578,3222.421538343998
16384,64,256,1,m,n,n,64,16,16,3,1,1,1,8,496.5785598754883,1081.1399351083837
16384,64,256,1,m,n,n,64,16,16,4,1,1,1,1,60.08831977844238,8934.696692794043
16384,64,256,1,m,n,n,64,16,16,4,1,1,1,2,80.77312469482422,6646.652757688867
16384,64,256,1,m,n,n,64,16,16,4,1,1,1,4,164.74111557006836,3258.876268636508
16384,64,256,1,m,n,n,64,16,16,5,1,1,1,1,59.78623867034912,8979.840912224174
16384,64,256,1,m,n,n,64,16,16,5,1,1,1,2,79.62624073028564,6742.3867694384635
16384,64,256,1,m,n,n,64,16,16,5,1,1,1,4,159.9897575378418,3355.658013751386
16384,64,256,1,m,n,n,64,16,16,6,1,1,1,1,59.82207775115967,8974.461138464763
16384,64,256,1,m,n,n,64,16,16,6,1,1,1,2,79.35999870300293,6765.006562174819
16384,64,256,1,m,n,n,64,16,32,3,1,1,1,1,60.006399154663086,8946.894323991108
16384,64,256,1,m,n,n,64,16,32,3,1,1,1,2,79.56480026245117,6747.5932853358045
16384,64,256,1,m,n,n,64,16,32,3,1,1,1,4,158.1670379638672,3394.328672467437
16384,64,256,1,m,n,n,64,16,32,4,1,1,1,1,63.79519939422608,8415.53780061687
16384,64,256,1,m,n,n,64,16,32,4,1,1,1,2,81.69535636901855,6571.620907985884
16384,64,256,1,m,n,n,64,16,32,5,1,1,1,1,66.58048152923584,8063.48797228595
16384,64,256,1,m,n,n,64,16,32,5,1,1,1,2,83.55839729309082,6425.098247359421
16384,64,256,1,m,n,n,64,16,32,6,1,1,1,1,67.7888011932373,7919.758168751315
16384,64,256,1,m,n,n,64,16,64,3,1,1,1,1,68.54400157928467,7832.50028638907
16384,64,256,1,m,n,n,64,16,64,3,1,1,1,2,88.96512031555176,6034.622446367343
16384,64,256,1,m,n,n,64,16,64,4,1,1,1,1,74.91583824157715,7166.3205618654465
16384,64,256,1,m,n,n,64,16,64,5,1,1,1,1,106.3321590423584,5048.998504639904
16384,64,256,1,m,n,n,64,16,128,3,1,1,1,1,108.42111587524414,4951.719115469685
16384,64,256,1,m,n,n,64,32,16,3,1,1,1,1,49.95071887969971,10748.011721172401
16384,64,256,1,m,n,n,64,32,16,3,1,1,1,2,76.49280071258545,7018.580925246055
16384,64,256,1,m,n,n,64,32,16,3,1,1,1,4,169.51295852661133,3167.1378794071265
16384,64,256,1,m,n,n,64,32,16,3,1,1,1,8,501.2889480590821,1070.9809463757101
16384,64,256,1,m,n,n,64,32,16,3,2,2,1,1,49.74592208862305,10792.259736256514
16384,64,256,1,m,n,n,64,32,16,3,2,2,1,2,79.54432010650635,6749.33057798663
16384,64,256,1,m,n,n,64,32,16,3,2,2,1,4,166.93248748779297,3216.096040258545
16384,64,256,1,m,n,n,64,32,16,3,2,2,1,8,484.3724822998047,1108.3844182289886
16384,64,256,1,m,n,n,64,32,16,4,1,1,1,1,49.11231994628906,10931.491580669384
16384,64,256,1,m,n,n,64,32,16,4,1,1,1,2,79.0937614440918,6787.778229253801
16384,64,256,1,m,n,n,64,32,16,4,1,1,1,4,168.75520706176758,3181.3590901731122
16384,64,256,1,m,n,n,64,32,16,4,2,2,1,1,47.923197746276855,11202.735569575161
16384,64,256,1,m,n,n,64,32,16,4,2,2,1,2,80.17919540405273,6695.887995564288
16384,64,256,1,m,n,n,64,32,16,4,2,2,1,4,163.28704833984375,3287.896483269322
16384,64,256,1,m,n,n,64,32,16,5,1,1,1,1,51.83487892150879,10357.329334422857
16384,64,256,1,m,n,n,64,32,16,5,1,1,1,2,80.22015571594238,6692.469083468833
16384,64,256,1,m,n,n,64,32,16,5,1,1,1,4,165.43743133544922,3245.159862953951
16384,64,256,1,m,n,n,64,32,16,5,2,2,1,1,49.27487850189209,10895.42842768014
16384,64,256,1,m,n,n,64,32,16,5,2,2,1,2,80.22015571594238,6692.469083468833
16384,64,256,1,m,n,n,64,32,16,5,2,2,1,4,162.1401596069336,3311.153222628516
16384,64,256,1,m,n,n,64,32,16,6,1,1,1,1,54.39104080200195,9870.576184676347
16384,64,256,1,m,n,n,64,32,16,6,1,1,1,2,78.60223770141602,6830.224274776955
16384,64,256,1,m,n,n,64,32,16,6,2,2,1,1,51.363840103149414,10452.312578690577
16384,64,256,1,m,n,n,64,32,16,6,2,2,1,2,79.40095901489258,6761.516720463082
16384,64,256,1,m,n,n,64,32,32,3,1,1,1,1,54.190077781677246,9907.181055597724
16384,64,256,1,m,n,n,64,32,32,3,1,1,1,2,78.99136066436768,6796.577593860564
16384,64,256,1,m,n,n,64,32,32,3,1,1,1,4,164.63872909545898,3260.9029172517335
16384,64,256,1,m,n,n,64,32,32,3,2,2,1,1,51.69151782989502,10386.054318751474
16384,64,256,1,m,n,n,64,32,32,3,2,2,1,2,79.56480026245117,6747.5932853358045
16384,64,256,1,m,n,n,64,32,32,3,2,2,1,4,161.6281509399414,3321.642355479852
16384,64,256,1,m,n,n,64,32,32,4,1,1,1,1,57.56608009338379,9326.16761692106
16384,64,256,1,m,n,n,64,32,32,4,1,1,1,2,81.12128257751465,6618.1265253911415
16384,64,256,1,m,n,n,64,32,32,4,2,2,1,1,53.391361236572266,10055.389103513842
16384,64,256,1,m,n,n,64,32,32,4,2,2,1,2,79.3395185470581,6766.752834296183
16384,64,256,1,m,n,n,64,32,32,5,1,1,1,1,60.20991802215576,8916.65243261824
16384,64,256,1,m,n,n,64,32,32,5,1,1,1,2,80.77312469482422,6646.652757688867
16384,64,256,1,m,n,n,64,32,32,5,2,2,1,1,52.61312007904053,10204.126103782868
16384,64,256,1,m,n,n,64,32,32,5,2,2,1,2,78.60223770141602,6830.224274776955
16384,64,256,1,m,n,n,64,32,32,6,1,1,1,1,67.21536159515381,7987.324612394976
16384,64,256,1,m,n,n,64,32,32,6,2,2,1,1,54.927358627319336,9774.198603698656
16384,64,256,1,m,n,n,64,32,64,3,1,1,1,1,66.9491195678711,8019.088458000343
16384,64,256,1,m,n,n,64,32,64,3,1,1,1,2,88.33024024963379,6077.996736822255
16384,64,256,1,m,n,n,64,32,64,3,2,2,1,1,54.84032154083252,9789.711236471534
16384,64,256,1,m,n,n,64,32,64,3,2,2,1,2,78.97088050842285,6798.340205194226
16384,64,256,1,m,n,n,64,32,64,4,1,1,1,1,67.21536159515381,7987.324612394976
16384,64,256,1,m,n,n,64,32,64,4,2,2,1,1,54.68160152435303,9818.127067125108
16384,64,256,1,m,n,n,64,32,64,5,1,1,1,1,90.93119621276855,5904.144390048315
16384,64,256,1,m,n,n,64,32,64,5,2,2,1,1,62.463998794555664,8594.885411767675
16384,64,256,1,m,n,n,64,32,128,3,1,1,1,1,95.68256378173828,5610.9586823431855
16384,64,256,1,m,n,n,64,32,128,3,2,2,1,1,64.55296039581299,8316.751218040534
16384,64,256,1,m,n,n,64,64,16,3,1,1,1,1,49.500160217285156,10845.841905225348
16384,64,256,1,m,n,n,64,64,16,3,1,1,1,2,72.15360164642334,7440.666851681863
16384,64,256,1,m,n,n,64,64,16,3,1,1,1,4,169.55392837524414,3166.3725939267965
16384,64,256,1,m,n,n,64,64,16,3,1,1,1,8,489.5743942260742,1096.607417241853
16384,64,256,1,m,n,n,64,64,16,3,2,2,1,1,47.861762046813965,11217.115480931989
16384,64,256,1,m,n,n,64,64,16,3,2,2,1,2,74.66944217681885,7189.968162996024
16384,64,256,1,m,n,n,64,64,16,3,2,2,1,4,169.57439422607422,3165.990445964685
16384,64,256,1,m,n,n,64,64,16,3,2,2,1,8,490.1273727416992,1095.3701871348756
16384,64,256,1,m,n,n,64,64,16,4,1,1,1,1,48.660478591918945,11032.996952256823
16384,64,256,1,m,n,n,64,64,16,4,1,1,1,2,74.30335998535156,7225.392123664942
16384,64,256,1,m,n,n,64,64,16,4,1,1,1,4,169.40479278564453,3169.160111540214
16384,64,256,1,m,n,n,64,64,16,4,2,2,1,1,46.34624004364014,11583.915145963865
16384,64,256,1,m,n,n,64,64,16,4,2,2,1,2,77.0252799987793,6970.061154058881
16384,64,256,1,m,n,n,64,64,16,4,2,2,1,4,168.4480094909668,3187.160914648803
16384,64,256,1,m,n,n,64,64,16,5,1,1,1,1,47.94367790222168,11197.95008415743
16384,64,256,1,m,n,n,64,64,16,5,1,1,1,2,77.29152202606201,6946.05175220863
16384,64,256,1,m,n,n,64,64,16,5,1,1,1,4,170.78271865844727,3143.5903832500867
16384,64,256,1,m,n,n,64,64,16,5,2,2,1,1,45.690879821777344,11750.067280256548
16384,64,256,1,m,n,n,64,64,16,5,2,2,1,2,77.90592193603516,6891.2721736455305
16384,64,256,1,m,n,n,64,64,16,5,2,2,1,4,166.76864624023438,3219.2556820700224
16384,64,256,1,m,n,n,64,64,16,6,1,1,1,1,47.472639083862305,11309.059752325888
16384,64,256,1,m,n,n,64,64,16,6,1,1,1,2,77.84512042999268,6896.654652655028
16384,64,256,1,m,n,n,64,64,16,6,2,2,1,1,45.486721992492676,11802.805049099989
16384,64,256,1,m,n,n,64,64,16,6,2,2,1,2,77.94943809509277,6887.425042693133
16384,64,256,1,m,n,n,64,64,32,3,1,1,1,1,49.541120529174805,10836.874625874407
16384,64,256,1,m,n,n,64,64,32,3,1,1,1,2,78.62271785736084,6828.445093617898
16384,64,256,1,m,n,n,64,64,32,3,1,1,1,4,169.94304656982422,3159.122558035446
16384,64,256,1,m,n,n,64,64,32,3,2,2,1,1,46.4902400970459,11548.034832242438
16384,64,256,1,m,n,n,64,64,32,3,2,2,1,2,77.98783779144287,6884.033808396051
16384,64,256,1,m,n,n,64,64,32,3,2,2,1,4,166.5433692932129,3223.610248059747
16384,64,256,1,m,n,n,64,64,32,4,1,1,1,1,58.30656051635742,9207.727350842199
16384,64,256,1,m,n,n,64,64,32,4,1,1,1,2,83.13152313232422,6458.090646858933
16384,64,256,1,m,n,n,64,64,32,4,2,2,1,1,47.73888111114502,11245.98858423314
16384,64,256,1,m,n,n,64,64,32,4,2,2,1,2,80.11775970458984,6701.022519595532
16384,64,256,1,m,n,n,64,64,32,5,1,1,1,1,63.09887886047363,8508.406515227427
16384,64,256,1,m,n,n,64,64,32,5,1,1,1,2,83.37408065795898,6439.302331890237
16384,64,256,1,m,n,n,64,64,32,5,2,2,1,1,52.14208126068115,10296.307685072
16384,64,256,1,m,n,n,64,64,32,5,2,2,1,2,78.95040035247803,6800.103730989493
16384,64,256,1,m,n,n,64,64,32,6,1,1,1,1,64.24575805664062,8356.519219941052
16384,64,256,1,m,n,n,64,64,32,6,2,2,1,1,53.06367874145508,10117.483837029546
16384,64,256,1,m,n,n,64,64,64,3,1,1,1,1,65.8892822265625,8148.076498298334
16384,64,256,1,m,n,n,64,64,64,3,1,1,1,2,87.59296417236328,6129.15565847913
16384,64,256,1,m,n,n,64,64,64,3,2,2,1,1,52.08064079284668,10308.454424273132
16384,64,256,1,m,n,n,64,64,64,3,2,2,1,2,79.3395185470581,6766.752834296183
16384,64,256,1,m,n,n,64,64,64,4,1,1,1,1,88.12543869018555,6092.121866053087
16384,64,256,1,m,n,n,64,64,64,4,2,2,1,1,57.95839786529541,9263.039210431143
16384,64,256,1,m,n,n,64,64,64,5,1,1,1,1,89.02655601501465,6030.458056913431
16384,64,256,1,m,n,n,64,64,64,5,2,2,1,1,57.2211217880249,9382.390544331394
16384,64,256,1,m,n,n,64,64,128,3,1,1,1,1,93.77792358398438,5724.9178855959235
16384,64,256,1,m,n,n,64,64,128,3,2,2,1,1,58.79807949066162,9130.755913299285
16384,64,256,1,m,n,n,128,16,16,3,1,1,1,1,57.180161476135254,9389.111505466259
16384,64,256,1,m,n,n,128,16,16,3,1,1,1,2,82.8825569152832,6477.48973947259
16384,64,256,1,m,n,n,128,16,16,3,1,1,1,4,166.99392318725586,3214.912864811187
16384,64,256,1,m,n,n,128,16,16,3,1,1,1,8,491.25377655029297,1092.8585949405663
16384,64,256,1,m,n,n,128,16,16,4,1,1,1,1,59.49440002441406,9023.88984139163
16384,64,256,1,m,n,n,128,16,16,4,1,1,1,2,80.0153636932373,6709.597847461575
16384,64,256,1,m,n,n,128,16,16,4,1,1,1,4,164.60224151611328,3261.625765572849
16384,64,256,1,m,n,n,128,16,16,5,1,1,1,1,60.70271968841553,8844.264552819635
16384,64,256,1,m,n,n,128,16,16,5,1,1,1,2,82.63680458068848,6496.753047557482
16384,64,256,1,m,n,n,128,16,16,5,1,1,1,4,163.9423942565918,3274.753393925217
16384,64,256,1,m,n,n,128,16,16,6,1,1,1,1,65.16736030578613,8238.34062759071
16384,64,256,1,m,n,n,128,16,16,6,1,1,1,2,83.47647666931152,6431.403593215739
16384,64,256,1,m,n,n,128,16,32,3,1,1,1,1,63.95904064178466,8393.980063066494
16384,64,256,1,m,n,n,128,16,32,3,1,1,1,2,85.01248359680176,6315.200889157385
16384,64,256,1,m,n,n,128,16,32,3,1,1,1,4,162.85568237304688,3296.6053390155075
16384,64,256,1,m,n,n,128,16,32,4,1,1,1,1,70.14400005340576,7653.839410230966
16384,64,256,1,m,n,n,128,16,32,4,1,1,1,2,91.1359977722168,5890.876548494512
16384,64,256,1,m,n,n,128,16,32,5,1,1,1,1,71.14751815795898,7545.883902908038
16384,64,256,1,m,n,n,128,16,32,5,1,1,1,2,92.56959915161133,5799.646070852138
16384,64,256,1,m,n,n,128,16,32,6,1,1,1,1,98.36864471435547,5457.744320448603
16384,64,256,1,m,n,n,128,16,64,3,1,1,1,1,101.08927726745605,5310.859138695577
16384,64,256,1,m,n,n,128,16,64,3,1,1,1,2,133.93919944763184,4008.3180593438465
16384,64,256,1,m,n,n,128,16,64,4,1,1,1,1,108.58176231384277,4944.393059750108
16384,64,256,1,m,n,n,128,16,64,5,1,1,1,1,112.91007995605469,4754.853704903527
16384,64,256,1,m,n,n,128,32,16,3,1,1,1,1,47.98463821411133,11188.39136817993
16384,64,256,1,m,n,n,128,32,16,3,1,1,1,2,76.71807765960693,6997.971382730169
16384,64,256,1,m,n,n,128,32,16,3,1,1,1,4,171.15135192871094,3136.8195807393968
16384,64,256,1,m,n,n,128,32,16,3,1,1,1,8,494.38720703125,1085.9320475217405
16384,64,256,1,m,n,n,128,32,16,3,2,2,1,1,46.694397926330566,11497.54437024796
16384,64,256,1,m,n,n,128,32,16,3,2,2,1,2,77.68064022064209,6911.257560121617
16384,64,256,1,m,n,n,128,32,16,3,2,2,1,4,169.7996711730957,3161.7900570178826
16384,64,256,1,m,n,n,128,32,16,3,2,2,1,8,485.8265686035156,1105.0670068193447
16384,64,256,1,m,n,n,128,32,16,4,1,1,1,1,47.759361267089844,11241.16608255288
16384,64,256,1,m,n,n,128,32,16,4,1,1,1,2,78.60223770141602,6830.224274776955
16384,64,256,1,m,n,n,128,32,16,4,1,1,1,4,171.23327255249023,3135.3188781428353
16384,64,256,1,m,n,n,128,32,16,4,2,2,1,1,45.895681381225586,11697.634632342908
16384,64,256,1,m,n,n,128,32,16,4,2,2,1,2,78.31552028656006,6855.230100439414
16384,64,256,1,m,n,n,128,32,16,4,2,2,1,4,168.32576751708984,3189.4755028845625
16384,64,256,1,m,n,n,128,32,16,5,1,1,1,1,58.24575901031494,9217.339101116764
16384,64,256,1,m,n,n,128,32,16,5,1,1,1,2,85.56544303894043,6274.389437283374
16384,64,256,1,m,n,n,128,32,16,5,1,1,1,4,170.51647186279297,3148.4988290867063
16384,64,256,1,m,n,n,128,32,16,5,2,2,1,1,49.21343803405762,10909.030814479258
16384,64,256,1,m,n,n,128,32,16,5,2,2,1,2,79.4214391708374,6759.77314947892
16384,64,256,1,m,n,n,128,32,16,5,2,2,1,4,165.47840118408203,3244.3564124285463
16384,64,256,1,m,n,n,128,32,16,6,1,1,1,1,58.2860803604126,9210.962697787414
16384,64,256,1,m,n,n,128,32,16,6,1,1,1,2,86.16448402404785,6230.768025607435
16384,64,256,1,m,n,n,128,32,16,6,2,2,1,1,49.684481620788574,10805.605583200186
16384,64,256,1,m,n,n,128,32,16,6,2,2,1,2,79.79008197784424,6728.541927668102
16384,64,256,1,m,n,n,128,32,32,3,1,1,1,1,73.70751857757568,7283.801196413283
16384,64,256,1,m,n,n,128,32,32,3,1,1,1,2,87.81824111938477,6113.43275789536
16384,64,256,1,m,n,n,128,32,32,3,1,1,1,4,171.47903442382812,3130.825373515156
16384,64,256,1,m,n,n,128,32,32,3,2,2,1,1,48.43520164489746,11084.312519973955
16384,64,256,1,m,n,n,128,32,32,3,2,2,1,2,79.83104228973389,6725.089596745007
16384,64,256,1,m,n,n,128,32,32,3,2,2,1,4,165.58080673217773,3242.3498990941234
16384,64,256,1,m,n,n,128,32,32,4,1,1,1,1,78.56128215789795,6833.785005200901
16384,64,256,1,m,n,n,128,32,32,4,1,1,1,2,90.56256294250488,5928.177102726668
16384,64,256,1,m,n,n,128,32,32,4,2,2,1,1,54.763522148132324,9803.440153973183
16384,64,256,1,m,n,n,128,32,32,4,2,2,1,2,80.69120407104492,6653.4006795500245
16384,64,256,1,m,n,n,128,32,32,5,1,1,1,1,120.03328323364258,4472.683721855635
16384,64,256,1,m,n,n,128,32,32,5,1,1,1,2,115.09759902954102,4664.4840250942725
16384,64,256,1,m,n,n,128,32,32,5,2,2,1,1,58.818559646606445,9127.576656511597
16384,64,256,1,m,n,n,128,32,32,5,2,2,1,2,80.54783821105957,6665.242965220702
16384,64,256,1,m,n,n,128,32,32,6,1,1,1,1,121.3644790649414,4423.6247387732255
16384,64,256,1,m,n,n,128,32,32,6,2,2,1,1,59.37151908874512,9042.566540996137
16384,64,256,1,m,n,n,128,32,64,3,1,1,1,1,95.17056465148926,5641.144548905426
16384,64,256,1,m,n,n,128,32,64,3,1,1,1,2,117.92384147644043,4552.69184991111
16384,64,256,1,m,n,n,128,32,64,3,2,2,1,1,60.25216102600098,8910.400935965117
16384,64,256,1,m,n,n,128,32,64,3,2,2,1,2,81.44895553588867,6591.501492777766
16384,64,256,1,m,n,n,128,32,64,4,1,1,1,1,96.89087867736816,5540.985068240513
16384,64,256,1,m,n,n,128,32,64,4,2,2,1,1,61.41952037811279,8741.04696185998
16384,64,256,1,m,n,n,128,64,16,3,1,1,1,1,64.24575805664062,8356.519219941052
16384,64,256,1,m,n,n,128,64,16,3,1,1,1,2,88.1049633026123,6093.537660937677
16384,64,256,1,m,n,n,128,64,16,3,1,1,1,4,174.67391967773438,3073.5607982605707
16384,64,256,1,m,n,n,128,64,16,3,1,1,1,8,494.98111724853516,1084.6290763258178
16384,64,256,1,m,n,n,128,64,16,3,2,2,1,1,46.284799575805664,11599.292141704276
16384,64,256,1,m,n,n,128,64,16,3,2,2,1,2,73.1993579864502,7334.366403860799
16384,64,256,1,m,n,n,128,64,16,3,2,2,1,4,157.8598403930664,3400.9340859791005
16384,64,256,1,m,n,n,128,64,16,3,2,2,1,8,466.8415832519531,1150.0066216471814
16384,64,256,1,m,n,n,128,64,16,4,1,1,1,1,64.3071985244751,8348.535223403782
16384,64,256,1,m,n,n,128,64,16,4,1,1,1,2,88.73984336853027,6049.942073600617
16384,64,256,1,m,n,n,128,64,16,4,1,1,1,4,174.202880859375,3081.871604829476
16384,64,256,1,m,n,n,128,64,16,4,2,2,1,1,45.24032115936279,11867.088876509688
16384,64,256,1,m,n,n,128,64,16,4,2,2,1,2,72.74496078491211,7380.180100548647
16384,64,256,1,m,n,n,128,64,16,4,2,2,1,4,158.9913558959961,3376.7301937546413
16384,64,256,1,m,n,n,128,64,16,5,1,1,1,1,65.10591983795166,8246.11515106874
16384,64,256,1,m,n,n,128,64,16,5,1,1,1,2,98.67263793945312,5440.929960030372
16384,64,256,1,m,n,n,128,64,16,5,1,1,1,4,175.8412742614746,3053.1564005938512
16384,64,256,1,m,n,n,128,64,16,5,2,2,1,1,45.52703857421875,11792.353045867156
16384,64,256,1,m,n,n,128,64,16,5,2,2,1,2,73.58528137207031,7295.900783275014
16384,64,256,1,m,n,n,128,64,16,5,2,2,1,4,163.38943481445312,3285.8361534188343
16384,64,256,1,m,n,n,128,64,16,6,1,1,1,1,65.9660816192627,8138.590300067615
16384,64,256,1,m,n,n,128,64,16,6,1,1,1,2,98.46783638000488,5452.246456681751
16384,64,256,1,m,n,n,128,64,16,6,2,2,1,1,45.60895919799805,11771.172187230384
16384,64,256,1,m,n,n,128,64,16,6,2,2,1,2,74.75200176239014,7182.027227933246
16384,64,256,1,m,n,n,128,64,32,3,1,1,1,1,92.99967765808105,5772.825514232839
16384,64,256,1,m,n,n,128,64,32,3,1,1,1,2,126.07487678527832,4258.349686229399
16384,64,256,1,m,n,n,128,64,32,3,1,1,1,4,206.1939239501953,2603.718391477323
16384,64,256,1,m,n,n,128,64,32,3,2,2,1,1,45.78752040863037,11725.2672171085
16384,64,256,1,m,n,n,128,64,32,3,2,2,1,2,74.60864067077637,7195.8275499085485
16384,64,256,1,m,n,n,128,64,32,3,2,2,1,4,161.11616134643555,3332.197760382388
16384,64,256,1,m,n,n,128,64,32,4,1,1,1,1,93.79839897155762,5723.668185027282
16384,64,256,1,m,n,n,128,64,32,4,1,1,1,2,127.89759635925293,4197.6622491948765
16384,64,256,1,m,n,n,128,64,32,4,2,2,1,1,45.936641693115234,11687.204205884813
16384,64,256,1,m,n,n,128,64,32,4,2,2,1,2,75.65311908721924,7096.480865264132
16384,64,256,1,m,n,n,128,64,32,5,1,1,1,1,117.98527717590332,4550.32123372125
16384,64,256,1,m,n,n,128,64,32,5,1,1,1,2,141.8239974975586,3785.472990981247
16384,64,256,1,m,n,n,128,64,32,5,2,2,1,1,55.27552127838135,9712.63408437496
16384,64,256,1,m,n,n,128,64,32,5,2,2,1,2,80.73216438293457,6650.025006804916
16384,64,256,1,m,n,n,128,64,32,6,1,1,1,1,137.5379180908203,3903.439280253526
16384,64,256,1,m,n,n,128,64,32,6,2,2,1,1,56.156158447265625,9560.321197970788
16384,64,256,1,m,n,n,128,64,64,3,1,1,1,1,134.22592163085938,3999.7558256777875
16384,64,256,1,m,n,n,128,64,64,3,1,1,1,2,162.50879287719727,3303.642236796973
16384,64,256,1,m,n,n,128,64,64,3,2,2,1,1,56.17663860321045,9556.835819103608
16384,64,256,1,m,n,n,128,64,64,3,2,2,1,2,82.08383560180664,6540.519312528125
16384,64,256,1,m,n,n,128,64,64,4,1,1,1,1,138.17855834960938,3885.341679724637
16384,64,256,1,m,n,n,128,64,64,4,2,2,1,1,57.67168045043945,9309.090836383095
16384,64,256,1,m,n,n,256,16,16,3,1,1,1,1,63.13983917236328,8502.88691002862
16384,64,256,1,m,n,n,256,16,16,3,1,1,1,2,95.66207885742188,5612.160204046697
16384,64,256,1,m,n,n,256,16,16,3,1,1,1,4,172.66687393188477,3109.287263819868
16384,64,256,1,m,n,n,256,16,16,3,1,1,1,8,500.56896209716797,1072.521375977333
16384,64,256,1,m,n,n,256,16,16,4,1,1,1,1,65.16736030578613,8238.34062759071
16384,64,256,1,m,n,n,256,16,16,4,1,1,1,2,100.65919876098633,5333.55042170355
16384,64,256,1,m,n,n,256,16,16,4,1,1,1,4,169.75872039794922,3162.5527733801514
16384,64,256,1,m,n,n,256,16,16,5,1,1,1,1,65.74079990386963,8166.479762720362
16384,64,256,1,m,n,n,256,16,16,5,1,1,1,2,102.07232475280762,5259.7108305327665
16384,64,256,1,m,n,n,256,16,16,5,1,1,1,4,170.30912399291992,3152.332061917709
16384,64,256,1,m,n,n,256,16,16,6,1,1,1,1,96.76799774169922,5548.021293496826
16384,64,256,1,m,n,n,256,16,16,6,1,1,1,2,133.34848403930664,4026.0743559840435
16384,64,256,1,m,n,n,256,16,32,3,1,1,1,1,111.00159645080566,4836.605320698551
16384,64,256,1,m,n,n,256,16,32,3,1,1,1,2,127.44704246520996,4212.501927195
16384,64,256,1,m,n,n,256,16,32,3,1,1,1,4,176.98816299438477,3033.3718533314186
16384,64,256,1,m,n,n,256,16,32,4,1,1,1,1,113.23391914367676,4741.255235710704
16384,64,256,1,m,n,n,256,16,32,4,1,1,1,2,133.26784133911133,4028.5106039489783
16384,64,256,1,m,n,n,256,16,32,5,1,1,1,1,115.91679573059082,4631.519605215572
16384,64,256,1,m,n,n,256,16,32,5,1,1,1,2,149.13536071777344,3599.890122745501
16384,64,256,1,m,n,n,256,32,16,3,1,1,1,1,74.15808200836182,7239.546890377562
16384,64,256,1,m,n,n,256,32,16,3,1,1,1,2,127.32416152954102,4216.567425621242
16384,64,256,1,m,n,n,256,32,16,3,1,1,1,4,206.8275260925293,2595.7420762254724
16384,64,256,1,m,n,n,256,32,16,3,1,1,1,8,513.2697677612305,1045.981948911023
16384,64,256,1,m,n,n,256,32,16,3,2,2,1,1,45.85472106933594,11708.083693022778
16384,64,256,1,m,n,n,256,32,16,3,2,2,1,2,77.33248233795166,6942.372671470879
16384,64,256,1,m,n,n,256,32,16,3,2,2,1,4,164.88447189331055,3256.042887697669
16384,64,256,1,m,n,n,256,32,16,3,2,2,1,8,468.95103454589844,1144.8336232371696
16384,64,256,1,m,n,n,256,32,16,4,1,1,1,1,74.15808200836182,7239.546890377562
16384,64,256,1,m,n,n,256,32,16,4,1,1,1,2,97.72992134094238,5493.413937447697
16384,64,256,1,m,n,n,256,32,16,4,1,1,1,4,183.94624710083008,2918.629330370162
16384,64,256,1,m,n,n,256,32,16,4,2,2,1,1,45.67039966583252,11755.336408883024
16384,64,256,1,m,n,n,256,32,16,4,2,2,1,2,76.20607852935791,7044.988042432518
16384,64,256,1,m,n,n,256,32,16,4,2,2,1,4,163.38943481445312,3285.8361534188343
16384,64,256,1,m,n,n,256,32,16,5,1,1,1,1,73.9737606048584,7257.585765684863
16384,64,256,1,m,n,n,256,32,16,5,1,1,1,2,99.57375526428223,5391.690918707163
16384,64,256,1,m,n,n,256,32,16,5,1,1,1,4,182.1900749206543,2946.762672081962
16384,64,256,1,m,n,n,256,32,16,5,2,2,1,1,45.5679988861084,11781.753096989023
16384,64,256,1,m,n,n,256,32,16,5,2,2,1,2,76.2879991531372,7037.422896913428
16384,64,256,1,m,n,n,256,32,16,5,2,2,1,4,164.67967987060547,3260.0920309162493
16384,64,256,1,m,n,n,256,32,16,6,1,1,1,1,97.27999687194824,5518.821230090034
16384,64,256,1,m,n,n,256,32,16,6,1,1,1,2,129.3721580505371,4149.81801409141
16384,64,256,1,m,n,n,256,32,16,6,2,2,1,1,54.763522148132324,9803.440153973183
16384,64,256,1,m,n,n,256,32,16,6,2,2,1,2,84.64384078979492,6342.704997676899
16384,64,256,1,m,n,n,256,32,32,3,1,1,1,1,113.33632469177246,4736.971253127053
16384,64,256,1,m,n,n,256,32,32,3,1,1,1,2,147.88607597351074,3630.3006112364765
16384,64,256,1,m,n,n,256,32,32,3,1,1,1,4,222.18751907348633,2416.2964429268204
16384,64,256,1,m,n,n,256,32,32,3,2,2,1,1,54.68160152435303,9818.127067125108
16384,64,256,1,m,n,n,256,32,32,3,2,2,1,2,85.60576438903809,6271.434123993955
16384,64,256,1,m,n,n,256,32,32,3,2,2,1,4,162.4064064025879,3305.724964255137
16384,64,256,1,m,n,n,256,32,32,4,1,1,1,1,145.92000007629395,3679.2140331640508
16384,64,256,1,m,n,n,256,32,32,4,1,1,1,2,175.7593536376953,3054.5794627049468
16384,64,256,1,m,n,n,256,32,32,4,2,2,1,1,54.98879909515381,9763.277628067253
16384,64,256,1,m,n,n,256,32,32,4,2,2,1,2,85.65247535705566,6268.013968796233
16384,64,256,1,m,n,n,256,32,32,5,1,1,1,1,147.06687927246094,3650.5222294502846
16384,64,256,1,m,n,n,256,32,32,5,1,1,1,2,175.7593536376953,3054.5794627049468
16384,64,256,1,m,n,n,256,32,32,5,2,2,1,1,55.39840221405029,9691.090185699208
16384,64,256,1,m,n,n,256,32,32,5,2,2,1,2,82.18367576599121,6532.573616306476
16384,64,256,1,m,n,n,256,64,16,3,1,1,1,1,141.61919593811035,3790.9473249277617
16384,64,256,1,m,n,n,256,64,16,3,1,1,1,2,195.91167449951172,2740.37222830913
16384,64,256,1,m,n,n,256,64,16,3,1,1,1,4,316.86656951904297,1694.312255202218
16384,64,256,1,m,n,n,256,64,16,3,1,1,1,8,610.5497741699219,879.323741835639
16384,64,256,1,m,n,n,256,64,16,3,2,2,1,1,44.76928234100342,11991.948137803609
16384,64,256,1,m,n,n,256,64,16,3,2,2,1,2,75.9603214263916,7067.780940345915
16384,64,256,1,m,n,n,256,64,16,3,2,2,1,4,149.52447891235352,3590.521872440008
16384,64,256,1,m,n,n,256,64,16,3,2,2,1,8,402.8211212158203,1332.7774630575034
16384,64,256,1,m,n,n,256,64,16,4,1,1,1,1,142.92991638183594,3756.1829293018995
16384,64,256,1,m,n,n,256,64,16,4,1,1,1,2,184.49920654296875,2909.8819559148947
16384,64,256,1,m,n,n,256,64,16,4,1,1,1,4,281.74591064453125,1905.5144785308025
16384,64,256,1,m,n,n,256,64,16,4,2,2,1,1,44.216318130493164,12141.918067794852
16384,64,256,1,m,n,n,256,64,16,4,2,2,1,2,76.10367774963379,7054.467377597707
16384,64,256,1,m,n,n,256,64,16,4,2,2,1,4,151.08223915100098,3553.501159480552
16384,64,256,1,m,n,n,256,64,16,5,1,1,1,1,94.53568458557129,5679.0291872698945
16384,64,256,1,m,n,n,256,64,16,5,1,1,1,2,146.5120029449463,3664.3476384780297
16384,64,256,1,m,n,n,256,64,16,5,1,1,1,4,241.52063369750977,2222.8780364678855
16384,64,256,1,m,n,n,256,64,16,5,2,2,1,1,44.564480781555176,12047.058612252606
16384,64,256,1,m,n,n,256,64,16,5,2,2,1,2,77.82400131225586,6898.526199467627
16384,64,256,1,m,n,n,256,64,16,5,2,2,1,4,163.24928283691406,3288.6570934362617
16384,64,256,1,m,n,n,256,64,16,6,1,1,1,1,95.49823760986328,5621.788688847497
16384,64,256,1,m,n,n,256,64,16,6,1,1,1,2,147.18976020812988,3647.47460177156
16384,64,256,1,m,n,n,256,64,16,6,2,2,1,1,45.199360847473145,11877.843003393125
16384,64,256,1,m,n,n,256,64,16,6,2,2,1,2,78.438401222229,6844.490754967783
16384,64,256,1,m,n,n,256,64,32,3,1,1,1,1,169.32863235473633,3170.585532606666
16384,64,256,1,m,n,n,256,64,32,3,1,1,1,2,193.91935348510742,2768.5267218118615
16384,64,256,1,m,n,n,256,64,32,3,1,1,1,4,280.53504943847656,1913.7391676177697
16384,64,256,1,m,n,n,256,64,32,3,2,2,1,1,45.58271884918213,11777.948432087282
16384,64,256,1,m,n,n,256,64,32,3,2,2,1,2,78.60223770141602,6830.224274776955
16384,64,256,1,m,n,n,256,64,32,3,2,2,1,4,165.41696548461914,3245.5613632322347
16384,64,256,1,m,n,n,256,64,32,4,1,1,1,1,171.7043113708496,3126.717714387835
16384,64,256,1,m,n,n,256,64,32,4,1,1,1,2,218.03007125854492,2462.370942232856
16384,64,256,1,m,n,n,256,64,32,4,2,2,1,1,45.42463779449463,11818.936552204445
16384,64,256,1,m,n,n,256,64,32,4,2,2,1,2,79.68768119812012,6737.188282154019
16384,64,512,1,m,n,n,16,16,16,3,1,1,1,1,121.70944213867188,8822.173572832688
16384,64,512,1,m,n,n,16,16,16,3,1,1,1,2,136.25344276428223,7880.474813818599
16384,64,512,1,m,n,n,16,16,16,3,1,1,1,4,186.3270378112793,5762.6731826624955
16384,64,512,1,m,n,n,16,16,16,3,1,1,1,8,481.23905181884766,2231.202600748594
16384,64,512,1,m,n,n,16,16,16,3,1,1,1,16,1041.5718078613281,1030.8860281123843
16384,64,512,1,m,n,n,16,16,16,4,1,1,1,1,110.94016075134277,9678.567407222761
16384,64,512,1,m,n,n,16,16,16,4,1,1,1,2,132.11647987365723,8127.236095200369
16384,64,512,1,m,n,n,16,16,16,4,1,1,1,4,180.03904342651367,5963.938729980356
16384,64,512,1,m,n,n,16,16,16,4,1,1,1,8,482.73536682128906,2224.286633627787
16384,64,512,1,m,n,n,16,16,16,5,1,1,1,1,109.36320304870605,9818.127067125108
16384,64,512,1,m,n,n,16,16,16,5,1,1,1,2,125.19424438476562,8576.606930107877
16384,64,512,1,m,n,n,16,16,16,5,1,1,1,4,179.11808013916016,5994.603242541401
16384,64,512,1,m,n,n,16,16,16,5,1,1,1,8,483.0847930908203,2222.677756279809
16384,64,512,1,m,n,n,16,16,16,6,1,1,1,1,108.44160079956055,9901.567443518883
16384,64,512,1,m,n,n,16,16,16,6,1,1,1,2,124.92799758911133,8594.885411767675
16384,64,512,1,m,n,n,16,16,16,6,1,1,1,4,178.79039764404297,6005.589998953591
16384,64,512,1,m,n,n,16,16,32,3,1,1,1,1,112.39295959472656,9553.46160357165
16384,64,512,1,m,n,n,16,16,32,3,1,1,1,2,126.89408302307129,8461.717035338655
16384,64,512,1,m,n,n,16,16,32,3,1,1,1,4,180.0147247314453,5964.744415224143
16384,64,512,1,m,n,n,16,16,32,3,1,1,1,8,479.17057037353516,2240.8342464833963
16384,64,512,1,m,n,n,16,16,32,4,1,1,1,1,110.67392349243164,9701.850174973033
16384,64,512,1,m,n,n,16,16,32,4,1,1,1,2,124.84607696533203,8600.52514343853
16384,64,512,1,m,n,n,16,16,32,4,1,1,1,4,178.70847702026367,6008.342983518621
16384,64,512,1,m,n,n,16,16,32,5,1,1,1,1,110.48959732055664,9718.03545346282
16384,64,512,1,m,n,n,16,16,32,5,1,1,1,2,124.14976119995117,8648.762700966214
16384,64,512,1,m,n,n,16,16,32,5,1,1,1,4,178.46271514892578,6016.617101807347
16384,64,512,1,m,n,n,16,16,32,6,1,1,1,1,107.43807792663574,9994.052804381015
16384,64,512,1,m,n,n,16,16,32,6,1,1,1,2,122.69632339477539,8751.214333825113
16384,64,512,1,m,n,n,16,16,64,3,1,1,1,1,105.2672004699707,10200.155596484241
16384,64,512,1,m,n,n,16,16,64,3,1,1,1,2,122.81855583190918,8742.504882320347
16384,64,512,1,m,n,n,16,16,64,3,1,1,1,4,176.5376091003418,6082.227064657359
16384,64,512,1,m,n,n,16,16,64,4,1,1,1,1,104.42751884460449,10282.173088856047
16384,64,512,1,m,n,n,16,16,64,4,1,1,1,2,121.18335723876953,8860.472662796337
16384,64,512,1,m,n,n,16,16,64,5,1,1,1,1,107.4176025390625,9995.957819013256
16384,64,512,1,m,n,n,16,16,64,5,1,1,1,2,124.92799758911133,8594.885411767675
16384,64,512,1,m,n,n,16,16,64,6,1,1,1,1,109.87520217895508,9772.376320647709
16384,64,512,1,m,n,n,16,16,128,3,1,1,1,1,106.94656372070312,10039.98433090507
16384,64,512,1,m,n,n,16,16,128,3,1,1,1,2,126.01344108581544,8520.851543676039
16384,64,512,1,m,n,n,16,16,128,4,1,1,1,1,117.80096054077148,9114.881738408007
16384,64,512,1,m,n,n,16,16,128,5,1,1,1,1,139.50912475585938,7696.570571129634
16384,64,512,1,m,n,n,16,16,128,6,1,1,1,1,141.41440391540527,7592.874518230245
16384,64,512,1,m,n,n,16,16,256,3,1,1,1,1,140.22656440734863,7657.192690543662
16384,64,512,1,m,n,n,16,32,16,3,1,1,1,1,112.74239540100098,9523.851433002877
16384,64,512,1,m,n,n,16,32,16,3,1,1,1,2,128.7987232208252,8336.587484326777
16384,64,512,1,m,n,n,16,32,16,3,1,1,1,4,184.99584197998047,5804.140312062777
16384,64,512,1,m,n,n,16,32,16,3,1,1,1,8,492.1811294555664,2181.598927183039
16384,64,512,1,m,n,n,16,32,16,3,1,1,1,16,1068.9337921142578,1004.4979697725078
16384,64,512,1,m,n,n,16,32,16,4,1,1,1,1,105.12063980102539,10214.376796339917
16384,64,512,1,m,n,n,16,32,16,4,1,1,1,2,121.73312187194824,8820.457468670482
16384,64,512,1,m,n,n,16,32,16,4,1,1,1,4,181.24799728393555,5924.158280865971
16384,64,512,1,m,n,n,16,32,16,4,1,1,1,8,489.7587203979492,2192.389393551871
16384,64,512,1,m,n,n,16,32,16,5,1,1,1,1,102.05183982849121,10521.53323060648
16384,64,512,1,m,n,n,16,32,16,5,1,1,1,2,118.90687942504883,9030.106829746694
16384,64,512,1,m,n,n,16,32,16,5,1,1,1,4,178.21823120117188,6024.870838202661
16384,64,512,1,m,n,n,16,32,16,5,1,1,1,8,486.99073791503906,2204.850606804202
16384,64,512,1,m,n,n,16,32,16,6,1,1,1,1,102.09280014038086,10517.311921345783
16384,64,512,1,m,n,n,16,32,16,6,1,1,1,2,117.59615898132324,9130.755913299285
16384,64,512,1,m,n,n,16,32,16,6,1,1,1,4,176.88255310058594,6070.365930264511
16384,64,512,1,m,n,n,16,32,32,3,1,1,1,1,103.73120307922363,10351.194164594242
16384,64,512,1,m,n,n,16,32,32,3,1,1,1,2,118.16960334777832,9086.446882959663
16384,64,512,1,m,n,n,16,32,32,3,1,1,1,4,176.31231307983398,6089.999077454172
16384,64,512,1,m,n,n,16,32,32,3,1,1,1,8,485.21217346191406,2212.9325740923146
16384,64,512,1,m,n,n,16,32,32,4,1,1,1,1,100.47488212585449,10686.669158317944
16384,64,512,1,m,n,n,16,32,32,4,1,1,1,2,114.95424270629883,9340.601953625546
16384,64,512,1,m,n,n,16,32,32,4,1,1,1,4,172.97407150268555,6207.5304967503735
16384,64,512,1,m,n,n,16,32,32,5,1,1,1,1,97.50528335571289,11012.139927667713
16384,64,512,1,m,n,n,16,32,32,5,1,1,1,2,112.57856369018555,9537.7111663542
16384,64,512,1,m,n,n,16,32,32,5,1,1,1,4,170.94655990600586,6281.154909407897
16384,64,512,1,m,n,n,16,32,32,6,1,1,1,1,95.53919792175293,11238.75694329567
16384,64,512,1,m,n,n,16,32,32,6,1,1,1,2,111.80031776428223,9604.10350768285
16384,64,512,1,m,n,n,16,32,64,3,1,1,1,1,94.1260814666748,11407.48459161297
16384,64,512,1,m,n,n,16,32,64,3,1,1,1,2,111.16543769836426,9658.953774045181
16384,64,512,1,m,n,n,16,32,64,3,1,1,1,4,168.48896026611328,6372.772568031286
16384,64,512,1,m,n,n,16,32,64,4,1,1,1,1,98.09920310974121,10945.469381630255
16384,64,512,1,m,n,n,16,32,64,4,1,1,1,2,113.54111671447754,9456.854530505847
16384,64,512,1,m,n,n,16,32,64,5,1,1,1,1,102.23615646362305,10502.564465850703
16384,64,512,1,m,n,n,16,32,64,5,1,1,1,2,121.79455757141113,8816.008247088042
16384,64,512,1,m,n,n,16,32,64,6,1,1,1,1,118.14911842346191,9088.022308821372
16384,64,512,1,m,n,n,16,32,128,3,1,1,1,1,114.85183715820312,9348.93033117938
16384,64,512,1,m,n,n,16,32,128,3,1,1,1,2,136.560640335083,7862.747431216835
16384,64,512,1,m,n,n,16,32,128,4,1,1,1,1,128.83968353271484,8333.93714233516
16384,64,512,1,m,n,n,16,32,128,5,1,1,1,1,179.44576263427734,5983.65661154317
16384,64,512,1,m,n,n,16,32,128,6,1,1,1,1,184.2176055908203,5828.660189976464
16384,64,512,1,m,n,n,16,32,256,3,1,1,1,1,179.71200942993164,5974.7917092799735
16384,64,512,1,m,n,n,16,32,256,4,1,1,1,1,191.52896881103516,5606.158852446843
16384,64,512,1,m,n,n,16,64,16,3,1,1,1,1,117.06368446350098,9172.287963777353
16384,64,512,1,m,n,n,16,64,16,3,1,1,1,2,134.45119857788086,7986.108233747244
16384,64,512,1,m,n,n,16,64,16,3,1,1,1,4,196.01408004760742,5477.8810978232395
16384,64,512,1,m,n,n,16,64,16,3,1,1,1,8,504.9343872070312,2126.4977216925986
16384,64,512,1,m,n,n,16,64,16,3,1,1,1,16,1089.1264343261719,985.8743577960349
16384,64,512,1,m,n,n,16,64,16,4,1,1,1,1,114.4422435760498,9382.390544331394
16384,64,512,1,m,n,n,16,64,16,4,1,1,1,2,126.99647903442381,8454.894436159528
16384,64,512,1,m,n,n,16,64,16,4,1,1,1,4,192.5529670715332,5576.345253621078
16384,64,512,1,m,n,n,16,64,16,4,1,1,1,8,500.7564926147461,2144.2394453906295
16384,64,512,1,m,n,n,16,64,16,5,1,1,1,1,110.98112106323242,9674.995293913336
16384,64,512,1,m,n,n,16,64,16,5,1,1,1,2,120.77055931091309,8890.758063277219
16384,64,512,1,m,n,n,16,64,16,5,1,1,1,4,186.3065528869629,5763.306804626823
16384,64,512,1,m,n,n,16,64,16,5,1,1,1,8,494.7148895263672,2170.4255253525616
16384,64,512,1,m,n,n,16,64,16,6,1,1,1,1,104.38655853271484,10286.207717667867
16384,64,512,1,m,n,n,16,64,16,6,1,1,1,2,118.23103904724121,9081.725346006377
16384,64,512,1,m,n,n,16,64,16,6,1,1,1,4,180.94079971313477,5934.216195033516
16384,64,512,1,m,n,n,16,64,32,3,1,1,1,1,102.01087951660156,10525.757929822143
16384,64,512,1,m,n,n,16,64,32,3,1,1,1,2,115.17951965332031,9322.332887234325
16384,64,512,1,m,n,n,16,64,32,3,1,1,1,4,178.91328811645508,6001.46492920693
16384,64,512,1,m,n,n,16,64,32,3,1,1,1,8,490.0864028930664,2190.923514020207
16384,64,512,1,m,n,n,16,64,32,4,1,1,1,1,101.04384422302246,10626.494194243573
16384,64,512,1,m,n,n,16,64,32,4,1,1,1,2,118.1100845336914,9091.025785302105
16384,64,512,1,m,n,n,16,64,32,4,1,1,1,4,180.94079971313477,5934.216195033516
16384,64,512,1,m,n,n,16,64,32,5,1,1,1,1,98.44736099243164,10906.760863630934
16384,64,512,1,m,n,n,16,64,32,5,1,1,1,2,112.4351978302002,9549.872679741859
16384,64,512,1,m,n,n,16,64,32,5,1,1,1,4,174.1414451599121,6165.917728625687
16384,64,512,1,m,n,n,16,64,32,6,1,1,1,1,100.82304000854492,10649.766401697456
16384,64,512,1,m,n,n,16,64,32,6,1,1,1,2,115.46624183654785,9299.183959931523
16384,64,512,1,m,n,n,16,64,64,3,1,1,1,1,96.72703742980957,11100.741349378823
16384,64,512,1,m,n,n,16,64,64,3,1,1,1,2,113.39776039123535,9468.809792146396
16384,64,512,1,m,n,n,16,64,64,3,1,1,1,4,173.44512939453125,6190.671526771944
16384,64,512,1,m,n,n,16,64,64,4,1,1,1,1,110.3052806854248,9734.273983329604
16384,64,512,1,m,n,n,16,64,64,4,1,1,1,2,131.05279922485352,8193.200224267857
16384,64,512,1,m,n,n,16,64,64,5,1,1,1,1,157.30688095092773,6825.777852241292
16384,64,512,1,m,n,n,16,64,64,5,1,1,1,2,191.52896881103516,5606.158852446843
16384,64,512,1,m,n,n,16,64,64,6,1,1,1,1,162.79552459716797,6595.647064972689
16384,64,512,1,m,n,n,16,64,64,6,1,1,1,2,196.03456497192383,5477.308678465871
16384,64,512,1,m,n,n,16,64,128,3,1,1,1,1,155.48288345336914,6905.85227229868
16384,64,512,1,m,n,n,16,64,128,3,1,1,1,2,194.64191436767578,5516.498476128411
16384,64,512,1,m,n,n,16,64,128,4,1,1,1,1,166.0313606262207,6467.102479616902
16384,64,512,1,m,n,n,16,64,128,4,1,1,1,2,204.8204803466797,5242.355755550333
16384,64,512,1,m,n,n,32,16,16,3,1,1,1,1,97.259521484375,11039.966140204582
16384,64,512,1,m,n,n,32,16,16,3,1,1,1,2,110.3872013092041,9727.049977400515
16384,64,512,1,m,n,n,32,16,16,3,1,1,1,4,176.1689567565918,6094.9547739194595
16384,64,512,1,m,n,n,32,16,16,3,1,1,1,8,491.9295883178711,2182.714456496929
16384,64,512,1,m,n,n,32,16,16,3,1,1,1,16,1071.0655975341797,1002.498657852499
16384,64,512,1,m,n,n,32,16,16,4,1,1,1,1,89.1494369506836,12044.29170533047
16384,64,512,1,m,n,n,32,16,16,4,1,1,1,2,101.396484375,10589.537010266784
16384,64,512,1,m,n,n,32,16,16,4,1,1,1,4,172.95360565185547,6208.265042831045
16384,64,512,1,m,n,n,32,16,16,4,1,1,1,8,490.06591796875,2191.0150953783923
16384,64,512,1,m,n,n,32,16,16,5,1,1,1,1,88.69888305664062,12105.471760161156
16384,64,512,1,m,n,n,32,16,16,5,1,1,1,2,99.86047744750977,10752.420291244824
16384,64,512,1,m,n,n,32,16,16,5,1,1,1,4,169.881591796875,6320.53074522552
16384,64,512,1,m,n,n,32,16,16,5,1,1,1,8,488.3046340942383,2198.917947997147
16384,64,512,1,m,n,n,32,16,16,6,1,1,1,1,87.42912292480469,12281.28326214018
16384,64,512,1,m,n,n,32,16,16,6,1,1,1,2,98.89792442321777,10857.07137194401
16384,64,512,1,m,n,n,32,16,16,6,1,1,1,4,169.43103790283203,6337.338407947346
16384,64,512,1,m,n,n,32,16,32,3,1,1,1,1,89.60000038146973,11983.725663265306
16384,64,512,1,m,n,n,32,16,32,3,1,1,1,2,100.3110408782959,10704.124038576529
16384,64,512,1,m,n,n,32,16,32,3,1,1,1,4,168.93951416015625,6355.776677456777
16384,64,512,1,m,n,n,32,16,32,3,1,1,1,8,486.93248748779297,2205.1143671676205
16384,64,512,1,m,n,n,32,16,32,4,1,1,1,1,86.71232223510742,12382.805538164583
16384,64,512,1,m,n,n,32,16,32,4,1,1,1,2,97.96031951904297,10960.987359695884
16384,64,512,1,m,n,n,32,16,32,4,1,1,1,4,166.66751861572266,6442.418012328337
16384,64,512,1,m,n,n,32,16,32,5,1,1,1,1,88.1868839263916,12175.75421869127
16384,64,512,1,m,n,n,32,16,32,5,1,1,1,2,97.0956802368164,11058.595206101274
16384,64,512,1,m,n,n,32,16,32,5,1,1,1,4,165.928955078125,6471.093749095485
16384,64,512,1,m,n,n,32,16,32,6,1,1,1,1,87.0195198059082,12339.091578474765
16384,64,512,1,m,n,n,32,16,32,6,1,1,1,2,97.62816429138184,10998.279357125892
16384,64,512,1,m,n,n,32,16,64,3,1,1,1,1,86.22079849243164,12453.396892331632
16384,64,512,1,m,n,n,32,16,64,3,1,1,1,2,98.2425594329834,10929.497665749006
16384,64,512,1,m,n,n,32,16,64,3,1,1,1,4,165.33504486083984,6494.338964275562
16384,64,512,1,m,n,n,32,16,64,4,1,1,1,1,90.48064231872559,11867.088876509688
16384,64,512,1,m,n,n,32,16,64,4,1,1,1,2,102.39999771118164,10485.760234375006
16384,64,512,1,m,n,n,32,16,64,5,1,1,1,1,96.2764835357666,11152.690507242156
16384,64,512,1,m,n,n,32,16,64,5,1,1,1,2,111.98464393615723,9588.29520065397
16384,64,512,1,m,n,n,32,16,64,6,1,1,1,1,110.81727981567383,9689.29959105648
16384,64,512,1,m,n,n,32,16,128,3,1,1,1,1,103.58783721923828,10365.520246623946
16384,64,512,1,m,n,n,32,16,128,3,1,1,1,2,141.844482421875,7569.852599598965
16384,64,512,1,m,n,n,32,16,128,4,1,1,1,1,114.38079833984375,9387.430753977957
16384,64,512,1,m,n,n,32,16,128,5,1,1,1,1,171.7043113708496,6253.43542877567
16384,64,512,1,m,n,n,32,16,256,3,1,1,1,1,177.93472290039062,6034.470431052908
16384,64,512,1,m,n,n,32,32,16,3,1,1,1,1,88.67839813232422,12108.268153398338
16384,64,512,1,m,n,n,32,32,16,3,1,1,1,2,108.15487861633301,9927.816828392695
16384,64,512,1,m,n,n,32,32,16,3,1,1,1,4,184.48383331298828,5820.248878818181
16384,64,512,1,m,n,n,32,32,16,3,1,1,1,8,506.5523147583008,2119.705690245106
16384,64,512,1,m,n,n,32,32,16,3,1,1,1,16,1094.0211486816406,981.4634984834815
16384,64,512,1,m,n,n,32,32,16,3,2,2,1,16,1054.228515625,1018.5095622872917
16384,64,512,1,m,n,n,32,32,16,4,1,1,1,1,88.41216087341309,12144.730016692658
16384,64,512,1,m,n,n,32,32,16,4,1,1,1,2,102.74815559387207,10450.229668784812
16384,64,512,1,m,n,n,32,32,16,4,1,1,1,4,179.71200942993164,5974.7917092799735
16384,64,512,1,m,n,n,32,32,16,4,1,1,1,8,500.7769775390625,2144.151732526969
16384,64,512,1,m,n,n,32,32,16,5,1,1,1,1,80.69120407104492,13306.801359100049
16384,64,512,1,m,n,n,32,32,16,5,1,1,1,2,95.84704399108887,11202.659772166038
16384,64,512,1,m,n,n,32,32,16,5,1,1,1,4,175.02208709716797,6134.893268664343
16384,64,512,1,m,n,n,32,32,16,5,1,1,1,8,495.00160217285156,2169.1683810450695
16384,64,512,1,m,n,n,32,32,16,5,2,2,1,8,482.344970703125,2226.086907125377
16384,64,512,1,m,n,n,32,32,16,6,1,1,1,1,77.92640209197998,13778.922100530383
16384,64,512,1,m,n,n,32,32,16,6,1,1,1,2,93.67232322692871,11462.743604626678
16384,64,512,1,m,n,n,32,32,16,6,1,1,1,4,171.93151473999023,6245.1716639838
16384,64,512,1,m,n,n,32,32,32,3,1,1,1,1,77.82400131225586,13797.052398935253
16384,64,512,1,m,n,n,32,32,32,3,1,1,1,2,93.81888389587402,11444.836896500547
16384,64,512,1,m,n,n,32,32,32,3,1,1,1,4,172.01152801513672,6242.266645672217
16384,64,512,1,m,n,n,32,32,32,3,1,1,1,8,492.6464080810547,2179.5385217207113
16384,64,512,1,m,n,n,32,32,32,3,2,2,1,1,76.5337610244751,14029.64926363181
16384,64,512,1,m,n,n,32,32,32,3,2,2,1,2,93.47071647644043,11487.467567135209
16384,64,512,1,m,n,n,32,32,32,3,2,2,1,4,170.53632736206055,6296.264500409764
16384,64,512,1,m,n,n,32,32,32,3,2,2,1,8,476.77440643310547,2252.096189543792
16384,64,512,1,m,n,n,32,32,32,4,1,1,1,1,75.24352073669434,14270.223050266753
16384,64,512,1,m,n,n,32,32,32,4,1,1,1,2,91.09503746032715,11787.050688327849
16384,64,512,1,m,n,n,32,32,32,4,1,1,1,4,168.4275245666504,6375.097103413743
16384,64,512,1,m,n,n,32,32,32,4,2,2,1,1,73.3184003829956,14644.916124616215
16384,64,512,1,m,n,n,32,32,32,4,2,2,1,2,90.91072082519531,11810.948304596652
16384,64,512,1,m,n,n,32,32,32,4,2,2,1,4,167.9155158996582,6394.536075163175
16384,64,512,1,m,n,n,32,32,32,5,1,1,1,1,78.21311950683594,13728.410665248475
16384,64,512,1,m,n,n,32,32,32,5,1,1,1,2,92.56959915161133,11599.292141704276
16384,64,512,1,m,n,n,32,32,32,5,1,1,1,4,167.34207153320312,6416.448739771659
16384,64,512,1,m,n,n,32,32,32,5,2,2,1,1,73.27744007110596,14653.102277564245
16384,64,512,1,m,n,n,32,32,32,5,2,2,1,2,89.80480194091797,11956.396548888424
16384,64,512,1,m,n,n,32,32,32,5,2,2,1,4,166.83008193969727,6436.140362192695
16384,64,512,1,m,n,n,32,32,32,6,1,1,1,1,78.84479999542236,13618.42282639236
16384,64,512,1,m,n,n,32,32,32,6,1,1,1,2,94.26943778991699,11390.137134294513
16384,64,512,1,m,n,n,32,32,32,6,2,2,1,1,71.84383869171143,14945.496281282041
16384,64,512,1,m,n,n,32,32,32,6,2,2,1,2,89.37472343444824,12013.931710653453
16384,64,512,1,m,n,n,32,32,64,3,1,1,1,1,79.585280418396,13491.713773641572
16384,64,512,1,m,n,n,32,32,64,3,1,1,1,2,93.79839897155762,11447.336370054563
16384,64,512,1,m,n,n,32,32,64,3,1,1,1,4,168.4275245666504,6375.097103413743
16384,64,512,1,m,n,n,32,32,64,3,2,2,1,1,73.11359882354736,14685.938611657903
16384,64,512,1,m,n,n,32,32,64,3,2,2,1,2,89.72288131713867,11967.31322308634
16384,64,512,1,m,n,n,32,32,64,3,2,2,1,4,172.49984741210938,6224.595790132995
16384,64,512,1,m,n,n,32,32,64,4,1,1,1,1,81.65375709533691,13149.937763994441
16384,64,512,1,m,n,n,32,32,64,4,1,1,1,2,95.51872253417969,11241.16608255288
16384,64,512,1,m,n,n,32,32,64,4,2,2,1,1,73.33888053894043,14640.82647716282
16384,64,512,1,m,n,n,32,32,64,4,2,2,1,2,89.86623764038086,11948.222738519551
16384,64,512,1,m,n,n,32,32,64,5,1,1,1,1,90.84927558898926,11818.936552204445
16384,64,512,1,m,n,n,32,32,64,5,1,1,1,2,109.24032211303711,9829.171163455
16384,64,512,1,m,n,n,32,32,64,5,2,2,1,1,73.17503929138184,14673.607754747862
16384,64,512,1,m,n,n,32,32,64,5,2,2,1,2,90.31680107116699,11888.616639045076
16384,64,512,1,m,n,n,32,32,64,6,1,1,1,1,95.66720008850098,11223.719550762327
16384,64,512,1,m,n,n,32,32,64,6,2,2,1,1,75.0387191772461,14309.170462568205
16384,64,512,1,m,n,n,32,32,128,3,1,1,1,1,92.87679672241211,11560.926538080046
16384,64,512,1,m,n,n,32,32,128,3,1,1,1,2,117.14559555053711,9165.8744740154
16384,64,512,1,m,n,n,32,32,128,3,2,2,1,1,73.46176147460938,14616.336478279492
16384,64,512,1,m,n,n,32,32,128,3,2,2,1,2,90.1529598236084,11910.222649382375
16384,64,512,1,m,n,n,32,32,128,4,1,1,1,1,137.68704414367676,7798.423088228606
16384,64,512,1,m,n,n,32,32,128,4,2,2,1,1,87.08288192749023,12330.113568060984
16384,64,512,1,m,n,n,32,32,128,5,1,1,1,1,141.80352210998535,7572.0391709818505
16384,64,512,1,m,n,n,32,32,128,5,2,2,1,1,89.92768287658691,11940.058830088612
16384,64,512,1,m,n,n,32,32,256,3,1,1,1,1,144.09728050231934,7451.506511829815
16384,64,512,1,m,n,n,32,32,256,3,2,2,1,1,92.71295547485352,11581.356871869222
16384,64,512,1,m,n,n,32,64,16,3,1,1,1,1,81.57183647155762,13163.143928657182
16384,64,512,1,m,n,n,32,64,16,3,1,1,1,2,98.20287704467773,10933.914120576095
16384,64,512,1,m,n,n,32,64,16,3,1,1,1,4,182.76351928710938,5875.033640128274
16384,64,512,1,m,n,n,32,64,16,3,1,1,1,8,505.1801681518555,2125.463135119027
16384,64,512,1,m,n,n,32,64,16,3,1,1,1,16,1100.5542755126953,975.6373201128998
16384,64,512,1,m,n,n,32,64,16,4,1,1,1,1,66.25279903411865,16206.739030709452
16384,64,512,1,m,n,n,32,64,16,4,1,1,1,2,90.41919708251953,11875.153271047828
16384,64,512,1,m,n,n,32,64,16,4,1,1,1,4,182.06720352172852,5897.502698073001
16384,64,512,1,m,n,n,32,64,16,4,1,1,1,8,501.8041610717774,2139.7626948860902
16384,64,512,1,m,n,n,32,64,16,5,1,1,1,1,65.29024124145508,16445.670954547546
16384,64,512,1,m,n,n,32,64,16,5,1,1,1,2,98.03775787353516,10952.329462543245
16384,64,512,1,m,n,n,32,64,16,5,1,1,1,4,178.64704132080078,6010.409218431198
16384,64,512,1,m,n,n,32,64,16,5,1,1,1,8,500.14209747314453,2146.873517396034
16384,64,512,1,m,n,n,32,64,16,6,1,1,1,1,79.44191932678223,13516.060954962475
16384,64,512,1,m,n,n,32,64,16,6,1,1,1,2,96.52223587036133,11124.294980507277
16384,64,512,1,m,n,n,32,64,16,6,1,1,1,4,177.56160736083984,6047.150845046965
16384,64,512,1,m,n,n,32,64,32,3,1,1,1,1,70.36928176879883,15258.672491895299
16384,64,512,1,m,n,n,32,64,32,3,1,1,1,2,95.2729606628418,11270.163292183479
16384,64,512,1,m,n,n,32,64,32,3,1,1,1,4,175.8412742614746,6106.3128011877025
16384,64,512,1,m,n,n,32,64,32,3,1,1,1,8,496.2099075317383,2163.8863063840013
16384,64,512,1,m,n,n,32,64,32,3,2,2,1,1,77.53727912902832,13848.071999189016
16384,64,512,1,m,n,n,32,64,32,3,2,2,1,2,94.86335754394531,11318.825854362056
16384,64,512,1,m,n,n,32,64,32,3,2,2,1,4,175.12447357177734,6131.306505026615
16384,64,512,1,m,n,n,32,64,32,3,2,2,1,8,482.2016143798828,2226.7487125293956
16384,64,512,1,m,n,n,32,64,32,4,1,1,1,1,79.48287963867188,13509.095655331264
16384,64,512,1,m,n,n,32,64,32,4,1,1,1,2,96.04672431945801,11179.369537150074
16384,64,512,1,m,n,n,32,64,32,4,1,1,1,4,177.41823196411133,6052.037674556467
16384,64,512,1,m,n,n,32,64,32,4,2,2,1,1,70.37312030792236,15257.840199521777
16384,64,512,1,m,n,n,32,64,32,4,2,2,1,2,92.18048095703125,11648.25582218985
16384,64,512,1,m,n,n,32,64,32,4,2,2,1,4,173.15839767456055,6200.92261432232
16384,64,512,1,m,n,n,32,64,32,5,1,1,1,1,81.92000389099121,13107.199377441435
16384,64,512,1,m,n,n,32,64,32,5,1,1,1,2,96.99328422546387,11070.269787999488
16384,64,512,1,m,n,n,32,64,32,5,1,1,1,4,176.68096542358398,6077.2920355385
16384,64,512,1,m,n,n,32,64,32,5,2,2,1,1,68.5913610458374,15654.18454493785
16384,64,512,1,m,n,n,32,64,32,5,2,2,1,2,90.09407997131348,11918.006425526364
16384,64,512,1,m,n,n,32,64,32,5,2,2,1,4,170.3321647644043,6303.811294156631
16384,64,512,1,m,n,n,32,64,32,6,1,1,1,1,95.15007972717285,11284.71806937816
16384,64,512,1,m,n,n,32,64,32,6,1,1,1,2,109.4041633605957,9814.451214813016
16384,64,512,1,m,n,n,32,64,32,6,2,2,1,1,70.7583999633789,15174.761223483238
16384,64,512,1,m,n,n,32,64,32,6,2,2,1,2,89.78816032409668,11958.61258460195
16384,64,512,1,m,n,n,32,64,64,3,1,1,1,1,89.70239639282227,11970.046143448604
16384,64,512,1,m,n,n,32,64,64,3,1,1,1,2,106.78272247314453,10055.389103513842
16384,64,512,1,m,n,n,32,64,64,3,1,1,1,4,170.63871383666992,6292.48662192656
16384,64,512,1,m,n,n,32,64,64,3,2,2,1,1,71.12703800201416,15096.113294772575
16384,64,512,1,m,n,n,32,64,64,3,2,2,1,2,91.36128425598145,11752.700640585641
16384,64,512,1,m,n,n,32,64,64,3,2,2,1,4,168.3251190185547,6378.975581663722
16384,64,512,1,m,n,n,32,64,64,4,1,1,1,1,91.62752151489258,11718.551437904827
16384,64,512,1,m,n,n,32,64,64,4,1,1,1,2,108.2579231262207,9918.367108780543
16384,64,512,1,m,n,n,32,64,64,4,2,2,1,1,70.14400005340576,15307.678820461932
16384,64,512,1,m,n,n,32,64,64,4,2,2,1,2,90.9721565246582,11802.972085299089
16384,64,512,1,m,n,n,32,64,64,5,1,1,1,1,129.18784141540527,8311.477397840936
16384,64,512,1,m,n,n,32,64,64,5,1,1,1,2,153.2307243347168,7007.353314172954
16384,64,512,1,m,n,n,32,64,64,5,2,2,1,1,78.04927825927734,13757.229380559576
16384,64,512,1,m,n,n,32,64,64,5,2,2,1,2,99.02079582214355,10843.59921655855
16384,64,512,1,m,n,n,32,64,64,6,1,1,1,1,131.6659164428711,8155.047661601088
16384,64,512,1,m,n,n,32,64,64,6,2,2,1,1,80.34303665161133,13364.466526900505
16384,64,512,1,m,n,n,32,64,128,3,1,1,1,1,133.32480430603027,8053.578848954176
16384,64,512,1,m,n,n,32,64,128,3,1,1,1,2,161.11616134643555,6664.395520764776
16384,64,512,1,m,n,n,32,64,128,3,2,2,1,1,79.64672088623047,13481.306098386172
16384,64,512,1,m,n,n,32,64,128,3,2,2,1,2,101.96991920471191,10529.986023077909
16384,64,512,1,m,n,n,32,64,128,4,1,1,1,1,137.15456008911133,7828.699412563274
16384,64,512,1,m,n,n,32,64,128,4,2,2,1,1,83.35359573364258,12881.769701107496
16384,64,512,1,m,n,n,64,16,16,3,1,1,1,1,91.54560089111328,11729.037917148378
16384,64,512,1,m,n,n,64,16,16,3,1,1,1,2,102.70719528198242,10454.397289810551
16384,64,512,1,m,n,n,64,16,16,3,1,1,1,4,176.90624237060547,6069.553055966168
16384,64,512,1,m,n,n,64,16,16,3,1,1,1,8,501.65760040283203,2140.3878325331525
16384,64,512,1,m,n,n,64,16,16,3,1,1,1,16,1086.4230346679688,988.3275572559594
16384,64,512,1,m,n,n,64,16,16,4,1,1,1,1,83.61984252929688,12840.753958892066
16384,64,512,1,m,n,n,64,16,16,4,1,1,1,2,95.52127838134766,11240.865304516994
16384,64,512,1,m,n,n,64,16,16,4,1,1,1,4,173.64992141723633,6183.370630039464
16384,64,512,1,m,n,n,64,16,16,4,1,1,1,8,501.55521392822266,2140.824767008927
16384,64,512,1,m,n,n,64,16,16,5,1,1,1,1,79.79008197784424,13457.083855336205
16384,64,512,1,m,n,n,64,16,16,5,1,1,1,2,93.12640190124512,11529.939974902476
16384,64,512,1,m,n,n,64,16,16,5,1,1,1,4,170.59839248657227,6293.9738666325
16384,64,512,1,m,n,n,64,16,16,5,1,1,1,8,490.7398223876953,2188.006301945719
16384,64,512,1,m,n,n,64,16,16,6,1,1,1,1,81.82271957397461,13122.783373501139
16384,64,512,1,m,n,n,64,16,16,6,1,1,1,2,92.93824195861816,11553.283141272415
16384,64,512,1,m,n,n,64,16,16,6,1,1,1,4,169.32863235473633,6341.171065213332
16384,64,512,1,m,n,n,64,16,32,3,1,1,1,1,81.53087615966797,13169.756962959795
16384,64,512,1,m,n,n,64,16,32,3,1,1,1,2,94.14655685424805,11405.003644076984
16384,64,512,1,m,n,n,64,16,32,3,1,1,1,4,170.0864028930664,6312.919820375431
16384,64,512,1,m,n,n,64,16,32,3,1,1,1,8,487.38304138183594,2203.075882483951
16384,64,512,1,m,n,n,64,16,32,4,1,1,1,1,84.97152328491211,12636.490232141785
16384,64,512,1,m,n,n,64,16,32,4,1,1,1,2,98.1606388092041,10938.618951808614
16384,64,512,1,m,n,n,64,16,32,4,1,1,1,4,168.4275245666504,6375.097103413743
16384,64,512,1,m,n,n,64,16,32,5,1,1,1,1,88.43263626098633,12141.918067794852
16384,64,512,1,m,n,n,64,16,32,5,1,1,1,2,100.82304000854492,10649.766401697456
16384,64,512,1,m,n,n,64,16,32,5,1,1,1,4,166.88703536987305,6433.943904751244
16384,64,512,1,m,n,n,64,16,32,6,1,1,1,1,89.04704093933105,12058.141547135234
16384,64,512,1,m,n,n,64,16,32,6,1,1,1,2,102.2771167755127,10498.358360616952
16384,64,512,1,m,n,n,64,16,64,3,1,1,1,1,89.92768287658691,11940.058830088612
16384,64,512,1,m,n,n,64,16,64,3,1,1,1,2,104.83712196350098,10242.000198878248
16384,64,512,1,m,n,n,64,16,64,3,1,1,1,4,168.23999404907227,6382.203173918389
16384,64,512,1,m,n,n,64,16,64,4,1,1,1,1,98.59071731567383,10890.90183370943
16384,64,512,1,m,n,n,64,16,64,4,1,1,1,2,122.01984405517578,8799.7311610599
16384,64,512,1,m,n,n,64,16,64,5,1,1,1,1,147.59936332702637,7274.704983794406
16384,64,512,1,m,n,n,64,16,64,5,1,1,1,2,189.66527938842773,5661.246103990467
16384,64,512,1,m,n,n,64,16,64,6,1,1,1,1,151.18335723876953,7102.248842802183
16384,64,512,1,m,n,n,64,16,128,3,1,1,1,1,147.74271965026855,7267.646260619302
16384,64,512,1,m,n,n,64,16,128,3,1,1,1,2,204.6771240234375,5246.027513446233
16384,64,512,1,m,n,n,64,16,128,4,1,1,1,1,156.0166358947754,6882.226487207299
16384,64,512,1,m,n,n,64,32,16,3,1,1,1,1,69.44575786590576,15461.589836391593
16384,64,512,1,m,n,n,64,32,16,3,1,1,1,2,91.85279846191406,11689.810675122952
16384,64,512,1,m,n,n,64,32,16,3,1,1,1,4,179.65055465698242,5976.835563074992
16384,64,512,1,m,n,n,64,32,16,3,1,1,1,8,511.5699386596679,2098.9150121159255
16384,64,512,1,m,n,n,64,32,16,3,1,1,1,16,1097.3004913330078,978.5303410332127
16384,64,512,1,m,n,n,64,32,16,3,2,2,1,1,66.49856090545654,16146.843020055405
16384,64,512,1,m,n,n,64,32,16,3,2,2,1,2,93.13920021057129,11528.355639434947
16384,64,512,1,m,n,n,64,32,16,3,2,2,1,4,178.11456680297852,6028.377371221523
16384,64,512,1,m,n,n,64,32,16,3,2,2,1,8,496.2303924560547,2163.796978829927
16384,64,512,1,m,n,n,64,32,16,3,2,2,1,16,1077.20703125,996.7831557449279
16384,64,512,1,m,n,n,64,32,16,4,1,1,1,1,67.29407787322998,15955.963109008459
16384,64,512,1,m,n,n,64,32,16,4,1,1,1,2,92.20095634460449,11645.669053440726
16384,64,512,1,m,n,n,64,32,16,4,1,1,1,4,178.33984375,6020.762390625342
16384,64,512,1,m,n,n,64,32,16,4,1,1,1,8,508.8665771484375,2110.0655303733715
16384,64,512,1,m,n,n,64,32,16,4,2,2,1,1,63.6518383026123,16868.98371882424
16384,64,512,1,m,n,n,64,32,16,4,2,2,1,2,92.1190357208252,11656.025441408969
16384,64,512,1,m,n,n,64,32,16,4,2,2,1,4,179.03680801391602,5997.324437981162
16384,64,512,1,m,n,n,64,32,16,4,2,2,1,8,489.9225616455078,2191.6562086743106
16384,64,512,1,m,n,n,64,32,16,5,1,1,1,1,71.20895862579346,15078.746336434515
16384,64,512,1,m,n,n,64,32,16,5,1,1,1,2,92.52863883972168,11604.426883010115
16384,64,512,1,m,n,n,64,32,16,5,1,1,1,4,176.0256004333496,6099.918542283639
16384,64,512,1,m,n,n,64,32,16,5,1,1,1,8,505.4873657226563,2124.1714369358256
16384,64,512,1,m,n,n,64,32,16,5,2,2,1,1,64.10240173339844,16750.41488251387
16384,64,512,1,m,n,n,64,32,16,5,2,2,1,2,91.52511596679688,11731.66308130686
16384,64,512,1,m,n,n,64,32,16,5,2,2,1,4,173.73184204101562,6180.454955093982
16384,64,512,1,m,n,n,64,32,16,5,2,2,1,8,487.54688262939453,2202.3355337833173
16384,64,512,1,m,n,n,64,32,16,6,1,1,1,1,74.36287879943848,14439.218079439228
16384,64,512,1,m,n,n,64,32,16,6,1,1,1,2,89.90719795227051,11942.779315289335
16384,64,512,1,m,n,n,64,32,16,6,1,1,1,4,174.1414451599121,6165.917728625687
16384,64,512,1,m,n,n,64,32,16,6,2,2,1,1,70.59455871582031,15209.979969169684
16384,64,512,1,m,n,n,64,32,16,6,2,2,1,2,89.0675163269043,12055.369547513237
16384,64,512,1,m,n,n,64,32,16,6,2,2,1,4,171.82720184326172,6248.962984216269
16384,64,512,1,m,n,n,64,32,32,3,1,1,1,1,71.99103832244873,14914.937317485232
16384,64,512,1,m,n,n,64,32,32,3,1,1,1,2,90.41919708251953,11875.153271047828
16384,64,512,1,m,n,n,64,32,32,3,1,1,1,4,174.1004753112793,6167.368710971213
16384,64,512,1,m,n,n,64,32,32,3,1,1,1,8,501.88545227050787,2139.416114060368
16384,64,512,1,m,n,n,64,32,32,3,2,2,1,1,71.80287837982178,14954.022014551238
16384,64,512,1,m,n,n,64,32,32,3,2,2,1,2,89.92768287658691,11940.058830088612
16384,64,512,1,m,n,n,64,32,32,3,2,2,1,4,173.28128814697266,6196.524942088844
16384,64,512,1,m,n,n,64,32,32,3,2,2,1,8,485.68321228027344,2210.7863661970164
16384,64,512,1,m,n,n,64,32,32,4,1,1,1,1,72.80640125274658,14747.904106295786
16384,64,512,1,m,n,n,64,32,32,4,1,1,1,2,92.30655670166016,11632.34619909388
16384,64,512,1,m,n,n,64,32,32,4,1,1,1,4,175.4297637939453,6120.63654865993
16384,64,512,1,m,n,n,64,32,32,4,2,2,1,1,68.06015968322754,15776.363573014192
16384,64,512,1,m,n,n,64,32,32,4,2,2,1,2,89.27231788635254,12027.713062933115
16384,64,512,1,m,n,n,64,32,32,4,2,2,1,4,171.39711380004883,6264.64355317338
16384,64,512,1,m,n,n,64,32,32,5,1,1,1,1,78.64319801330566,13653.333678245554
16384,64,512,1,m,n,n,64,32,32,5,1,1,1,2,93.43168258666992,11492.266801509928
16384,64,512,1,m,n,n,64,32,32,5,1,1,1,4,172.66687393188477,6218.574527639736
16384,64,512,1,m,n,n,64,32,32,5,2,2,1,1,67.48032093048096,15911.92527234987
16384,64,512,1,m,n,n,64,32,32,5,2,2,1,2,88.85824203491211,12083.761724411906
16384,64,512,1,m,n,n,64,32,32,5,2,2,1,4,169.77920532226562,6324.3423831669015
16384,64,512,1,m,n,n,64,32,32,6,1,1,1,1,91.4022445678711,11747.433874041122
16384,64,512,1,m,n,n,64,32,32,6,1,1,1,2,104.73471641540527,10252.014429878811
16384,64,512,1,m,n,n,64,32,32,6,2,2,1,1,69.20191764831543,15516.070370430522
16384,64,512,1,m,n,n,64,32,32,6,2,2,1,2,89.98720169067383,11932.161505487524
16384,64,512,1,m,n,n,64,32,64,3,1,1,1,1,89.72288131713867,11967.31322308634
16384,64,512,1,m,n,n,64,32,64,3,1,1,1,2,106.83903694152832,10050.088944433724
16384,64,512,1,m,n,n,64,32,64,3,1,1,1,4,171.04896545410156,6277.394435853064
16384,64,512,1,m,n,n,64,32,64,3,2,2,1,1,68.89472007751465,15585.255630502808
16384,64,512,1,m,n,n,64,32,64,3,2,2,1,2,90.39872169494629,11877.843003393125
16384,64,512,1,m,n,n,64,32,64,3,2,2,1,4,167.77215957641602,6400.000016158448
16384,64,512,1,m,n,n,64,32,64,4,1,1,1,1,89.90719795227051,11942.779315289335
16384,64,512,1,m,n,n,64,32,64,4,1,1,1,2,107.76576042175293,9963.663967087465
16384,64,512,1,m,n,n,64,32,64,4,2,2,1,1,69.38623905181885,15474.852631774882
16384,64,512,1,m,n,n,64,32,64,4,2,2,1,2,90.39872169494629,11877.843003393125
16384,64,512,1,m,n,n,64,32,64,5,1,1,1,1,128.75200271606445,8339.612599020402
16384,64,512,1,m,n,n,64,32,64,5,1,1,1,2,155.44320106506348,6907.615235937959
16384,64,512,1,m,n,n,64,32,64,5,2,2,1,1,76.65855884552002,14006.809417899072
16384,64,512,1,m,n,n,64,32,64,5,2,2,1,2,97.44383811950684,11019.083861240608
16384,64,512,1,m,n,n,64,32,64,6,1,1,1,1,130.66240310668945,8217.680055396351
16384,64,512,1,m,n,n,64,32,64,6,2,2,1,1,78.15167903900146,13739.203523242935
16384,64,512,1,m,n,n,64,32,128,3,1,1,1,1,135.84383964538574,7904.236414422288
16384,64,512,1,m,n,n,64,32,128,3,1,1,1,2,166.31807327270508,6455.953961416019
16384,64,512,1,m,n,n,64,32,128,3,2,2,1,1,78.70463848114014,13642.675256774084
16384,64,512,1,m,n,n,64,32,128,3,2,2,1,2,102.31807708740234,10494.15562298719
16384,64,512,1,m,n,n,64,32,128,4,1,1,1,1,138.13759803771973,7772.987508489941
16384,64,512,1,m,n,n,64,32,128,4,2,2,1,1,81.57183647155762,13163.143928657182
16384,64,512,1,m,n,n,64,64,16,3,1,1,1,1,65.59743881225586,16368.654682892711
16384,64,512,1,m,n,n,64,64,16,3,1,1,1,2,80.83456039428711,13283.202367435471
16384,64,512,1,m,n,n,64,64,16,3,1,1,1,4,178.85183334350586,6003.527075608743
16384,64,512,1,m,n,n,64,64,16,3,1,1,1,8,508.4793472290039,2111.6724402897307
16384,64,512,1,m,n,n,64,64,16,3,1,1,1,16,1095.8643341064453,979.8127291691779
16384,64,512,1,m,n,n,64,64,16,3,2,2,1,1,61.521921157836914,17452.99567686245
16384,64,512,1,m,n,n,64,64,16,3,2,2,1,2,84.0294361114502,12778.162911576264
16384,64,512,1,m,n,n,64,64,16,3,2,2,1,4,179.1187286376953,5994.581539107869
16384,64,512,1,m,n,n,64,64,16,3,2,2,1,8,500.7974243164063,2144.0641901576646
16384,64,512,1,m,n,n,64,64,16,3,2,2,1,16,1102.561264038086,973.8613708116901
16384,64,512,1,m,n,n,64,64,16,4,1,1,1,1,62.62784004211426,17144.80051168872
16384,64,512,1,m,n,n,64,64,16,4,1,1,1,2,87.49055862426758,12272.659369009589
16384,64,512,1,m,n,n,64,64,16,4,1,1,1,4,177.72544860839844,6041.576107459381
16384,64,512,1,m,n,n,64,64,16,4,1,1,1,8,508.4569549560547,2111.7654376323794
16384,64,512,1,m,n,n,64,64,16,4,2,2,1,1,60.047359466552734,17881.582696373018
16384,64,512,1,m,n,n,64,64,16,4,2,2,1,2,88.30975532531738,12158.813259583008
16384,64,512,1,m,n,n,64,64,16,4,2,2,1,4,178.2579231262207,6023.529306126303
16384,64,512,1,m,n,n,64,64,16,4,2,2,1,8,498.3193588256836,2154.7262914495846
16384,64,512,1,m,n,n,64,64,16,5,1,1,1,1,61.624321937561035,17423.994134782304
16384,64,512,1,m,n,n,64,64,16,5,1,1,1,2,90.09152412414551,11918.344532837418
16384,64,512,1,m,n,n,64,64,16,5,1,1,1,4,182.2719955444336,5890.876548494512
16384,64,512,1,m,n,n,64,64,16,5,1,1,1,8,507.3920059204101,2116.197755327718
16384,64,512,1,m,n,n,64,64,16,5,2,2,1,1,57.65120029449463,18624.795641983128
16384,64,512,1,m,n,n,64,64,16,5,2,2,1,2,87.96159744262695,12206.938655250655
16384,64,512,1,m,n,n,64,64,16,5,2,2,1,4,176.80383682250977,6073.068567385844
16384,64,512,1,m,n,n,64,64,16,5,2,2,1,8,494.47425842285156,2171.481741890365
16384,64,512,1,m,n,n,64,64,16,6,1,1,1,1,60.8460807800293,17646.85268525003
16384,64,512,1,m,n,n,64,64,16,6,1,1,1,2,91.38175964355469,11750.067280256548
16384,64,512,1,m,n,n,64,64,16,6,1,1,1,4,183.19488525390625,5861.199795571829
16384,64,512,1,m,n,n,64,64,16,6,2,2,1,1,58.49088191986084,18357.422366637395
16384,64,512,1,m,n,n,64,64,16,6,2,2,1,2,87.9206371307373,12212.625602375405
16384,64,512,1,m,n,n,64,64,16,6,2,2,1,4,177.13151931762695,6061.833761356714
16384,64,512,1,m,n,n,64,64,32,3,1,1,1,1,60.96896171569824,17611.286034473073
16384,64,512,1,m,n,n,64,64,32,3,1,1,1,2,89.84576225280762,11950.945677089476
16384,64,512,1,m,n,n,64,64,32,3,1,1,1,4,179.50719833374023,5981.608726373727
16384,64,512,1,m,n,n,64,64,32,3,1,1,1,8,508.91326904296875,2109.871935583864
16384,64,512,1,m,n,n,64,64,32,3,2,2,1,1,57.733120918273926,18598.367919863045
16384,64,512,1,m,n,n,64,64,32,3,2,2,1,2,88.0844783782959,12189.909547838919
16384,64,512,1,m,n,n,64,64,32,3,2,2,1,4,176.4352035522461,6085.7572773567435
16384,64,512,1,m,n,n,64,64,32,3,2,2,1,8,492.2572708129883,2181.261481880522
16384,64,512,1,m,n,n,64,64,32,4,1,1,1,1,78.25407981872559,13721.22484204411
16384,64,512,1,m,n,n,64,64,32,4,1,1,1,2,97.66912460327148,10993.666917375385
16384,64,512,1,m,n,n,64,64,32,4,1,1,1,4,182.1286392211914,5895.51335029722
16384,64,512,1,m,n,n,64,64,32,4,2,2,1,1,62.320637702941895,17229.31381283528
16384,64,512,1,m,n,n,64,64,32,4,2,2,1,2,89.74335670471191,11964.582821801494
16384,64,512,1,m,n,n,64,64,32,4,2,2,1,4,176.76288604736328,6074.4755192121775
16384,64,512,1,m,n,n,64,64,32,5,1,1,1,1,84.62335586547852,12688.480774821473
16384,64,512,1,m,n,n,64,64,32,5,1,1,1,2,101.53984069824219,10574.586454108827
16384,64,512,1,m,n,n,64,64,32,5,1,1,1,4,177.45920181274414,6050.640445982722
16384,64,512,1,m,n,n,64,64,32,5,2,2,1,1,66.19135856628418,16221.78252958432
16384,64,512,1,m,n,n,64,64,32,5,2,2,1,2,89.19039726257324,12038.760415417186
16384,64,512,1,m,n,n,64,64,32,5,2,2,1,4,171.31519317626953,6267.639221555826
16384,64,512,1,m,n,n,64,64,32,6,1,1,1,1,85.1148796081543,12615.20698781711
16384,64,512,1,m,n,n,64,64,32,6,1,1,1,2,103.34207534790039,10390.170899754583
16384,64,512,1,m,n,n,64,64,32,6,2,2,1,1,67.64544010162354,15873.085050328908
16384,64,512,1,m,n,n,64,64,32,6,2,2,1,2,89.0675163269043,12055.369547513237
16384,64,512,1,m,n,n,64,64,64,3,1,1,1,1,87.36703872680664,12290.010507939376
16384,64,512,1,m,n,n,64,64,64,3,1,1,1,2,106.08639717102051,10121.390231294543
16384,64,512,1,m,n,n,64,64,64,3,1,1,1,4,180.06208419799805,5963.175583479879
16384,64,512,1,m,n,n,64,64,64,3,2,2,1,1,65.24928092956543,16455.994743590676
16384,64,512,1,m,n,n,64,64,64,3,2,2,1,2,89.49760437011719,11997.436485110178
16384,64,512,1,m,n,n,64,64,64,3,2,2,1,4,172.89215087890625,6210.4717799019645
16384,64,512,1,m,n,n,64,64,64,4,1,1,1,1,129.92511749267578,8264.312895930456
16384,64,512,1,m,n,n,64,64,64,4,1,1,1,2,144.42496299743652,7434.599959143201
16384,64,512,1,m,n,n,64,64,64,4,2,2,1,1,72.11008071899414,14890.315102880912
16384,64,512,1,m,n,n,64,64,64,4,2,2,1,2,93.63455772399902,11467.366857918041
16384,64,512,1,m,n,n,64,64,64,5,1,1,1,1,130.8672046661377,8204.819738751814
16384,64,512,1,m,n,n,64,64,64,5,1,1,1,2,145.24415969848633,7392.667810044759
16384,64,512,1,m,n,n,64,64,64,5,2,2,1,1,72.66304016113281,14777.001094627205
16384,64,512,1,m,n,n,64,64,64,5,2,2,1,2,91.93471908569336,11679.39419055769
16384,64,512,1,m,n,n,64,64,64,6,1,1,1,1,131.9372844696045,8138.27439541828
16384,64,512,1,m,n,n,64,64,64,6,2,2,1,1,73.50272178649902,14608.191341796339
16384,64,512,1,m,n,n,64,64,128,3,1,1,1,1,137.8508758544922,7789.154891793236
16384,64,512,1,m,n,n,64,64,128,3,1,1,1,2,154.82879638671875,6935.026616871032
16384,64,512,1,m,n,n,64,64,128,3,2,2,1,1,73.85087966918945,14539.323415100287
16384,64,512,1,m,n,n,64,64,128,3,2,2,1,2,93.67551803588867,11462.35266709314
16384,64,512,1,m,n,n,128,16,16,3,1,1,1,1,80.4032039642334,13354.465631464685
16384,64,512,1,m,n,n,128,16,16,3,1,1,1,2,99.92192268371582,10745.808278717066
16384,64,512,1,m,n,n,128,16,16,3,1,1,1,4,178.33984375,6020.762390625342
16384,64,512,1,m,n,n,128,16,16,3,1,1,1,8,502.4563217163086,2136.9854007056247
16384,64,512,1,m,n,n,128,16,16,3,1,1,1,16,1066.9471740722656,1006.3683095966231
16384,64,512,1,m,n,n,128,16,16,4,1,1,1,1,81.73567771911621,13136.758071425094
16384,64,512,1,m,n,n,128,16,16,4,1,1,1,2,94.94527816772461,11309.059752325888
16384,64,512,1,m,n,n,128,16,16,4,1,1,1,4,175.80032348632812,6107.735200404817
16384,64,512,1,m,n,n,128,16,16,4,1,1,1,8,497.6639938354492,2157.563812733916
16384,64,512,1,m,n,n,128,16,16,5,1,1,1,1,81.7414379119873,13135.832344374956
16384,64,512,1,m,n,n,128,16,16,5,1,1,1,2,98.89792442321777,10857.07137194401
16384,64,512,1,m,n,n,128,16,16,5,1,1,1,4,176.1484718322754,6095.663577611918
16384,64,512,1,m,n,n,128,16,16,5,1,1,1,8,496.6195297241211,2162.101487624698
16384,64,512,1,m,n,n,128,16,16,6,1,1,1,1,88.14592361450195,12181.41213989555
16384,64,512,1,m,n,n,128,16,16,6,1,1,1,2,100.95040321350098,10636.330215830176
16384,64,512,1,m,n,n,128,16,16,6,1,1,1,4,174.73535537719727,6144.960312594653
16384,64,512,1,m,n,n,128,16,32,3,1,1,1,1,86.0159969329834,12483.04806414755
16384,64,512,1,m,n,n,128,16,32,3,1,1,1,2,101.3145637512207,10598.09946610033
16384,64,512,1,m,n,n,128,16,32,3,1,1,1,4,174.91968154907227,6138.484900561466
16384,64,512,1,m,n,n,128,16,32,3,1,1,1,8,492.2572708129883,2181.261481880522
16384,64,512,1,m,n,n,128,16,32,4,1,1,1,1,95.74399948120117,11214.716638308217
16384,64,512,1,m,n,n,128,16,32,4,1,1,1,2,113.07135581970215,9496.14353003898
16384,64,512,1,m,n,n,128,16,32,4,1,1,1,4,172.42111206054688,6227.438224751433
16384,64,512,1,m,n,n,128,16,32,5,1,1,1,1,97.0956802368164,11058.595206101274
16384,64,512,1,m,n,n,128,16,32,5,1,1,1,2,113.438720703125,9465.39080610789
16384,64,512,1,m,n,n,128,16,32,5,1,1,1,4,171.60192489624023,6257.166547806746
16384,64,512,1,m,n,n,128,16,32,6,1,1,1,1,141.5987205505371,7582.991003204565
16384,64,512,1,m,n,n,128,16,32,6,1,1,1,2,168.2841682434082,6380.5278607487735
16384,64,512,1,m,n,n,128,16,64,3,1,1,1,1,146.98495864868164,7305.113624356765
16384,64,512,1,m,n,n,128,16,64,3,1,1,1,2,173.03552627563477,6205.325849037477
16384,64,512,1,m,n,n,128,16,64,3,1,1,1,4,236.11391067504883,4547.558510763623
16384,64,512,1,m,n,n,128,16,64,4,1,1,1,1,157.45023727416992,6819.563073317451
16384,64,512,1,m,n,n,128,16,64,4,1,1,1,2,180.79744338989258,5938.921501696563
16384,64,512,1,m,n,n,128,16,64,5,1,1,1,1,161.9148826599121,6631.520255338724
16384,64,512,1,m,n,n,128,16,64,5,1,1,1,2,189.29664611816406,5672.27072438326
16384,64,512,1,m,n,n,128,32,16,3,1,1,1,1,62.074880599975586,17297.525401932427
16384,64,512,1,m,n,n,128,32,16,3,1,1,1,2,91.42271995544434,11744.802873107445
16384,64,512,1,m,n,n,128,32,16,3,1,1,1,4,183.17312240600586,5861.896166294725
16384,64,512,1,m,n,n,128,32,16,3,1,1,1,8,512.6144027709961,2094.638422556536
16384,64,512,1,m,n,n,128,32,16,3,1,1,1,16,1062.5843048095703,1010.5003613736129
16384,64,512,1,m,n,n,128,32,16,3,2,2,1,1,62.17728137969971,17269.03782497262
16384,64,512,1,m,n,n,128,32,16,3,2,2,1,2,88.33024024963379,12155.99347364451
16384,64,512,1,m,n,n,128,32,16,3,2,2,1,4,182.0262336730957,5898.83008802101
16384,64,512,1,m,n,n,128,32,16,3,2,2,1,8,499.3638229370117,2150.219488638124
16384,64,512,1,m,n,n,128,32,16,3,2,2,1,16,1063.2396697998047,1009.8775041023184
16384,64,512,1,m,n,n,128,32,16,4,1,1,1,1,60.190720558166504,17838.992689286188
16384,64,512,1,m,n,n,128,32,16,4,1,1,1,2,91.2179183959961,11771.172187230384
16384,64,512,1,m,n,n,128,32,16,4,1,1,1,4,182.7187156677246,5876.474230218472
16384,64,512,1,m,n,n,128,32,16,4,1,1,1,8,508.76415252685547,2110.4903296883163
16384,64,512,1,m,n,n,128,32,16,4,2,2,1,1,60.25216102600098,17820.801871930234
16384,64,512,1,m,n,n,128,32,16,4,2,2,1,2,88.82176399230957,12088.724381706352
16384,64,512,1,m,n,n,128,32,16,4,2,2,1,4,179.28192138671875,5989.124925116645
16384,64,512,1,m,n,n,128,32,16,4,2,2,1,8,495.65696716308594,2166.3002744531323
16384,64,512,1,m,n,n,128,32,16,5,1,1,1,1,80.56832313537598,13327.096583552213
16384,64,512,1,m,n,n,128,32,16,5,1,1,1,2,100.78207969665527,10654.094728267799
16384,64,512,1,m,n,n,128,32,16,5,1,1,1,4,183.66464614868164,5846.208546476475
16384,64,512,1,m,n,n,128,32,16,5,1,1,1,8,512.5120162963867,2095.0568764402456
16384,64,512,1,m,n,n,128,32,16,5,2,2,1,1,65.3926420211792,16419.918064363257
16384,64,512,1,m,n,n,128,32,16,5,2,2,1,2,91.93471908569336,11679.39419055769
16384,64,512,1,m,n,n,128,32,16,5,2,2,1,4,176.2508773803711,6092.121866053087
16384,64,512,1,m,n,n,128,32,16,5,2,2,1,8,490.1683044433594,2190.557435612556
16384,64,512,1,m,n,n,128,32,16,6,1,1,1,1,81.28512382507324,13209.573578441094
16384,64,512,1,m,n,n,128,32,16,6,1,1,1,2,101.94944381713867,10532.100851142592
16384,64,512,1,m,n,n,128,32,16,6,1,1,1,4,184.72959518432617,5812.505694762137
16384,64,512,1,m,n,n,128,32,16,6,2,2,1,1,65.29024124145508,16445.670954547546
16384,64,512,1,m,n,n,128,32,16,6,2,2,1,2,92.03712463378906,11666.399056602027
16384,64,512,1,m,n,n,128,32,16,6,2,2,1,4,177.39776611328125,6052.735880080578
16384,64,512,1,m,n,n,128,32,32,3,1,1,1,1,110.5510425567627,9712.63408437496
16384,64,512,1,m,n,n,128,32,32,3,1,1,1,2,103.87455940246582,10336.908576812804
16384,64,512,1,m,n,n,128,32,32,3,1,1,1,4,184.71040725708008,5813.109504466445
16384,64,512,1,m,n,n,128,32,32,3,1,1,1,8,513.515510559082,2090.9627887013194
16384,64,512,1,m,n,n,128,32,32,3,2,2,1,1,63.95904064178466,16787.960126132988
16384,64,512,1,m,n,n,128,32,32,3,2,2,1,2,91.66848182678223,11713.315226807776
16384,64,512,1,m,n,n,128,32,32,3,2,2,1,4,176.3737678527832,6087.877109345635
16384,64,512,1,m,n,n,128,32,32,3,2,2,1,8,489.63584899902344,2192.939561502862
16384,64,512,1,m,n,n,128,32,32,4,1,1,1,1,116.46976470947266,9219.06064357895
16384,64,512,1,m,n,n,128,32,32,4,1,1,1,2,111.32927894592285,9644.738869831
16384,64,512,1,m,n,n,128,32,32,4,1,1,1,4,180.6540870666504,5943.634276061823
16384,64,512,1,m,n,n,128,32,32,4,2,2,1,1,69.55008029937744,15438.398048975527
16384,64,512,1,m,n,n,128,32,32,4,2,2,1,2,91.38175964355469,11750.067280256548
16384,64,512,1,m,n,n,128,32,32,4,2,2,1,4,174.73535537719727,6144.960312594653
16384,64,512,1,m,n,n,128,32,32,5,1,1,1,1,193.10592651367188,5560.377371038269
16384,64,512,1,m,n,n,128,32,32,5,1,1,1,2,155.15647888183594,6920.3801977082785
16384,64,512,1,m,n,n,128,32,32,5,1,1,1,4,195.58399200439453,5489.926926002586
16384,64,512,1,m,n,n,128,32,32,5,2,2,1,1,74.81023788452148,14352.872739924293
16384,64,512,1,m,n,n,128,32,32,5,2,2,1,2,95.1910400390625,11279.862301739537
16384,64,512,1,m,n,n,128,32,32,5,2,2,1,4,169.65631484985352,6328.92341761794
16384,64,512,1,m,n,n,128,32,32,6,1,1,1,1,194.4166374206543,5522.890624205028
16384,64,512,1,m,n,n,128,32,32,6,1,1,1,2,157.4944019317627,6817.650728088851
16384,64,512,1,m,n,n,128,32,32,6,2,2,1,1,75.24352073669434,14270.223050266753
16384,64,512,1,m,n,n,128,32,32,6,2,2,1,2,93.98271560668945,11424.88613005745
16384,64,512,1,m,n,n,128,32,64,3,1,1,1,1,142.35648155212402,7542.626877911758
16384,64,512,1,m,n,n,128,32,64,3,1,1,1,2,156.16191864013672,6875.823717780751
16384,64,512,1,m,n,n,128,32,64,3,1,1,1,4,205.82399368286133,5216.796180014114
16384,64,512,1,m,n,n,128,32,64,3,2,2,1,1,75.75551986694336,14173.77672129919
16384,64,512,1,m,n,n,128,32,64,3,2,2,1,2,95.85087776184082,11202.211696672299
16384,64,512,1,m,n,n,128,32,64,3,2,2,1,4,171.43808364868164,6263.146444172569
16384,64,512,1,m,n,n,128,32,64,4,1,1,1,1,143.85151863098145,7464.236973086408
16384,64,512,1,m,n,n,128,32,64,4,1,1,1,2,162.2220802307129,6618.962242827364
16384,64,512,1,m,n,n,128,32,64,4,2,2,1,1,76.39039993286133,14055.978564632464
16384,64,512,1,m,n,n,128,32,64,4,2,2,1,2,96.60415649414062,11114.861543924628
16384,64,512,1,m,n,n,128,64,16,3,1,1,1,1,94.61759567260742,11348.225627243
16384,64,512,1,m,n,n,128,64,16,3,1,1,1,2,105.96351623535156,10133.127534340712
16384,64,512,1,m,n,n,128,64,16,3,1,1,1,4,195.35871505737305,5496.257608393171
16384,64,512,1,m,n,n,128,64,16,3,1,1,1,8,522.9363250732422,2053.293627765507
16384,64,512,1,m,n,n,128,64,16,3,1,1,1,16,1132.8511810302734,947.8224871721311
16384,64,512,1,m,n,n,128,64,16,3,2,2,1,1,60.887041091918945,17634.981183910895
16384,64,512,1,m,n,n,128,64,16,3,2,2,1,2,83.90656471252441,12796.875044030096
16384,64,512,1,m,n,n,128,64,16,3,2,2,1,4,168.0588722229004,6389.081455788132
16384,64,512,1,m,n,n,128,64,16,3,2,2,1,8,478.3513641357422,2244.671813448207
16384,64,512,1,m,n,n,128,64,16,3,2,2,1,16,1060.126724243164,1012.8428983493044
16384,64,512,1,m,n,n,128,64,16,4,1,1,1,1,94.90431785583496,11313.940695839306
16384,64,512,1,m,n,n,128,64,16,4,1,1,1,2,106.02496147155762,10127.25502652546
16384,64,512,1,m,n,n,128,64,16,4,1,1,1,4,197.18143463134766,5445.450916854715
16384,64,512,1,m,n,n,128,64,16,4,1,1,1,8,503.4598541259766,2132.7258076297903
16384,64,512,1,m,n,n,128,64,16,4,2,2,1,1,59.57632064819336,18022.963021509808
16384,64,512,1,m,n,n,128,64,16,4,2,2,1,2,84.27328109741211,12741.189259723422
16384,64,512,1,m,n,n,128,64,16,4,2,2,1,4,169.04191970825195,6351.926349707588
16384,64,512,1,m,n,n,128,64,16,4,2,2,1,8,481.42337799072266,2230.3483235097315
16384,64,512,1,m,n,n,128,64,16,5,1,1,1,1,95.51424026489258,11241.693605290258
16384,64,512,1,m,n,n,128,64,16,5,1,1,1,2,128.6963176727295,8343.221029295417
16384,64,512,1,m,n,n,128,64,16,5,1,1,1,4,204.5952033996582,5248.128040922556
16384,64,512,1,m,n,n,128,64,16,5,1,1,1,8,510.8940887451172,2101.6916179973364
16384,64,512,1,m,n,n,128,64,16,5,2,2,1,1,58.02112102508545,18506.05098677372
16384,64,512,1,m,n,n,128,64,16,5,2,2,1,2,87.55200386047363,12264.046242861075
16384,64,512,1,m,n,n,128,64,16,5,2,2,1,4,175.14240264892578,6130.678851952964
16384,64,512,1,m,n,n,128,64,16,5,2,2,1,8,484.3315124511719,2216.956354059762
16384,64,512,1,m,n,n,128,64,16,6,1,1,1,1,96.56319618225098,11119.576261471775
16384,64,512,1,m,n,n,128,64,16,6,1,1,1,2,125.11232376098633,8582.222691757119
16384,64,512,1,m,n,n,128,64,16,6,1,1,1,4,214.13888931274414,5014.230845438956
16384,64,512,1,m,n,n,128,64,16,6,2,2,1,1,57.36447811126709,18717.887085407023
16384,64,512,1,m,n,n,128,64,16,6,2,2,1,2,86.69183731079102,12385.731544143262
16384,64,512,1,m,n,n,128,64,16,6,2,2,1,4,175.53407669067383,6116.999298615665
16384,64,512,1,m,n,n,128,64,32,3,1,1,1,1,149.93408203125,7161.425937674435
16384,64,512,1,m,n,n,128,64,32,3,1,1,1,2,183.48031997680664,5852.081706287244
16384,64,512,1,m,n,n,128,64,32,3,1,1,1,4,257.0240020751953,4177.5935917683855
16384,64,512,1,m,n,n,128,64,32,3,1,1,1,8,572.1702575683594,1876.6124414841959
16384,64,512,1,m,n,n,128,64,32,3,2,2,1,1,57.338881492614746,18726.242927119154
16384,64,512,1,m,n,n,128,64,32,3,2,2,1,2,86.71232223510742,12382.805538164583
16384,64,512,1,m,n,n,128,64,32,3,2,2,1,4,172.50303268432617,6224.48085283756
16384,64,512,1,m,n,n,128,64,32,3,2,2,1,8,485.49888610839844,2211.625720929591
16384,64,512,1,m,n,n,128,64,32,4,1,1,1,1,149.6063995361328,7177.111589672812
16384,64,512,1,m,n,n,128,64,32,4,1,1,1,2,185.30303955078125,5794.5181395999025
16384,64,512,1,m,n,n,128,64,32,4,1,1,1,4,257.761287689209,4165.644242492476
16384,64,512,1,m,n,n,128,64,32,4,2,2,1,1,57.528319358825684,18664.578349711035
16384,64,512,1,m,n,n,128,64,32,4,2,2,1,2,86.73279762268066,12379.882275574333
16384,64,512,1,m,n,n,128,64,32,4,2,2,1,4,174.1619110107422,6165.193168635894
16384,64,512,1,m,n,n,128,64,32,5,1,1,1,1,184.75200653076172,5811.800608624075
16384,64,512,1,m,n,n,128,64,32,5,1,1,1,2,201.74848556518555,5322.180342479303
16384,64,512,1,m,n,n,128,64,32,5,1,1,1,4,279.2857551574707,3844.5993186963237
16384,64,512,1,m,n,n,128,64,32,5,2,2,1,1,68.91520023345947,15580.624018540986
16384,64,512,1,m,n,n,128,64,32,5,2,2,1,2,91.95520401000977,11676.792363846185
16384,64,512,1,m,n,n,128,64,32,5,2,2,1,4,177.41823196411133,6052.037674556467
16384,64,512,1,m,n,n,128,64,32,6,1,1,1,1,226.9388771057129,4731.414192641081
16384,64,512,1,m,n,n,128,64,32,6,1,1,1,2,254.9350357055664,4211.825263751127
16384,64,512,1,m,n,n,128,64,32,6,2,2,1,1,69.89823818206787,15361.500546024698
16384,64,512,1,m,n,n,128,64,32,6,2,2,1,2,93.16351890563965,11525.346365324991
16384,64,512,1,m,n,n,128,64,64,3,1,1,1,1,218.39872360229492,4916.4290261846445
16384,64,512,1,m,n,n,128,64,64,3,1,1,1,2,247.82848358154297,4332.6005489062645
16384,64,512,1,m,n,n,128,64,64,3,1,1,1,4,294.3180847167969,3648.2359724282383
16384,64,512,1,m,n,n,128,64,64,3,2,2,1,1,69.55008029937744,15438.398048975527
16384,64,512,1,m,n,n,128,64,64,3,2,2,1,2,94.67904090881348,11340.86080396752
16384,64,512,1,m,n,n,128,64,64,3,2,2,1,4,178.62655639648438,6011.098493197694
16384,64,512,1,m,n,n,128,64,64,4,1,1,1,1,225.17759323120117,4768.422153342474
16384,64,512,1,m,n,n,128,64,64,4,1,1,1,2,247.4393653869629,4339.413909831234
16384,64,512,1,m,n,n,128,64,64,4,2,2,1,1,70.88128089904785,15148.454011846497
16384,64,512,1,m,n,n,128,64,64,4,2,2,1,2,95.1091194152832,11289.57801944972
16384,64,512,1,m,n,n,256,16,16,3,1,1,1,1,88.69888305664062,12105.471760161156
16384,64,512,1,m,n,n,256,16,16,3,1,1,1,2,118.25152397155762,9080.152102380187
16384,64,512,1,m,n,n,256,16,16,3,1,1,1,4,189.62432861328125,5662.468691924984
16384,64,512,1,m,n,n,256,16,16,3,1,1,1,8,513.2083129882812,2092.214402662098
16384,64,512,1,m,n,n,256,16,16,3,1,1,1,16,1051.8118286132812,1020.8497326138948
16384,64,512,1,m,n,n,256,16,16,4,1,1,1,1,90.99264144897461,11800.314914499055
16384,64,512,1,m,n,n,256,16,16,4,1,1,1,2,130.6214427947998,8220.256958015678
16384,64,512,1,m,n,n,256,16,16,4,1,1,1,4,188.19072723388672,5705.604307833589
16384,64,512,1,m,n,n,256,16,16,4,1,1,1,8,506.3475036621093,2120.563084115684
16384,64,512,1,m,n,n,256,16,16,5,1,1,1,1,91.83232307434082,11692.41709295295
16384,64,512,1,m,n,n,256,16,16,5,1,1,1,2,132.64896392822266,8094.611463237736
16384,64,512,1,m,n,n,256,16,16,5,1,1,1,4,188.94847869873047,5682.722779218728
16384,64,512,1,m,n,n,256,16,16,5,1,1,1,8,507.41760253906256,2116.0910039918062
16384,64,512,1,m,n,n,256,16,16,6,1,1,1,1,145.48992156982422,7380.180100548647
16384,64,512,1,m,n,n,256,16,16,6,1,1,1,2,189.8700714111328,5655.139938695164
16384,64,512,1,m,n,n,256,16,16,6,1,1,1,4,222.9862403869629,4815.28287187884
16384,64,512,1,m,n,n,256,16,32,3,1,1,1,1,172.6464080810547,6219.311689913036
16384,64,512,1,m,n,n,256,16,32,3,1,1,1,2,178.62655639648438,6011.098493197694
16384,64,512,1,m,n,n,256,16,32,3,1,1,1,4,229.53983306884766,4677.801711557159
16384,64,512,1,m,n,n,256,16,32,3,1,1,1,8,509.50145721435547,2107.436217887517
16384,64,512,1,m,n,n,256,16,32,4,1,1,1,1,174.2848014831543,6160.84601102629
16384,64,512,1,m,n,n,256,16,32,4,1,1,1,2,185.48416137695312,5788.8599006460245
16384,64,512,1,m,n,n,256,16,32,4,1,1,1,4,250.65471649169925,4283.748732234841
16384,64,512,1,m,n,n,256,16,32,5,1,1,1,1,176.89151763916016,6070.058295222041
16384,64,512,1,m,n,n,256,16,32,5,1,1,1,2,211.61920547485352,5073.933727284462
16384,64,512,1,m,n,n,256,16,32,5,1,1,1,4,260.5465507507324,4121.113178839431
16384,64,512,1,m,n,n,256,32,16,3,1,1,1,1,113.5814380645752,9453.497352177726
16384,64,512,1,m,n,n,256,32,16,3,1,1,1,2,186.83904647827148,5746.881309014126
16384,64,512,1,m,n,n,256,32,16,3,1,1,1,4,260.5491256713867,4121.07245124376
16384,64,512,1,m,n,n,256,32,16,3,1,1,1,8,579.051513671875,1854.311401745935
16384,64,512,1,m,n,n,256,32,16,3,1,1,1,16,1176.9241333007812,912.3288354947757
16384,64,512,1,m,n,n,256,32,16,3,2,2,1,1,61.95199966430664,17331.834804658156
16384,64,512,1,m,n,n,256,32,16,3,2,2,1,2,90.9721565246582,11802.972085299089
16384,64,512,1,m,n,n,256,32,16,3,2,2,1,4,177.62304306030273,6045.059275532547
16384,64,512,1,m,n,n,256,32,16,3,2,2,1,8,487.5059127807617,2202.5206173917254
16384,64,512,1,m,n,n,256,32,16,3,2,2,1,16,1057.4451446533203,1015.4113709151527
16384,64,512,1,m,n,n,256,32,16,4,1,1,1,1,113.80736351013184,9434.730678954784
16384,64,512,1,m,n,n,256,32,16,4,1,1,1,2,125.58336257934572,8550.032440177667
16384,64,512,1,m,n,n,256,32,16,4,1,1,1,4,212.80767440795898,5045.597283966382
16384,64,512,1,m,n,n,256,32,16,4,1,1,1,8,525.2915191650391,2044.0874920401022
16384,64,512,1,m,n,n,256,32,16,4,2,2,1,1,61.41952037811279,17482.09392371996
16384,64,512,1,m,n,n,256,32,16,4,2,2,1,2,89.61728096008301,11981.414884460308
16384,64,512,1,m,n,n,256,32,16,4,2,2,1,4,174.75584030151367,6144.239998774448
16384,64,512,1,m,n,n,256,32,16,4,2,2,1,8,484.3724822998047,2216.768836457977
16384,64,512,1,m,n,n,256,32,16,5,1,1,1,1,114.3398380279541,9390.793642172983
16384,64,512,1,m,n,n,256,32,16,5,1,1,1,2,127.5494384765625,8418.240306070045
16384,64,512,1,m,n,n,256,32,16,5,1,1,1,4,215.59295654296875,4980.412353063111
16384,64,512,1,m,n,n,256,32,16,5,1,1,1,8,523.5712051391602,2050.803813236081
16384,64,512,1,m,n,n,256,32,16,5,2,2,1,1,61.11231803894043,17569.973754158986
16384,64,512,1,m,n,n,256,32,16,5,2,2,1,2,88.63743782043457,12113.863514142084
16384,64,512,1,m,n,n,256,32,16,5,2,2,1,4,176.49663925170898,6083.6389211280875
16384,64,512,1,m,n,n,256,32,16,5,2,2,1,8,484.7001647949219,2215.27018554719
16384,64,512,1,m,n,n,256,32,16,6,1,1,1,1,151.09951972961426,7106.189522782153
16384,64,512,1,m,n,n,256,32,16,6,1,1,1,2,181.9443130493164,5901.486042649544
16384,64,512,1,m,n,n,256,32,16,6,1,1,1,4,223.92831802368164,4795.024735935568
16384,64,512,1,m,n,n,256,32,16,6,2,2,1,1,72.02816009521484,14907.250477877104
16384,64,512,1,m,n,n,256,32,16,6,2,2,1,2,96.50176048278809,11126.65529238206
16384,64,512,1,m,n,n,256,32,16,6,2,2,1,4,173.64992141723633,6183.370630039464
16384,64,512,1,m,n,n,256,32,32,3,1,1,1,1,174.4691276550293,6154.337093511845
16384,64,512,1,m,n,n,256,32,32,3,1,1,1,2,207.87200927734375,5165.398784246171
16384,64,512,1,m,n,n,256,32,32,3,1,1,1,4,291.6134452819824,3682.072419403434
16384,64,512,1,m,n,n,256,32,32,3,1,1,1,8,582.5945663452148,1843.0343948037394
16384,64,512,1,m,n,n,256,32,32,3,2,2,1,1,70.04159927368164,15330.05863850202
16384,64,512,1,m,n,n,256,32,32,3,2,2,1,2,97.50528335571289,11012.139927667713
16384,64,512,1,m,n,n,256,32,32,3,2,2,1,4,178.97472381591797,5999.404838330035
16384,64,512,1,m,n,n,256,32,32,3,2,2,1,8,487.0579147338867,2204.546505699757
16384,64,512,1,m,n,n,256,32,32,4,1,1,1,1,241.83231353759766,4440.026265692015
16384,64,512,1,m,n,n,256,32,32,4,1,1,1,2,269.9468803405762,3977.60412213441
16384,64,512,1,m,n,n,256,32,32,4,1,1,1,4,325.7081604003906,3296.637771310541
16384,64,512,1,m,n,n,256,32,32,4,2,2,1,1,70.61503887176514,15205.568688418967
16384,64,512,1,m,n,n,256,32,32,4,2,2,1,2,97.46432304382324,11016.76788456438
16384,64,512,1,m,n,n,256,32,32,4,2,2,1,4,174.94016647338867,6137.766103951514
16384,64,512,1,m,n,n,256,32,32,5,1,1,1,1,243.2204818725586,4414.685045162494
16384,64,512,1,m,n,n,256,32,32,5,1,1,1,2,271.5238380432129,3954.502970119016
16384,64,512,1,m,n,n,256,32,32,5,1,1,1,4,319.7952079772949,3357.5919751625374
16384,64,512,1,m,n,n,256,32,32,5,2,2,1,1,71.12703800201416,15096.113294772575
16384,64,512,1,m,n,n,256,32,32,5,2,2,1,2,95.96927642822266,11188.39136817993
16384,64,512,1,m,n,n,256,32,32,5,2,2,1,4,175.8412742614746,6106.3128011877025
16384,64,512,1,m,n,n,256,64,16,3,1,1,1,1,249.0777587890625,4310.86994366817
16384,64,512,1,m,n,n,256,64,16,3,1,1,1,2,317.521915435791,3381.6305955647686
16384,64,512,1,m,n,n,256,64,16,3,1,1,1,4,467.59937286376953,2296.285851334587
16384,64,512,1,m,n,n,256,64,16,3,1,1,1,8,761.89697265625,1409.3005518272969
16384,64,512,1,m,n,n,256,64,16,3,1,1,1,16,1374.0237426757812,781.4579840585502
16384,64,512,1,m,n,n,256,64,16,3,2,2,1,1,56.11519813537598,19134.59917596005
16384,64,512,1,m,n,n,256,64,16,3,2,2,1,2,89.49760437011719,11997.436485110178
16384,64,512,1,m,n,n,256,64,16,3,2,2,1,4,162.3040008544922,6615.621416274419
16384,64,512,1,m,n,n,256,64,16,3,2,2,1,8,414.41280364990234,2590.995776537594
16384,64,512,1,m,n,n,256,64,16,3,2,2,1,16,982.9209899902344,1092.3989160213864
16384,64,512,1,m,n,n,256,64,16,4,1,1,1,1,247.2755241394043,4342.289143808129
16384,64,512,1,m,n,n,256,64,16,4,1,1,1,2,298.9107131958008,3592.182469875705
16384,64,512,1,m,n,n,256,64,16,4,1,1,1,4,403.57887268066406,2660.550134520073
16384,64,512,1,m,n,n,256,64,16,4,1,1,1,8,732.7513885498047,1465.3562460318947
16384,64,512,1,m,n,n,256,64,16,4,2,2,1,1,55.355520248413086,19397.19506169363
16384,64,512,1,m,n,n,256,64,16,4,2,2,1,2,87.65439987182617,12249.719644080542
16384,64,512,1,m,n,n,256,64,16,4,2,2,1,4,163.32799911499023,6574.144236249644
16384,64,512,1,m,n,n,256,64,16,4,2,2,1,8,429.21985626220703,2501.612654527473
16384,64,512,1,m,n,n,256,64,16,5,1,1,1,1,150.65152168273926,7127.321463511131
16384,64,512,1,m,n,n,256,64,16,5,1,1,1,2,216.6579246520996,4955.931456115305
16384,64,512,1,m,n,n,256,64,16,5,1,1,1,4,325.47393798828125,3299.010146977299
16384,64,512,1,m,n,n,256,64,16,5,1,1,1,8,643.5635375976562,1668.431726272353
16384,64,512,1,m,n,n,256,64,16,5,2,2,1,1,55.74656009674072,19261.13148751536
16384,64,512,1,m,n,n,256,64,16,5,2,2,1,2,90.80831527709961,11824.267642489569
16384,64,512,1,m,n,n,256,64,16,5,2,2,1,4,173.15839767456055,6200.92261432232
16384,64,512,1,m,n,n,256,64,16,5,2,2,1,8,488.95999908447266,2195.9706847400016
16384,64,512,1,m,n,n,256,64,16,6,1,1,1,1,151.71584129333496,7077.321753922678
16384,64,512,1,m,n,n,256,64,16,6,1,1,1,2,217.92768478393555,4927.055619686695
16384,64,512,1,m,n,n,256,64,16,6,1,1,1,4,325.6729507446289,3296.9941824918615
16384,64,512,1,m,n,n,256,64,16,6,2,2,1,1,56.38144016265869,19044.242589445897
16384,64,512,1,m,n,n,256,64,16,6,2,2,1,2,91.42271995544434,11744.802873107445
16384,64,512,1,m,n,n,256,64,16,6,2,2,1,4,180.42879104614258,5951.05591393894
16384,64,512,1,m,n,n,256,64,32,3,1,1,1,1,297.16480255126953,3613.2873569868643
16384,64,512,1,m,n,n,256,64,32,3,1,1,1,2,314.98239517211914,3408.8947206502257
16384,64,512,1,m,n,n,256,64,32,3,1,1,1,4,402.51392364501953,2667.5892706433233
16384,64,512,1,m,n,n,256,64,32,3,1,1,1,8,718.1683349609375,1495.111621787673
16384,64,512,1,m,n,n,256,64,32,3,2,2,1,1,56.299519538879395,19071.95359382231
16384,64,512,1,m,n,n,256,64,32,3,2,2,1,2,90.80831527709961,11824.267642489569
16384,64,512,1,m,n,n,256,64,32,3,2,2,1,4,179.34335708618164,5987.073295856864
16384,64,512,1,m,n,n,256,64,32,3,2,2,1,8,489.2262268066406,2194.7756787462267
16384,64,512,1,m,n,n,256,64,32,4,1,1,1,1,306.95423126220703,3498.0518743290636
16384,64,512,1,m,n,n,256,64,32,4,1,1,1,2,366.5100860595703,2929.637859476207
16384,64,512,1,m,n,n,256,64,32,4,1,1,1,4,440.07423400878906,2439.910681020592
16384,64,512,1,m,n,n,256,64,32,4,2,2,1,1,57.09824085235596,18805.164712105063
16384,64,512,1,m,n,n,256,64,32,4,2,2,1,2,91.68895721435547,11710.699484669103
16384,64,512,1,m,n,n,256,64,32,4,2,2,1,4,182.6201629638672,5879.645525299679
